{
"type": "FeatureCollection",
"name": "mapa_base",
"crs": { "type": "name", "properties": { "name": "urn:ogc:def:crs:OGC:1.3:CRS84" } },
"features": [
{ "type": "Feature", "properties": { "cve_loc": "020010247", "nom_loc": "El Sauzal de Rodríguez", "consultorios_faltantes": 0.5 }, "geometry": { "type": "Polygon", "coordinates": [ [ [ -116.688698985655464, 31.903802260972988 ], [ -116.685499217981615, 31.900045572556063 ], [ -116.689126067391314, 31.90250712194528 ], [ -116.694747726926323, 31.897430442997756 ], [ -116.693009595958856, 31.897677843087767 ], [ -116.69096661696031, 31.894231863633298 ], [ -116.689953276920733, 31.89517657318595 ], [ -116.687690308587378, 31.893247213113241 ], [ -116.691731336696876, 31.889661034039566 ], [ -116.69963373626571, 31.896270723340134 ], [ -116.695792519394288, 31.902412542575171 ], [ -116.688698985655464, 31.903802260972988 ] ] ] } },
{ "type": "Feature", "properties": { "cve_loc": "020012183", "nom_loc": "Rancho Cañón Buena Vista (El Zorrillo)", "consultorios_faltantes": 0.2 }, "geometry": { "type": "Polygon", "coordinates": [ [ [ -116.508879573377726, 31.675341141517372 ], [ -116.510222013183295, 31.668121232337626 ], [ -116.518631941914606, 31.666938312315089 ], [ -116.519290311550918, 31.671326632148947 ], [ -116.508879573377726, 31.675341141517372 ] ] ] } },
{ "type": "Feature", "properties": { "cve_loc": "020020225", "nom_loc": "Michoacán de Ocampo", "consultorios_faltantes": 0.2 }, "geometry": { "type": "Polygon", "coordinates": [ [ [ -115.312704729837208, 32.475642259403664 ], [ -115.299855537332107, 32.463087354253076 ], [ -115.30922976543782, 32.457531015886218 ], [ -115.307425127483199, 32.45675933677299 ], [ -115.3100826864314, 32.45678523692721 ], [ -115.317914822598411, 32.464925665457436 ], [ -115.317924683223737, 32.466612755517936 ], [ -115.311172997139906, 32.471773561206788 ], [ -115.311615315967472, 32.472779786439496 ], [ -115.316633002850153, 32.472782303483555 ], [ -115.317244201493963, 32.475592603519068 ], [ -115.312704729837208, 32.475642259403664 ] ] ] } },
{ "type": "Feature", "properties": { "cve_loc": "020030001", "nom_loc": "Tecate", "consultorios_faltantes": 0.2 }, "geometry": { "type": "Polygon", "coordinates": [ [ [ -116.608075525550476, 32.572205635561616 ], [ -116.607514586848694, 32.570337426359615 ], [ -116.60365998695498, 32.570736885996865 ], [ -116.605963356550902, 32.566349407167024 ], [ -116.599324268382915, 32.564882096854824 ], [ -116.600659648225374, 32.561368486944815 ], [ -116.605987617278899, 32.562890516822733 ], [ -116.610112075688889, 32.566957286199546 ], [ -116.610255986096874, 32.569929207137513 ], [ -116.608075525550476, 32.572205635561616 ] ] ] } },
{ "type": "Feature", "properties": { "cve_loc": "020041041", "nom_loc": "Margarita Residencial [Fraccionamiento]", "consultorios_faltantes": 0.1 }, "geometry": { "type": "Polygon", "coordinates": [ [ [ -116.779468368524562, 32.518158361244247 ], [ -116.778547468568163, 32.518753511369702 ], [ -116.780389775556628, 32.52090540024961 ], [ -116.778469226479146, 32.522052468228068 ], [ -116.776029893824429, 32.519236808115359 ], [ -116.779468368524562, 32.518158361244247 ] ] ] } },
{ "type": "Feature", "properties": { "cve_loc": "020041421", "nom_loc": "Parajes del Valle", "consultorios_faltantes": 0.7 }, "geometry": { "type": "Polygon", "coordinates": [ [ [ -116.742722333585135, 32.517246572380614 ], [ -116.73757387676288, 32.513978309894092 ], [ -116.73813073752504, 32.512189009666827 ], [ -116.742211890284153, 32.512253067496282 ], [ -116.746042952722519, 32.514754375462829 ], [ -116.745653576561992, 32.516158270329683 ], [ -116.742892026292381, 32.515700370260106 ], [ -116.742722333585135, 32.517246572380614 ] ] ] } },
{ "type": "Feature", "properties": { "cve_loc": "020041615", "nom_loc": "El Niño", "consultorios_faltantes": 0.1 }, "geometry": { "type": "Polygon", "coordinates": [ [ [ -116.788897608369425, 32.513986441172101 ], [ -116.787319305414314, 32.510435672176051 ], [ -116.790066279236711, 32.508563702069516 ], [ -116.78854117986468, 32.506575390411648 ], [ -116.793629248202819, 32.506357762637428 ], [ -116.794036387666651, 32.512197112001672 ], [ -116.788897608369425, 32.513986441172101 ] ] ] } },
{ "type": "Feature", "properties": { "cve_loc": "020041883", "nom_loc": "Villa del Campo", "consultorios_faltantes": 1.9 }, "geometry": { "type": "Polygon", "coordinates": [ [ [ -116.740474737830141, 32.510412879637535 ], [ -116.738139278604891, 32.505702020359664 ], [ -116.742125517005221, 32.504182070142399 ], [ -116.743887056663382, 32.506605790667926 ], [ -116.745286317367729, 32.506352730432411 ], [ -116.74589065108043, 32.509034899694349 ], [ -116.740474737830141, 32.510412879637535 ] ] ] } },
{ "type": "Feature", "properties": { "cve_loc": "020041931", "nom_loc": "Palma Real", "consultorios_faltantes": 0.3 }, "geometry": { "type": "Polygon", "coordinates": [ [ [ -116.958457063208471, 32.389739011582222 ], [ -116.960941541789865, 32.388714328953291 ], [ -116.962724412040913, 32.392667555419742 ], [ -116.960177718886342, 32.393505060378381 ], [ -116.958457063208471, 32.389739011582222 ] ] ] } },
{ "type": "Feature", "properties": { "cve_loc": "020041934", "nom_loc": "Lomas de San Pedro", "consultorios_faltantes": 0.1 }, "geometry": { "type": "Polygon", "coordinates": [ [ [ -116.677590404265473, 32.455552890726544 ], [ -116.675663214152621, 32.455513953595805 ], [ -116.675798064619471, 32.452042952135187 ], [ -116.678891121909757, 32.451072719494363 ], [ -116.680453581446258, 32.452255943900134 ], [ -116.677740261944805, 32.453613843183703 ], [ -116.677590404265473, 32.455552890726544 ] ] ] } },
{ "type": "Feature", "properties": { "cve_loc": "020041977", "nom_loc": "Valle de las Palmas [Etapa 1]", "consultorios_faltantes": 0.3 }, "geometry": { "type": "Polygon", "coordinates": [ [ [ -116.730297507265902, 32.40020228196984 ], [ -116.72995139266078, 32.4057169005779 ], [ -116.727981057339647, 32.406052080072222 ], [ -116.726583243241109, 32.400170678002979 ], [ -116.730297507265902, 32.40020228196984 ] ] ] } },
{ "type": "Feature", "properties": { "cve_loc": "020060585", "nom_loc": "Lázaro Cárdenas", "consultorios_faltantes": 0.2 }, "geometry": { "type": "Polygon", "coordinates": [ [ [ -115.941063322423489, 30.527276863006062 ], [ -115.939253442174206, 30.521499823482149 ], [ -115.948332371657898, 30.519699744918498 ], [ -115.950007840903567, 30.525208023753851 ], [ -115.941063322423489, 30.527276863006062 ] ] ] } },
{ "type": "Feature", "properties": { "cve_loc": "030020001", "nom_loc": "Santa Rosalía", "consultorios_faltantes": 0.1 }, "geometry": { "type": "Polygon", "coordinates": [ [ [ -112.301746000526492, 27.379701494087499 ], [ -112.296951408705397, 27.379340549314549 ], [ -112.292279256245379, 27.372612047945005 ], [ -112.291925112707688, 27.368287182691166 ], [ -112.286705667062051, 27.363892488685256 ], [ -112.274128914185283, 27.360184009839713 ], [ -112.269943114546635, 27.357181279741614 ], [ -112.269707595987711, 27.349561050880201 ], [ -112.272788797857686, 27.348470880373107 ], [ -112.270957804462597, 27.344323111422092 ], [ -112.272290513684439, 27.342238734850376 ], [ -112.273947175172182, 27.343048952400935 ], [ -112.274589545965469, 27.341474512258799 ], [ -112.276190651737494, 27.341940796749739 ], [ -112.275601616117754, 27.344991612627265 ], [ -112.277428182656863, 27.345795980048425 ], [ -112.276435870550131, 27.348959552853422 ], [ -112.278099652623652, 27.353200951481639 ], [ -112.274119352124615, 27.353260236017473 ], [ -112.271998685194689, 27.354786579585703 ], [ -112.276438263253453, 27.359768389266566 ], [ -112.288090908772432, 27.362880597219576 ], [ -112.29349565737617, 27.365876630229693 ], [ -112.302718719516662, 27.362398843483358 ], [ -112.300268977566887, 27.369323866878261 ], [ -112.304062817889672, 27.37322415705761 ], [ -112.301746000526492, 27.379701494087499 ] ] ] } },
{ "type": "Feature", "properties": { "cve_loc": "040010001", "nom_loc": "Calkiní", "consultorios_faltantes": 0.6 }, "geometry": { "type": "Polygon", "coordinates": [ [ [ -90.055128056308135, 20.37116776358522 ], [ -90.050826678680295, 20.369735932852024 ], [ -90.05449930678077, 20.348769398877423 ], [ -90.060807846268517, 20.348861978192723 ], [ -90.055752195899942, 20.362901514865747 ], [ -90.058235946650839, 20.363387515658442 ], [ -90.059959103495785, 20.367008053359449 ], [ -90.06391293140689, 20.366467815103821 ], [ -90.062219715605451, 20.377426880657293 ], [ -90.055921516797156, 20.374763392667127 ], [ -90.054689596604362, 20.373826872366728 ], [ -90.055128056308135, 20.37116776358522 ] ] ] } },
{ "type": "Feature", "properties": { "cve_loc": "040040001", "nom_loc": "Champotón", "consultorios_faltantes": 0.1 }, "geometry": { "type": "Polygon", "coordinates": [ [ [ -90.724959733698796, 19.344618966629849 ], [ -90.726337532048603, 19.337586388991561 ], [ -90.734246584224906, 19.339753167227634 ], [ -90.735291420543561, 19.338234347321936 ], [ -90.731081222439343, 19.346110576314512 ], [ -90.724959733698796, 19.344618966629849 ] ] ] } },
{ "type": "Feature", "properties": { "cve_loc": "040050001", "nom_loc": "Hecelchakán", "consultorios_faltantes": 0.1 }, "geometry": { "type": "Polygon", "coordinates": [ [ [ -90.126455508249407, 20.191689418625455 ], [ -90.124782668569594, 20.182673470946195 ], [ -90.131316288638615, 20.184527610314774 ], [ -90.133780327890648, 20.177271891800544 ], [ -90.140448215627131, 20.179393460999972 ], [ -90.144988153730893, 20.185148131191568 ], [ -90.144394842157681, 20.186784669344249 ], [ -90.141507471615157, 20.185901990800133 ], [ -90.140649506821106, 20.187014924805009 ], [ -90.137476185686836, 20.185107699687627 ], [ -90.13613226546741, 20.186906099525334 ], [ -90.133185097914208, 20.185121271185348 ], [ -90.129136018878199, 20.19321925342998 ], [ -90.126455508249407, 20.191689418625455 ] ] ] } },
{ "type": "Feature", "properties": { "cve_loc": "040090001", "nom_loc": "Escárcega", "consultorios_faltantes": 0.1 }, "geometry": { "type": "Polygon", "coordinates": [ [ [ -90.749909710631059, 18.606285965405586 ], [ -90.753295729074765, 18.605642874962765 ], [ -90.753171449512678, 18.607829274646111 ], [ -90.737729634221751, 18.605883706357922 ], [ -90.736053944690283, 18.602113966399351 ], [ -90.73718799456654, 18.601211186208975 ], [ -90.747712361762638, 18.602393626233543 ], [ -90.749909710631059, 18.606285965405586 ] ] ] } },
{ "type": "Feature", "properties": { "cve_loc": "060050018", "nom_loc": "Quesería", "consultorios_faltantes": 0.2 }, "geometry": { "type": "Polygon", "coordinates": [ [ [ -103.573511177391765, 19.394815769118846 ], [ -103.56922965718465, 19.389178200307668 ], [ -103.571194316125556, 19.38727190145265 ], [ -103.574526275979338, 19.385429851319831 ], [ -103.576109455213825, 19.386869900184823 ], [ -103.579360025302819, 19.386508850670257 ], [ -103.580164195737481, 19.387938899837486 ], [ -103.57884850587584, 19.388556710417244 ], [ -103.580266745069338, 19.389038589524752 ], [ -103.576609745862754, 19.392315759239114 ], [ -103.575025966801334, 19.391092729091607 ], [ -103.573511177391765, 19.394815769118846 ] ] ] } },
{ "type": "Feature", "properties": { "cve_loc": "060070021", "nom_loc": "El Colomo", "consultorios_faltantes": 0.2 }, "geometry": { "type": "Polygon", "coordinates": [ [ [ -104.259492358424623, 19.06879432796412 ], [ -104.256657220207003, 19.064892287826691 ], [ -104.259121019872325, 19.059385148822894 ], [ -104.260783699959021, 19.060152859137705 ], [ -104.264290928666085, 19.057872669577613 ], [ -104.267688917806069, 19.059635579252138 ], [ -104.262500778902847, 19.061623298174368 ], [ -104.261787879343373, 19.064329687851124 ], [ -104.26232855879158, 19.066437797757409 ], [ -104.266315528182801, 19.069453527257835 ], [ -104.259492358424623, 19.06879432796412 ] ] ] } },
{ "type": "Feature", "properties": { "cve_loc": "070020001", "nom_loc": "Acala", "consultorios_faltantes": 0.1 }, "geometry": { "type": "Polygon", "coordinates": [ [ [ -92.79717053129265, 16.555729310741263 ], [ -92.801960929934921, 16.552265391771495 ], [ -92.805122109478887, 16.553372881597717 ], [ -92.800958670676792, 16.560033120247205 ], [ -92.799963350848429, 16.557036320997771 ], [ -92.79717053129265, 16.555729310741263 ] ] ] } },
{ "type": "Feature", "properties": { "cve_loc": "070040001", "nom_loc": "Altamirano", "consultorios_faltantes": 0.2 }, "geometry": { "type": "Polygon", "coordinates": [ [ [ -92.030104676488506, 16.7387359767601 ], [ -92.033015456675102, 16.733342907454514 ], [ -92.040924993915752, 16.736654696479949 ], [ -92.040964913804757, 16.740329345093933 ], [ -92.039370414946177, 16.739613075648261 ], [ -92.038752624876849, 16.74144474521178 ], [ -92.037525244903733, 16.739312176850557 ], [ -92.035267415904272, 16.741087645692524 ], [ -92.030104676488506, 16.7387359767601 ] ] ] } },
{ "type": "Feature", "properties": { "cve_loc": "070050001", "nom_loc": "Amatán", "consultorios_faltantes": 0.1 }, "geometry": { "type": "Polygon", "coordinates": [ [ [ -92.814881108820785, 17.371505473050149 ], [ -92.815176418191371, 17.367812013325004 ], [ -92.820523297442051, 17.369282943530898 ], [ -92.823205946306501, 17.368059613842128 ], [ -92.82416210637632, 17.37057641257341 ], [ -92.821655277162733, 17.374175541836792 ], [ -92.821090326433861, 17.372560212789306 ], [ -92.819490036850539, 17.374847671688133 ], [ -92.814881108820785, 17.371505473050149 ] ] ] } },
{ "type": "Feature", "properties": { "cve_loc": "070120001", "nom_loc": "Berriozábal", "consultorios_faltantes": 0.3 }, "geometry": { "type": "Polygon", "coordinates": [ [ [ -93.277313183426017, 16.807478195050816 ], [ -93.272935186079081, 16.806652485642154 ], [ -93.273182055421586, 16.804911905871094 ], [ -93.271423255807221, 16.804680815621172 ], [ -93.271917485700214, 16.801217426968762 ], [ -93.278281153930834, 16.80204261659399 ], [ -93.277313183426017, 16.807478195050816 ] ] ] } },
{ "type": "Feature", "properties": { "cve_loc": "070130001", "nom_loc": "Bochil", "consultorios_faltantes": 0.7 }, "geometry": { "type": "Polygon", "coordinates": [ [ [ -92.894711556814926, 16.999381077333922 ], [ -92.894293846688498, 16.997960657749744 ], [ -92.892169397734804, 16.998614707347862 ], [ -92.891224507621416, 16.997577137897739 ], [ -92.893129107400981, 16.992252859431396 ], [ -92.896168336068754, 16.992618348910966 ], [ -92.895798534914107, 16.995432539251524 ], [ -92.89838592548908, 16.995761009240756 ], [ -92.900558754891804, 16.99868594762118 ], [ -92.895623026627348, 16.998272478777903 ], [ -92.894711556814926, 16.999381077333922 ] ] ] } },
{ "type": "Feature", "properties": { "cve_loc": "070140001", "nom_loc": "El Bosque", "consultorios_faltantes": 0.2 }, "geometry": { "type": "Polygon", "coordinates": [ [ [ -92.718008003555909, 17.0691288597896 ], [ -92.71566653673321, 17.067342610433826 ], [ -92.718428373741162, 17.063911381411941 ], [ -92.71990787358763, 17.0646880912232 ], [ -92.722917612780563, 17.062415122370908 ], [ -92.722168132802835, 17.05690990266719 ], [ -92.726014041523356, 17.056870593229402 ], [ -92.724978351790824, 17.063465671511256 ], [ -92.720281802716201, 17.068646520092969 ], [ -92.718008003555909, 17.0691288597896 ] ] ] } },
{ "type": "Feature", "properties": { "cve_loc": "070170001", "nom_loc": "Cintalapa de Figueroa", "consultorios_faltantes": 1.1 }, "geometry": { "type": "Polygon", "coordinates": [ [ [ -93.741011341986692, 16.700003391090227 ], [ -93.734169003003643, 16.68960008333665 ], [ -93.740879771240742, 16.679621015873803 ], [ -93.736561593163387, 16.675920116619853 ], [ -93.73862979231896, 16.673686537943706 ], [ -93.741854991482512, 16.676293937348131 ], [ -93.741137021864787, 16.679437906170271 ], [ -93.743989990719783, 16.681337905571262 ], [ -93.740923761379889, 16.68564336410552 ], [ -93.743364900976076, 16.686067934308539 ], [ -93.743889860725943, 16.688178154302232 ], [ -93.745625760186016, 16.688601554103208 ], [ -93.744520460985399, 16.693213932268016 ], [ -93.748213049394991, 16.693270072228227 ], [ -93.744517170246155, 16.698838101376314 ], [ -93.741011341986692, 16.700003391090227 ] ] ] } },
{ "type": "Feature", "properties": { "cve_loc": "070200001", "nom_loc": "La Concordia", "consultorios_faltantes": 0.2 }, "geometry": { "type": "Polygon", "coordinates": [ [ [ -92.688120508565348, 16.121611173344462 ], [ -92.690516067816958, 16.113547404974945 ], [ -92.696331846164668, 16.1152317045572 ], [ -92.695381776788537, 16.118418373758647 ], [ -92.697799636471245, 16.119138143670725 ], [ -92.696663636763191, 16.123087562960567 ], [ -92.688120508565348, 16.121611173344462 ] ] ] } },
{ "type": "Feature", "properties": { "cve_loc": "070230001", "nom_loc": "Chamula", "consultorios_faltantes": 0.1 }, "geometry": { "type": "Polygon", "coordinates": [ [ [ -92.680975512079186, 16.79443517117463 ], [ -92.679126452439149, 16.785490831971185 ], [ -92.682111052672525, 16.784218893136494 ], [ -92.681726342849174, 16.782099083940892 ], [ -92.683692671716628, 16.779482163572279 ], [ -92.686688761682021, 16.780736234323843 ], [ -92.687129581371025, 16.783302373719593 ], [ -92.684230311584955, 16.789316791008634 ], [ -92.685916341821311, 16.78663839269247 ], [ -92.690247740319322, 16.790990232132703 ], [ -92.692939008796358, 16.786976001638589 ], [ -92.696631437576812, 16.788405792405513 ], [ -92.693435868820785, 16.791883340879505 ], [ -92.690008609927077, 16.791419260405412 ], [ -92.686992701532205, 16.79428351142003 ], [ -92.684137341096203, 16.792887230006933 ], [ -92.680975512079186, 16.79443517117463 ] ] ] } },
{ "type": "Feature", "properties": { "cve_loc": "070250001", "nom_loc": "Chapultenango", "consultorios_faltantes": 0.1 }, "geometry": { "type": "Polygon", "coordinates": [ [ [ -93.128946244690823, 17.344781169257171 ], [ -93.125658096115558, 17.339591990644191 ], [ -93.126753705992087, 17.336538791545941 ], [ -93.128727385459769, 17.335507991517471 ], [ -93.131561124082239, 17.339136490705624 ], [ -93.134292892432768, 17.339561821217583 ], [ -93.134791903152149, 17.343853949114795 ], [ -93.128946244690823, 17.344781169257171 ] ] ] } },
{ "type": "Feature", "properties": { "cve_loc": "070270001", "nom_loc": "Chiapa de Corzo", "consultorios_faltantes": 2.0 }, "geometry": { "type": "Polygon", "coordinates": [ [ [ -92.998746057807338, 16.702583992789698 ], [ -93.001175929033337, 16.699442994544871 ], [ -93.004417332707831, 16.699708461127145 ], [ -93.00817809551387, 16.696349044104817 ], [ -93.009179164104978, 16.692286256459493 ], [ -93.00802513490008, 16.690875166038342 ], [ -93.010251824653452, 16.690706255909156 ], [ -93.013363563839505, 16.702111882507868 ], [ -93.010005224807486, 16.700074653940909 ], [ -93.007029475625004, 16.702610442252919 ], [ -93.008076555969012, 16.703588442640452 ], [ -93.005377196734884, 16.707240591537253 ], [ -93.002046126505974, 16.707985181676417 ], [ -93.009025614368966, 16.712756910254424 ], [ -93.008683994388633, 16.713292070910249 ], [ -93.007065925257095, 16.712406420847856 ], [ -93.005403296546817, 16.713430530555854 ], [ -92.999187308434287, 16.710430901921118 ], [ -92.996365538129638, 16.711133651056432 ], [ -92.996361419201108, 16.712705481309793 ], [ -92.992430278728904, 16.714552560262494 ], [ -92.992216369422692, 16.717312079722479 ], [ -92.986619650683267, 16.719925108808692 ], [ -92.983603362697949, 16.724150897089309 ], [ -92.977658282599975, 16.720215297948084 ], [ -92.980366651708223, 16.71537462044002 ], [ -92.984840391081931, 16.712021280608855 ], [ -92.99566669797214, 16.706208532200492 ], [ -92.999075598199838, 16.706050911547198 ], [ -92.998746057807338, 16.702583992789698 ] ] ] } },
{ "type": "Feature", "properties": { "cve_loc": "070270622", "nom_loc": "Jardínes del Grijalva", "consultorios_faltantes": 0.1 }, "geometry": { "type": "Polygon", "coordinates": [ [ [ -93.035121179002772, 16.732673755095043 ], [ -93.035716298355311, 16.731000645348043 ], [ -93.034112578655481, 16.730387775493998 ], [ -93.032780359287827, 16.733059124819192 ], [ -93.031083019499221, 16.732622244736497 ], [ -93.033426289306448, 16.727698066146552 ], [ -93.034716038780275, 16.728230306071247 ], [ -93.034138409315489, 16.730282465096604 ], [ -93.036767247838398, 16.731263864950705 ], [ -93.037708577505484, 16.728960876045953 ], [ -93.039682187393424, 16.729918245309531 ], [ -93.037691417761167, 16.731670095099169 ], [ -93.038465467451971, 16.733941234660062 ], [ -93.035121179002772, 16.732673755095043 ] ] ] } },
{ "type": "Feature", "properties": { "cve_loc": "070310001", "nom_loc": "Chilón", "consultorios_faltantes": 0.1 }, "geometry": { "type": "Polygon", "coordinates": [ [ [ -92.265770411126411, 17.11007313337894 ], [ -92.262992896677247, 17.099817706717296 ], [ -92.26533813170343, 17.101465975763794 ], [ -92.267578201793597, 17.099358915901391 ], [ -92.269708431389759, 17.100145335893064 ], [ -92.269425350722699, 17.101784775064171 ], [ -92.273013599850515, 17.101668195110992 ], [ -92.271917029633912, 17.103190344885977 ], [ -92.270373150954313, 17.102471084436353 ], [ -92.269994411420356, 17.104635794724839 ], [ -92.267476201127224, 17.103177105638505 ], [ -92.267378091693814, 17.105808644816733 ], [ -92.270550470557424, 17.10731774407007 ], [ -92.275337778710551, 17.107121533903694 ], [ -92.277099428775799, 17.109255363135304 ], [ -92.273209120721887, 17.108935373700564 ], [ -92.272685769957192, 17.107589594441375 ], [ -92.27094453032268, 17.109176413744816 ], [ -92.265608921347734, 17.108155072973172 ], [ -92.265770411126411, 17.11007313337894 ] ] ] } },
{ "type": "Feature", "properties": { "cve_loc": "070340001", "nom_loc": "Frontera Comalapa", "consultorios_faltantes": 0.2 }, "geometry": { "type": "Polygon", "coordinates": [ [ [ -92.138880852602668, 15.666961884421978 ], [ -92.138925553160931, 15.662745345067787 ], [ -92.134222414310727, 15.660654835276242 ], [ -92.135178334772277, 15.658660126319889 ], [ -92.148264871315902, 15.662532144554449 ], [ -92.145629331164315, 15.66604686367004 ], [ -92.142433821582173, 15.666533604832816 ], [ -92.140109593181847, 15.665214984267529 ], [ -92.138880852602668, 15.666961884421978 ] ] ] } },
{ "type": "Feature", "properties": { "cve_loc": "070400001", "nom_loc": "Huixtla", "consultorios_faltantes": 1.0 }, "geometry": { "type": "Polygon", "coordinates": [ [ [ -92.470381751170706, 15.141293428994832 ], [ -92.473510789796762, 15.134100360519707 ], [ -92.466369642125116, 15.131972311428385 ], [ -92.466402192082711, 15.129074922094352 ], [ -92.465856551812109, 15.130638571884663 ], [ -92.46255698330009, 15.131038251932518 ], [ -92.461736103357779, 15.132437661543884 ], [ -92.45967409298791, 15.129479882374538 ], [ -92.464554691607205, 15.121538713547871 ], [ -92.472240809163409, 15.129592282069966 ], [ -92.472972629922637, 15.132423431701049 ], [ -92.476253099178834, 15.134697760782059 ], [ -92.478303487790271, 15.133327371176298 ], [ -92.483674207177614, 15.137583589266036 ], [ -92.481787088284278, 15.139548769278681 ], [ -92.483082697194234, 15.142372458252956 ], [ -92.470381751170706, 15.141293428994832 ] ] ] } },
{ "type": "Feature", "properties": { "cve_loc": "070570001", "nom_loc": "Motozintla de Mendoza", "consultorios_faltantes": 0.5 }, "geometry": { "type": "Polygon", "coordinates": [ [ [ -92.244051052835928, 15.351556666063715 ], [ -92.246645131882914, 15.357823743909556 ], [ -92.244282523665362, 15.367162572311635 ], [ -92.239395243788664, 15.368847761038047 ], [ -92.240443094510169, 15.369636771699298 ], [ -92.239465025000513, 15.370281110467499 ], [ -92.242666162899781, 15.371921709678825 ], [ -92.239082873671933, 15.375803449581078 ], [ -92.232546530947857, 15.378475923428333 ], [ -92.229306566862633, 15.374112200211307 ], [ -92.245076952003174, 15.360982933840457 ], [ -92.24638109127855, 15.35768411443404 ], [ -92.244051052835928, 15.351556666063715 ] ] ] } },
{ "type": "Feature", "properties": { "cve_loc": "070590001", "nom_loc": "Ocosingo", "consultorios_faltantes": 0.6 }, "geometry": { "type": "Polygon", "coordinates": [ [ [ -92.086761670886744, 16.897468025118641 ], [ -92.085528655020269, 16.893503097160831 ], [ -92.087573687877438, 16.892248423046652 ], [ -92.093055616703083, 16.890998155879316 ], [ -92.101604668117815, 16.893445915611753 ], [ -92.098975948996383, 16.897616744695501 ], [ -92.091011410809813, 16.901974634691225 ], [ -92.089337920536693, 16.90200440339428 ], [ -92.088294241146798, 16.897446064819508 ], [ -92.086761670886744, 16.897468025118641 ] ] ] } },
{ "type": "Feature", "properties": { "cve_loc": "070590237", "nom_loc": "Tenango", "consultorios_faltantes": 0.9 }, "geometry": { "type": "Polygon", "coordinates": [ [ [ -92.251733897929583, 16.913807900267798 ], [ -92.256299416947982, 16.907042331869022 ], [ -92.256352357100752, 16.90593039234907 ], [ -92.253220197741058, 16.904956283107296 ], [ -92.255977736975879, 16.901240393438364 ], [ -92.262238474920835, 16.897129004682743 ], [ -92.266748473573102, 16.898005514422255 ], [ -92.267970813563423, 16.900031763919728 ], [ -92.265066384909446, 16.901737623594869 ], [ -92.266951044080074, 16.907084771692684 ], [ -92.261104785886914, 16.910853451350448 ], [ -92.258911795959165, 16.913954960323476 ], [ -92.252714627744353, 16.91528120006372 ], [ -92.251733897929583, 16.913807900267798 ] ] ] } },
{ "type": "Feature", "properties": { "cve_loc": "070600001", "nom_loc": "Ocotepec", "consultorios_faltantes": 0.3 }, "geometry": { "type": "Polygon", "coordinates": [ [ [ -93.164697405166891, 17.230265147902106 ], [ -93.162757695200867, 17.229425848200144 ], [ -93.160515436481404, 17.222510920061016 ], [ -93.166814314886764, 17.223602049953609 ], [ -93.164697405166891, 17.230265147902106 ] ] ] } },
{ "type": "Feature", "properties": { "cve_loc": "070610001", "nom_loc": "Ocozocoautla de Espinosa", "consultorios_faltantes": 1.3 }, "geometry": { "type": "Polygon", "coordinates": [ [ [ -93.361587552243918, 16.758110767664508 ], [ -93.356548155263823, 16.749498595343606 ], [ -93.363238920725578, 16.749521029420848 ], [ -93.366006199510778, 16.746689950902315 ], [ -93.365891601792441, 16.74308315799821 ], [ -93.371334948379257, 16.740985002892415 ], [ -93.373928358064404, 16.742812002157628 ], [ -93.380666036934613, 16.755153668675135 ], [ -93.379322656636774, 16.755952138475774 ], [ -93.375701867204327, 16.754615917792638 ], [ -93.37267672809692, 16.746067871359365 ], [ -93.367348130036873, 16.748576278156289 ], [ -93.369677998636902, 16.749345519137048 ], [ -93.371195499067923, 16.754473968584438 ], [ -93.367790859478205, 16.754596689082803 ], [ -93.368164998967856, 16.755742858808567 ], [ -93.366405560364015, 16.756107978375358 ], [ -93.36737461054598, 16.757277967833666 ], [ -93.365658091264919, 16.757611807585391 ], [ -93.361587552243918, 16.758110767664508 ] ] ] } },
{ "type": "Feature", "properties": { "cve_loc": "070640001", "nom_loc": "Oxchuc", "consultorios_faltantes": 0.4 }, "geometry": { "type": "Polygon", "coordinates": [ [ [ -92.345159132576427, 16.79382260074216 ], [ -92.343800343596499, 16.788569532018329 ], [ -92.338996773742082, 16.790524561691971 ], [ -92.338081773188733, 16.789550963027153 ], [ -92.338269834878417, 16.786502132755658 ], [ -92.341625303459637, 16.785389512859894 ], [ -92.34421014306605, 16.777765975449153 ], [ -92.345910702232956, 16.790845911611882 ], [ -92.347087482449226, 16.790973021812253 ], [ -92.345159132576427, 16.79382260074216 ] ] ] } },
{ "type": "Feature", "properties": { "cve_loc": "070640036", "nom_loc": "Yoshib", "consultorios_faltantes": 0.5 }, "geometry": { "type": "Polygon", "coordinates": [ [ [ -92.433499829443136, 16.861271803886236 ], [ -92.434082307884054, 16.855381645354822 ], [ -92.437088027985027, 16.851179206408723 ], [ -92.434235489108701, 16.843934237900452 ], [ -92.43564659879209, 16.84163377828456 ], [ -92.443768175797601, 16.835714921333636 ], [ -92.452691483600816, 16.840547210023779 ], [ -92.453937533559227, 16.844083878410128 ], [ -92.45239644432651, 16.845671778339568 ], [ -92.455321332086285, 16.849040577737245 ], [ -92.455989743256481, 16.852887185607706 ], [ -92.447161646092781, 16.859487754233335 ], [ -92.441093006172466, 16.858993714748653 ], [ -92.433499829443136, 16.861271803886236 ] ] ] } },
{ "type": "Feature", "properties": { "cve_loc": "070650001", "nom_loc": "Palenque", "consultorios_faltantes": 0.0 }, "geometry": { "type": "Polygon", "coordinates": [ [ [ -91.99237865828627, 17.514027216695954 ], [ -91.98233101056708, 17.513893677051936 ], [ -91.98236770096598, 17.510025248225855 ], [ -91.990173598830268, 17.509479478348776 ], [ -91.99237865828627, 17.514027216695954 ] ] ] } },
{ "type": "Feature", "properties": { "cve_loc": "070660001", "nom_loc": "Pantelhó", "consultorios_faltantes": 0.2 }, "geometry": { "type": "Polygon", "coordinates": [ [ [ -92.463268901608018, 17.010058575567804 ], [ -92.469859870036018, 17.006184076182784 ], [ -92.472487469519194, 17.002389717028418 ], [ -92.472838848672836, 17.004039206885093 ], [ -92.474849328657484, 17.00392320673711 ], [ -92.474161998418438, 17.00504411674687 ], [ -92.477031817517414, 17.006878366105166 ], [ -92.473325758585389, 17.007491686046439 ], [ -92.472853068957662, 17.009925175738449 ], [ -92.471995669018767, 17.008449195659448 ], [ -92.470544240014817, 17.008853735459176 ], [ -92.470035770095635, 17.010636885446601 ], [ -92.463268901608018, 17.010058575567804 ] ] ] } },
{ "type": "Feature", "properties": { "cve_loc": "070730001", "nom_loc": "Rayón", "consultorios_faltantes": 0.2 }, "geometry": { "type": "Polygon", "coordinates": [ [ [ -93.008000656457185, 17.20537914448126 ], [ -93.010009625620825, 17.196113577921899 ], [ -93.009029335500117, 17.195116867514102 ], [ -93.011490425339872, 17.196878867390346 ], [ -93.012387296022141, 17.204303515697589 ], [ -93.010649505614879, 17.203861635990233 ], [ -93.010136706476757, 17.205843515464363 ], [ -93.008000656457185, 17.20537914448126 ] ] ] } },
{ "type": "Feature", "properties": { "cve_loc": "070770001", "nom_loc": "Salto de Agua", "consultorios_faltantes": 0.4 }, "geometry": { "type": "Polygon", "coordinates": [ [ [ -92.333510146835408, 17.561948664459813 ], [ -92.334689727009803, 17.560092314569822 ], [ -92.333073667395098, 17.55850789530874 ], [ -92.337036165754569, 17.555713936365169 ], [ -92.335685106493031, 17.550537717274551 ], [ -92.336979305785633, 17.549874620916995 ], [ -92.3375153661826, 17.54611857885676 ], [ -92.339290225048003, 17.543641288845333 ], [ -92.341510335185689, 17.546924598577153 ], [ -92.343069774608722, 17.545113569247874 ], [ -92.344658223521222, 17.55195329821111 ], [ -92.349927222683135, 17.554205916381786 ], [ -92.35030094273057, 17.559201714878856 ], [ -92.347920833480543, 17.558465995186708 ], [ -92.345574163417268, 17.561030634439057 ], [ -92.33705070563461, 17.557098545883058 ], [ -92.335731195930975, 17.55841325544743 ], [ -92.335728176060329, 17.563058194065235 ], [ -92.337520605794808, 17.569383682494884 ], [ -92.335130946907341, 17.570498802471224 ], [ -92.332605607577591, 17.569875822146276 ], [ -92.334065476484653, 17.56788926278233 ], [ -92.333510146835408, 17.561948664459813 ] ] ] } },
{ "type": "Feature", "properties": { "cve_loc": "070790001", "nom_loc": "San Fernando", "consultorios_faltantes": 0.5 }, "geometry": { "type": "Polygon", "coordinates": [ [ [ -93.208860473228, 16.877528597443813 ], [ -93.203003374149361, 16.873677638349267 ], [ -93.204723533786463, 16.871521739126578 ], [ -93.204448204505084, 16.869359119722539 ], [ -93.211541421326658, 16.873724689668339 ], [ -93.208860473228, 16.877528597443813 ] ] ] } },
{ "type": "Feature", "properties": { "cve_loc": "070810001", "nom_loc": "Simojovel de Allende", "consultorios_faltantes": 1.0 }, "geometry": { "type": "Polygon", "coordinates": [ [ [ -92.71917963317361, 17.145611730481157 ], [ -92.713690865159023, 17.143587882006972 ], [ -92.715530003783954, 17.140764712667977 ], [ -92.714302304640739, 17.138221732894202 ], [ -92.716570614717369, 17.135856073353018 ], [ -92.7234654360402, 17.138295228432568 ], [ -92.720773872338427, 17.142209650779208 ], [ -92.723234292842292, 17.142420110853216 ], [ -92.722658231981967, 17.144395800309777 ], [ -92.71917963317361, 17.145611730481157 ] ] ] } },
{ "type": "Feature", "properties": { "cve_loc": "070860001", "nom_loc": "Suchiapa", "consultorios_faltantes": 0.3 }, "geometry": { "type": "Polygon", "coordinates": [ [ [ -93.103968339807167, 16.628323060959776 ], [ -93.09472431265344, 16.622571352988373 ], [ -93.095077602349107, 16.621741332923467 ], [ -93.106681129374081, 16.623585062631516 ], [ -93.109019418916716, 16.629009182182795 ], [ -93.103968339807167, 16.628323060959776 ] ] ] } },
{ "type": "Feature", "properties": { "cve_loc": "070870001", "nom_loc": "Ciudad Hidalgo", "consultorios_faltantes": 0.4 }, "geometry": { "type": "Polygon", "coordinates": [ [ [ -92.14703089417479, 14.685510780659204 ], [ -92.148066493741339, 14.681353831575302 ], [ -92.149842183843148, 14.680254212620515 ], [ -92.158541010905438, 14.679959242675176 ], [ -92.158475121514314, 14.683402211269911 ], [ -92.14703089417479, 14.685510780659204 ] ] ] } },
{ "type": "Feature", "properties": { "cve_loc": "070870014", "nom_loc": "La Libertad", "consultorios_faltantes": 0.0 }, "geometry": { "type": "Polygon", "coordinates": [ [ [ -92.185389149993512, 14.595203219877954 ], [ -92.188418479995434, 14.589978599753278 ], [ -92.196381970250854, 14.592857049903333 ], [ -92.194443139921887, 14.596783139666302 ], [ -92.185389149993512, 14.595203219877954 ] ] ] } },
{ "type": "Feature", "properties": { "cve_loc": "070890991", "nom_loc": "Vida Mejor I", "consultorios_faltantes": 0.2 }, "geometry": { "type": "Polygon", "coordinates": [ [ [ -92.303771133563131, 14.873191630498221 ], [ -92.308420202201489, 14.868594501666953 ], [ -92.310040231947696, 14.870085321242806 ], [ -92.307840431239669, 14.876093979554151 ], [ -92.303771133563131, 14.873191630498221 ] ] ] } },
{ "type": "Feature", "properties": { "cve_loc": "070891025", "nom_loc": "Los Cafetales", "consultorios_faltantes": 0.2 }, "geometry": { "type": "Polygon", "coordinates": [ [ [ -92.300996544318068, 14.871046551004355 ], [ -92.303446374003073, 14.865516642262179 ], [ -92.308420202201489, 14.868594501666953 ], [ -92.305919423241193, 14.872178390370328 ], [ -92.304065803098908, 14.870530690659592 ], [ -92.302008163666812, 14.871949960265676 ], [ -92.300996544318068, 14.871046551004355 ] ] ] } },
{ "type": "Feature", "properties": { "cve_loc": "070960001", "nom_loc": "Tila", "consultorios_faltantes": 0.9 }, "geometry": { "type": "Polygon", "coordinates": [ [ [ -92.426592981606518, 17.306073689618817 ], [ -92.422771743085761, 17.296971302199175 ], [ -92.428977481117656, 17.298229561837992 ], [ -92.426592981606518, 17.306073689618817 ] ] ] } },
{ "type": "Feature", "properties": { "cve_loc": "070960055", "nom_loc": "Petalcingo", "consultorios_faltantes": 0.2 }, "geometry": { "type": "Polygon", "coordinates": [ [ [ -92.413505055712861, 17.228527169384286 ], [ -92.413231015039358, 17.229529919041632 ], [ -92.41491717531045, 17.222843310579773 ], [ -92.420579003878444, 17.222672910815533 ], [ -92.417879233798459, 17.226149750104415 ], [ -92.421625253490816, 17.228355179888279 ], [ -92.4200958933734, 17.227788779930478 ], [ -92.417842803791416, 17.229360519717627 ], [ -92.413505055712861, 17.228527169384286 ] ] ] } },
{ "type": "Feature", "properties": { "cve_loc": "070970001", "nom_loc": "Tonalá", "consultorios_faltantes": 0.7 }, "geometry": { "type": "Polygon", "coordinates": [ [ [ -93.738203939560464, 16.088120706212191 ], [ -93.744147218250689, 16.085304577257791 ], [ -93.751546325812257, 16.090981175644078 ], [ -93.74924784633032, 16.093816624554158 ], [ -93.746855626922382, 16.092229764930721 ], [ -93.745594297178869, 16.093543635112997 ], [ -93.743639648352712, 16.090980435608927 ], [ -93.73908219934421, 16.089614765858858 ], [ -93.740319228549112, 16.088648886181932 ], [ -93.738203939560464, 16.088120706212191 ] ] ] } },
{ "type": "Feature", "properties": { "cve_loc": "070990001", "nom_loc": "La Trinitaria", "consultorios_faltantes": 0.1 }, "geometry": { "type": "Polygon", "coordinates": [ [ [ -92.027239085619428, 16.125378484860164 ], [ -92.028152155807419, 16.12342391555724 ], [ -92.048049239927892, 16.11952726578026 ], [ -92.049485498351373, 16.121408626943282 ], [ -92.056256977989705, 16.118165457320384 ], [ -92.059215667476721, 16.122952235591789 ], [ -92.055564786987389, 16.124784175280368 ], [ -92.057606776435108, 16.127361054562456 ], [ -92.05195603931152, 16.125543685946944 ], [ -92.051479448533627, 16.123864315918169 ], [ -92.049262309890381, 16.124509405611352 ], [ -92.049163678940545, 16.123017595020002 ], [ -92.04747423993426, 16.127905464563572 ], [ -92.050309218686195, 16.131501484385996 ], [ -92.030877304519464, 16.133929302699084 ], [ -92.027239085619428, 16.125378484860164 ] ] ] } },
{ "type": "Feature", "properties": { "cve_loc": "071000022", "nom_loc": "Hidalgo Joshil", "consultorios_faltantes": 0.1 }, "geometry": { "type": "Polygon", "coordinates": [ [ [ -92.34516187099949, 17.228850302998268 ], [ -92.344502862592492, 17.22530812020641 ], [ -92.351932579231175, 17.224959701967521 ], [ -92.350610250735528, 17.226942607889377 ], [ -92.352739924714726, 17.228487417795552 ], [ -92.351858110305557, 17.229045885147077 ], [ -92.350447270230035, 17.22751901389346 ], [ -92.34516187099949, 17.228850302998268 ] ] ] } },
{ "type": "Feature", "properties": { "cve_loc": "071070001", "nom_loc": "Villa Corzo", "consultorios_faltantes": 0.0 }, "geometry": { "type": "Polygon", "coordinates": [ [ [ -93.265279345226887, 16.179454755446145 ], [ -93.268993004321516, 16.174714286882061 ], [ -93.271513723467564, 16.176829216536476 ], [ -93.27130792366485, 16.18300304446538 ], [ -93.266172205354323, 16.181346715118128 ], [ -93.265279345226887, 16.179454755446145 ] ] ] } },
{ "type": "Feature", "properties": { "cve_loc": "071070200", "nom_loc": "Revolución Mexicana", "consultorios_faltantes": 0.1 }, "geometry": { "type": "Polygon", "coordinates": [ [ [ -93.076284395699631, 16.17382164816437 ], [ -93.074892075295807, 16.167124189591075 ], [ -93.07827034474289, 16.166307349283116 ], [ -93.078620105115931, 16.168342329349048 ], [ -93.089722741899948, 16.167459378961844 ], [ -93.082181743842582, 16.170843838725098 ], [ -93.082699193684761, 16.173871247376461 ], [ -93.076284395699631, 16.17382164816437 ] ] ] } },
{ "type": "Feature", "properties": { "cve_loc": "071080001", "nom_loc": "Villaflores", "consultorios_faltantes": 0.2 }, "geometry": { "type": "Polygon", "coordinates": [ [ [ -93.27379191305549, 16.237861300428865 ], [ -93.268708314172358, 16.22877690314527 ], [ -93.270358824205218, 16.226766793622648 ], [ -93.278483681991005, 16.235455451227658 ], [ -93.27647995243359, 16.238242620766776 ], [ -93.27379191305549, 16.237861300428865 ] ] ] } },
{ "type": "Feature", "properties": { "cve_loc": "071090001", "nom_loc": "Yajalón", "consultorios_faltantes": 0.2 }, "geometry": { "type": "Polygon", "coordinates": [ [ [ -92.32236165890636, 17.172374699504974 ], [ -92.326018809005959, 17.17137673408579 ], [ -92.328115968038972, 17.17345687349998 ], [ -92.329128737388373, 17.172366324077927 ], [ -92.328390257895606, 17.173997463302889 ], [ -92.331908516767527, 17.179005361861837 ], [ -92.333041276802689, 17.177431812352818 ], [ -92.338306945717306, 17.178058442886613 ], [ -92.339861534604466, 17.175549432950547 ], [ -92.341908344465352, 17.177163552772281 ], [ -92.341322174829671, 17.182262641430491 ], [ -92.344357194060194, 17.185353190440935 ], [ -92.342130314190769, 17.186858500366654 ], [ -92.338313135709583, 17.183881720717498 ], [ -92.335835995770637, 17.184789780707888 ], [ -92.334656916745686, 17.181580301646818 ], [ -92.32927000769962, 17.179529522438063 ], [ -92.328120138089758, 17.174926152963838 ], [ -92.322711939877152, 17.173705864009879 ], [ -92.32236165890636, 17.172374699504974 ] ] ] } },
{ "type": "Feature", "properties": { "cve_loc": "071110011", "nom_loc": "Pasté", "consultorios_faltantes": 1.0 }, "geometry": { "type": "Polygon", "coordinates": [ [ [ -92.732876808319233, 16.714729650276801 ], [ -92.731768668184003, 16.712615361919912 ], [ -92.73310385749663, 16.711564242269418 ], [ -92.731981968968242, 16.708179811828501 ], [ -92.730649928751049, 16.707708281844798 ], [ -92.734470407466262, 16.700048303688153 ], [ -92.738519127681798, 16.703550154538757 ], [ -92.741692516057057, 16.701887854137194 ], [ -92.745407255825754, 16.702869702916168 ], [ -92.746382144130891, 16.706707332190138 ], [ -92.743448175685216, 16.708313013226672 ], [ -92.745014248342954, 16.709662923248263 ], [ -92.740954396608416, 16.710061241792481 ], [ -92.734900828552753, 16.715968040159805 ], [ -92.732876808319233, 16.714729650276801 ] ] ] } },
{ "type": "Feature", "properties": { "cve_loc": "071120001", "nom_loc": "San Juan Cancuc", "consultorios_faltantes": 2.2 }, "geometry": { "type": "Polygon", "coordinates": [ [ [ -92.356539179352666, 16.895494895382178 ], [ -92.357116939826156, 16.894009565671844 ], [ -92.354371070419475, 16.891484135662573 ], [ -92.354509540610863, 16.889389736898686 ], [ -92.357864110069613, 16.886130906978916 ], [ -92.358506959524433, 16.881751398250124 ], [ -92.362567367901633, 16.879757348730319 ], [ -92.364017728012286, 16.876631689532239 ], [ -92.368679876801167, 16.876604400139183 ], [ -92.369070397051061, 16.879603998746266 ], [ -92.388891020287673, 16.879116378839726 ], [ -92.387197391335036, 16.894420164985689 ], [ -92.377071095793895, 16.894018909433246 ], [ -92.375098826181002, 16.896127053264294 ], [ -92.362578337945422, 16.894751225395748 ], [ -92.356539179352666, 16.895494895382178 ] ] ] } },
{ "type": "Feature", "properties": { "cve_loc": "071180001", "nom_loc": "San Andrés Duraznal", "consultorios_faltantes": 0.5 }, "geometry": { "type": "Polygon", "coordinates": [ [ [ -92.80714233001693, 17.13613908234792 ], [ -92.802712211000127, 17.133841543474151 ], [ -92.803598300700884, 17.131612903859342 ], [ -92.801824581730287, 17.129897623725704 ], [ -92.804366180806383, 17.12797797483103 ], [ -92.808033759614119, 17.131545503916268 ], [ -92.80714233001693, 17.13613908234792 ] ] ] } },
{ "type": "Feature", "properties": { "cve_loc": "071210001", "nom_loc": "Rincón Chamula", "consultorios_faltantes": 1.0 }, "geometry": { "type": "Polygon", "coordinates": [ [ [ -92.932823897342431, 17.199621236032012 ], [ -92.931108417295363, 17.201101986105733 ], [ -92.935060116213208, 17.203477265102954 ], [ -92.932989666520399, 17.205793224982809 ], [ -92.936518345595687, 17.210782123462394 ], [ -92.934262046975292, 17.213858172924848 ], [ -92.93141477686973, 17.212702373048444 ], [ -92.932508496823488, 17.211653153546255 ], [ -92.927084328523151, 17.206991224676727 ], [ -92.922703350003673, 17.199372666482542 ], [ -92.919434040833721, 17.197985286430054 ], [ -92.919548980513909, 17.195153377224717 ], [ -92.922832729654473, 17.191048988382079 ], [ -92.929773617820771, 17.191189238461245 ], [ -92.932823897342431, 17.199621236032012 ] ] ] } },
{ "type": "Feature", "properties": { "cve_loc": "071240001", "nom_loc": "Raudales Malpaso", "consultorios_faltantes": 0.3 }, "geometry": { "type": "Polygon", "coordinates": [ [ [ -93.606750008017599, 17.196860116059995 ], [ -93.603856209382116, 17.193263236509559 ], [ -93.607581288436592, 17.189642557617816 ], [ -93.605543859242843, 17.189393347866638 ], [ -93.607125228598207, 17.188220868149688 ], [ -93.607378868440975, 17.183065349473544 ], [ -93.609657437634169, 17.179631099963235 ], [ -93.613198427079979, 17.179049730093208 ], [ -93.616716495968561, 17.182965499024355 ], [ -93.618405694993029, 17.182145229795157 ], [ -93.617292565630464, 17.180864579916648 ], [ -93.619219865394768, 17.18144146990916 ], [ -93.61945911512727, 17.179516289695695 ], [ -93.621566854496081, 17.186180578173516 ], [ -93.61996546410451, 17.189436527700114 ], [ -93.612820097074447, 17.195870915861747 ], [ -93.606750008017599, 17.196860116059995 ] ] ] } },
{ "type": "Feature", "properties": { "cve_loc": "090040020", "nom_loc": "San Lorenzo Acopilco", "consultorios_faltantes": 2.3 }, "geometry": { "type": "Polygon", "coordinates": [ [ [ -99.330192842466431, 19.341121168514647 ], [ -99.326607093742538, 19.333076670480139 ], [ -99.324272784062018, 19.337920840042813 ], [ -99.32049374638234, 19.338181429628388 ], [ -99.318914850395657, 19.327094052722426 ], [ -99.326040124297492, 19.322715493172815 ], [ -99.327644086977401, 19.325005809054993 ], [ -99.331667304642096, 19.320505403148971 ], [ -99.333617525262881, 19.321401720562825 ], [ -99.333023541648373, 19.327843522138284 ], [ -99.330536584091263, 19.332507711157376 ], [ -99.331812843727008, 19.3355343100901 ], [ -99.33114421354405, 19.339772718296601 ], [ -99.330192842466431, 19.341121168514647 ] ] ] } },
{ "type": "Feature", "properties": { "cve_loc": "090090001", "nom_loc": "Villa Milpa Alta", "consultorios_faltantes": 0.2 }, "geometry": { "type": "Polygon", "coordinates": [ [ [ -99.022510539257794, 19.201204659266274 ], [ -99.019374589801473, 19.201641899411147 ], [ -99.020112789794695, 19.197301060748345 ], [ -99.021859889532408, 19.19558724072785 ], [ -99.020907258724222, 19.186205043554128 ], [ -99.022136509656278, 19.183286946189661 ], [ -99.026255038766152, 19.18125178196432 ], [ -99.026620488721079, 19.184074073427453 ], [ -99.024020518598846, 19.189248922384213 ], [ -99.023885520986369, 19.202444902162927 ], [ -99.022510539257794, 19.201204659266274 ] ] ] } },
{ "type": "Feature", "properties": { "cve_loc": "090090017", "nom_loc": "San Francisco Tecoxpa", "consultorios_faltantes": 0.7 }, "geometry": { "type": "Polygon", "coordinates": [ [ [ -99.002248191884362, 19.204290240896647 ], [ -99.004565824061146, 19.201503660396071 ], [ -99.007434293376136, 19.192500811480606 ], [ -99.016948941158063, 19.193612461906561 ], [ -99.016976820757151, 19.195150430891701 ], [ -99.019462570368788, 19.194405981490714 ], [ -99.019417590521513, 19.196377441069803 ], [ -99.01729280070083, 19.19696338094144 ], [ -99.015040373804595, 19.204452172496474 ], [ -99.014223721728712, 19.202979839347641 ], [ -99.009827822471678, 19.201726569943393 ], [ -99.007964283012086, 19.201725029854661 ], [ -99.00512805605635, 19.205661896440404 ], [ -99.002248191884362, 19.204290240896647 ] ] ] } },
{ "type": "Feature", "properties": { "cve_loc": "090090029", "nom_loc": "San Pedro Atocpan", "consultorios_faltantes": 0.1 }, "geometry": { "type": "Polygon", "coordinates": [ [ [ -99.057847219579116, 19.20164490064251 ], [ -99.049557103184554, 19.200569670110351 ], [ -99.050875181095932, 19.189851695949994 ], [ -99.052337331824873, 19.190580942577316 ], [ -99.05306720825115, 19.194751678403822 ], [ -99.056886760593869, 19.194563320887717 ], [ -99.054744851813723, 19.197552010466215 ], [ -99.060834270039962, 19.199032630919135 ], [ -99.057847219579116, 19.20164490064251 ] ] ] } },
{ "type": "Feature", "properties": { "cve_loc": "090090036", "nom_loc": "Santa Ana Tlacotenco", "consultorios_faltantes": 0.2 }, "geometry": { "type": "Polygon", "coordinates": [ [ [ -99.000541965033634, 19.184634603236006 ], [ -98.993483517000399, 19.183831503858944 ], [ -98.993764726609541, 19.180114574612666 ], [ -98.98987034769192, 19.179719464692933 ], [ -98.989640566196954, 19.177549945496523 ], [ -98.99283059613731, 19.177342895371844 ], [ -98.995270685247817, 19.174852897002697 ], [ -99.009967722615329, 19.181826803747047 ], [ -99.010428992820991, 19.183581843899397 ], [ -99.003401434379725, 19.181918744316281 ], [ -99.000757925065955, 19.182223003749364 ], [ -99.000541965033634, 19.184634603236006 ] ] ] } },
{ "type": "Feature", "properties": { "cve_loc": "090110021", "nom_loc": "San Juan Ixtayopan", "consultorios_faltantes": 2.8 }, "geometry": { "type": "Polygon", "coordinates": [ [ [ -99.003452264158341, 19.245814259315473 ], [ -98.994809655846751, 19.234565361670644 ], [ -99.000520294397475, 19.233301462169845 ], [ -99.003029623719186, 19.234781201935732 ], [ -99.006479062256645, 19.231269803244977 ], [ -99.010478324109314, 19.232353540502125 ], [ -99.009385492685951, 19.234770327782062 ], [ -99.011088494365211, 19.237372863882047 ], [ -99.009862732260444, 19.23644232001493 ], [ -99.008873906419652, 19.237410734559884 ], [ -99.007907972578067, 19.240651770545629 ], [ -99.005067113855645, 19.242505051557956 ], [ -99.003452264158341, 19.245814259315473 ] ] ] } },
{ "type": "Feature", "properties": { "cve_loc": "090110026", "nom_loc": "Santa Catarina Yecahuitzotl", "consultorios_faltantes": 0.5 }, "geometry": { "type": "Polygon", "coordinates": [ [ [ -98.970604206635969, 19.319584402607468 ], [ -98.964564733651088, 19.318469262550536 ], [ -98.964046492932283, 19.310040528082911 ], [ -98.96883949197634, 19.311561415474451 ], [ -98.969601771448012, 19.309921895854632 ], [ -98.973029971767772, 19.314210443849976 ], [ -98.970604206635969, 19.319584402607468 ] ] ] } },
{ "type": "Feature", "properties": { "cve_loc": "090120026", "nom_loc": "San Miguel Ajusco", "consultorios_faltantes": 1.5 }, "geometry": { "type": "Polygon", "coordinates": [ [ [ -99.196016145423073, 19.224496194844445 ], [ -99.196780806544126, 19.213720697493549 ], [ -99.199773214879855, 19.212185637043241 ], [ -99.205825064558439, 19.212849608415208 ], [ -99.204432343312959, 19.214614257193315 ], [ -99.204148264157539, 19.224365745900059 ], [ -99.199276844848598, 19.225759175215686 ], [ -99.197408406035535, 19.228892573221202 ], [ -99.196016145423073, 19.224496194844445 ] ] ] } },
{ "type": "Feature", "properties": { "cve_loc": "090120027", "nom_loc": "San Miguel Topilejo", "consultorios_faltantes": 0.4 }, "geometry": { "type": "Polygon", "coordinates": [ [ [ -99.154600755605955, 19.211813317236867 ], [ -99.149492847071969, 19.20592180981588 ], [ -99.148842877991171, 19.199943799876266 ], [ -99.157846796483781, 19.196177381469578 ], [ -99.163425275277405, 19.196832380651234 ], [ -99.165662984373114, 19.198428640564142 ], [ -99.161177774171023, 19.201728688300026 ], [ -99.157997555667023, 19.202258319336725 ], [ -99.154600755605955, 19.211813317236867 ] ] ] } },
{ "type": "Feature", "properties": { "cve_loc": "120010081", "nom_loc": "Amatillo", "consultorios_faltantes": 0.3 }, "geometry": { "type": "Polygon", "coordinates": [ [ [ -99.666537540485422, 16.824888499104905 ], [ -99.661315454302539, 16.822220179473767 ], [ -99.662178008557532, 16.818570505408239 ], [ -99.666646970232634, 16.815890653735675 ], [ -99.668912172367016, 16.817183921509329 ], [ -99.670835751197899, 16.816444321104846 ], [ -99.670836402606113, 16.820509499920181 ], [ -99.666537540485422, 16.824888499104905 ] ] ] } },
{ "type": "Feature", "properties": { "cve_loc": "120210001", "nom_loc": "Coyuca de Benítez", "consultorios_faltantes": 0.3 }, "geometry": { "type": "Polygon", "coordinates": [ [ [ -100.084163302771358, 17.006787533630686 ], [ -100.077715563196548, 17.000571005553923 ], [ -100.081010613791278, 16.997348346350677 ], [ -100.088734531106653, 17.002536453682492 ], [ -100.092511561003349, 17.002774824230094 ], [ -100.090891921625428, 17.008406792655979 ], [ -100.08607869152533, 17.007820713768719 ], [ -100.082723702937272, 17.009271222197068 ], [ -100.084163302771358, 17.006787533630686 ] ] ] } },
{ "type": "Feature", "properties": { "cve_loc": "120280001", "nom_loc": "Chilapa de Álvarez", "consultorios_faltantes": 0.3 }, "geometry": { "type": "Polygon", "coordinates": [ [ [ -99.187750215707737, 17.59858001072141 ], [ -99.179692297647676, 17.59487772101869 ], [ -99.180874127922323, 17.588721722277548 ], [ -99.18326484572556, 17.590679153377302 ], [ -99.184384756893621, 17.589366492818787 ], [ -99.184464216575392, 17.594191831603283 ], [ -99.187750215707737, 17.59858001072141 ] ] ] } },
{ "type": "Feature", "properties": { "cve_loc": "120320001", "nom_loc": "Tlacotepec", "consultorios_faltantes": 0.0 }, "geometry": { "type": "Polygon", "coordinates": [ [ [ -99.982223731649611, 17.786803093187959 ], [ -99.973334963998212, 17.788294093704881 ], [ -99.976224164381406, 17.782725994772736 ], [ -99.977645539812784, 17.772581356976715 ], [ -99.981593411375115, 17.781112385533575 ], [ -99.980641761832644, 17.782518384677619 ], [ -99.982223731649611, 17.786803093187959 ] ] ] } },
{ "type": "Feature", "properties": { "cve_loc": "120340001", "nom_loc": "Ciudad de Huitzuco", "consultorios_faltantes": 0.0 }, "geometry": { "type": "Polygon", "coordinates": [ [ [ -99.325703314127324, 18.313645034689763 ], [ -99.320754034757513, 18.313413374834131 ], [ -99.320259956353496, 18.310005785898991 ], [ -99.321630384801892, 18.308236945268472 ], [ -99.324163434131606, 18.308167875702967 ], [ -99.32403795412867, 18.306290895335476 ], [ -99.322267245761225, 18.305628506953461 ], [ -99.324981123547886, 18.303519607255534 ], [ -99.332632612401071, 18.305658355633916 ], [ -99.325703314127324, 18.313645034689763 ] ] ] } },
{ "type": "Feature", "properties": { "cve_loc": "120450015", "nom_loc": "Temalacatzingo", "consultorios_faltantes": 0.5 }, "geometry": { "type": "Polygon", "coordinates": [ [ [ -98.669079474575213, 17.8929830846287 ], [ -98.66774611432885, 17.890569453467378 ], [ -98.670831174769191, 17.890595114845116 ], [ -98.675351732435757, 17.888168535366908 ], [ -98.675880802686848, 17.884325975482838 ], [ -98.681094590909737, 17.88251071674458 ], [ -98.683139730779388, 17.879052626122686 ], [ -98.686303879958558, 17.879953047650314 ], [ -98.688711159103576, 17.878091826601811 ], [ -98.690019929636961, 17.879510366383631 ], [ -98.69020578940048, 17.881219906201316 ], [ -98.688168469389169, 17.882463685753283 ], [ -98.689425289917594, 17.883778761016902 ], [ -98.684610101369984, 17.8844220259179 ], [ -98.685577452107751, 17.887950930735418 ], [ -98.682224269827046, 17.887383894175503 ], [ -98.679661641838294, 17.888761733862044 ], [ -98.678047962009956, 17.886803594702535 ], [ -98.676774073717837, 17.889352284760054 ], [ -98.677556792654627, 17.891825744038268 ], [ -98.675813160936158, 17.892825816485157 ], [ -98.674540388752831, 17.891770411589505 ], [ -98.672817253693665, 17.892555224391895 ], [ -98.672976713851014, 17.89143516433661 ], [ -98.669079474575213, 17.8929830846287 ] ] ] } },
{ "type": "Feature", "properties": { "cve_loc": "120460007", "nom_loc": "Cochoapa", "consultorios_faltantes": 0.0 }, "geometry": { "type": "Polygon", "coordinates": [ [ [ -98.370207663455361, 16.725668650668133 ], [ -98.370433603791994, 16.724459451157415 ], [ -98.367863113096249, 16.725749521038551 ], [ -98.367897313986788, 16.723859820907524 ], [ -98.3638685749399, 16.722448442828721 ], [ -98.364446155102698, 16.717397733251424 ], [ -98.367399754271204, 16.71656259440433 ], [ -98.370667383083571, 16.717425622857743 ], [ -98.370539382982329, 16.718501162281033 ], [ -98.374342721006798, 16.71843181363408 ], [ -98.372523692501119, 16.726641560846709 ], [ -98.370207663455361, 16.725668650668133 ] ] ] } },
{ "type": "Feature", "properties": { "cve_loc": "120510001", "nom_loc": "Quechultenango", "consultorios_faltantes": 0.0 }, "geometry": { "type": "Polygon", "coordinates": [ [ [ -99.243053591180825, 17.416974022319895 ], [ -99.24394637155325, 17.414328823519266 ], [ -99.237997051563042, 17.412931884308957 ], [ -99.239627112469307, 17.411115814934092 ], [ -99.236052453205346, 17.404874195932585 ], [ -99.236839911959947, 17.403977986672896 ], [ -99.23840303208155, 17.406937446200921 ], [ -99.240221911009584, 17.405421505063362 ], [ -99.242250681113532, 17.405969505318716 ], [ -99.243815620274802, 17.410247844204179 ], [ -99.245470300169814, 17.407333554403365 ], [ -99.244304561474266, 17.404298445724748 ], [ -99.24553052975736, 17.402135647110129 ], [ -99.247374510223494, 17.406850134789252 ], [ -99.246123990253963, 17.40983535417303 ], [ -99.247651850277123, 17.411586135012943 ], [ -99.245888300752455, 17.415934792931505 ], [ -99.243053591180825, 17.416974022319895 ] ] ] } },
{ "type": "Feature", "properties": { "cve_loc": "120550001", "nom_loc": "Taxco de Alarcón", "consultorios_faltantes": 0.0 }, "geometry": { "type": "Polygon", "coordinates": [ [ [ -99.609759195275174, 18.565141465578495 ], [ -99.607876305584114, 18.562620407136109 ], [ -99.606322015423132, 18.564508266703029 ], [ -99.603955077343784, 18.563453946321516 ], [ -99.604189316607929, 18.561360286534995 ], [ -99.607819175921733, 18.561774186404264 ], [ -99.609081165255233, 18.558366177021675 ], [ -99.609759195275174, 18.565141465578495 ] ] ] } },
{ "type": "Feature", "properties": { "cve_loc": "120550039", "nom_loc": "Acuitlapán", "consultorios_faltantes": 0.4 }, "geometry": { "type": "Polygon", "coordinates": [ [ [ -99.548778979845508, 18.605417977698021 ], [ -99.541919071720557, 18.606180807507211 ], [ -99.539216663047867, 18.601153628439587 ], [ -99.536981752568408, 18.600734178618318 ], [ -99.535628982815197, 18.598563380952996 ], [ -99.538931932975871, 18.597431139061666 ], [ -99.539524191757053, 18.598404829273733 ], [ -99.539421521590896, 18.597220538021546 ], [ -99.541099101470451, 18.59696222805335 ], [ -99.544208431847636, 18.600858638677423 ], [ -99.547630210353361, 18.601842178510164 ], [ -99.548778979845508, 18.605417977698021 ] ] ] } },
{ "type": "Feature", "properties": { "cve_loc": "120570001", "nom_loc": "Técpan de Galeana", "consultorios_faltantes": 0.0 }, "geometry": { "type": "Polygon", "coordinates": [ [ [ -100.621441994243028, 17.236786626419278 ], [ -100.61898314479123, 17.232881197941431 ], [ -100.621176951829483, 17.228568127814015 ], [ -100.621968724398769, 17.229422347723656 ], [ -100.628403122646759, 17.226559649662178 ], [ -100.630313601671531, 17.22392048961682 ], [ -100.633950361214019, 17.225283538795978 ], [ -100.634008111062315, 17.227315628568981 ], [ -100.627043203096889, 17.22787545866699 ], [ -100.623021403518493, 17.234939566837404 ], [ -100.621441994243028, 17.236786626419278 ] ] ] } },
{ "type": "Feature", "properties": { "cve_loc": "120610001", "nom_loc": "Tixtla de Guerrero", "consultorios_faltantes": 0.2 }, "geometry": { "type": "Polygon", "coordinates": [ [ [ -99.397569135914011, 17.581283171040276 ], [ -99.39002890650238, 17.576258674292703 ], [ -99.392313895415171, 17.573734445481129 ], [ -99.395710363799864, 17.574270376026828 ], [ -99.395251964388578, 17.576447184351942 ], [ -99.399514722988457, 17.576102635485324 ], [ -99.398410933302941, 17.573701815081954 ], [ -99.400681423151383, 17.573317544858302 ], [ -99.399488073070117, 17.572756646417549 ], [ -99.402280162093319, 17.570289347016924 ], [ -99.404649692621263, 17.578540174218393 ], [ -99.403357072207342, 17.58071006460376 ], [ -99.397569135914011, 17.581283171040276 ] ] ] } },
{ "type": "Feature", "properties": { "cve_loc": "120660001", "nom_loc": "Tlapa de Comonfort", "consultorios_faltantes": 0.5 }, "geometry": { "type": "Polygon", "coordinates": [ [ [ -98.586762694187783, 17.539015107223459 ], [ -98.588192664260873, 17.536106597360046 ], [ -98.586636994495876, 17.533546857829279 ], [ -98.588106493221247, 17.531294649516884 ], [ -98.589116532466392, 17.533888877592428 ], [ -98.589657892324809, 17.532272528792998 ], [ -98.592655671679367, 17.532206958279918 ], [ -98.593258337984494, 17.534919195463274 ], [ -98.591211162955489, 17.537532847956388 ], [ -98.591685622037318, 17.539689757254941 ], [ -98.59696378130387, 17.539764477306075 ], [ -98.592636493137405, 17.54403678689091 ], [ -98.589067692968058, 17.536189768454946 ], [ -98.58938622399117, 17.538700137488533 ], [ -98.586762694187783, 17.539015107223459 ] ] ] } },
{ "type": "Feature", "properties": { "cve_loc": "130030001", "nom_loc": "Actopan", "consultorios_faltantes": 0.1 }, "geometry": { "type": "Polygon", "coordinates": [ [ [ -98.957553201375845, 20.273030645200102 ], [ -98.957598011589965, 20.26857909628762 ], [ -98.955793501851133, 20.268343336333125 ], [ -98.955236372230758, 20.266393966791384 ], [ -98.959840091120782, 20.264145257400767 ], [ -98.967683349690773, 20.263305660276007 ], [ -98.972205365420251, 20.26683425968702 ], [ -98.972268269347211, 20.26910356718453 ], [ -98.968438609360021, 20.269069056531617 ], [ -98.969280978465434, 20.272979955452385 ], [ -98.963698241602572, 20.27251492383683 ], [ -98.961020230698239, 20.274069355279661 ], [ -98.957553201375845, 20.273030645200102 ] ] ] } },
{ "type": "Feature", "properties": { "cve_loc": "130030014", "nom_loc": "El Huaxtho", "consultorios_faltantes": 0.1 }, "geometry": { "type": "Polygon", "coordinates": [ [ [ -98.969433166047168, 20.225391334959259 ], [ -98.966348473492076, 20.243250742615533 ], [ -98.968232602326765, 20.244105158331447 ], [ -98.959796440468537, 20.251599609172953 ], [ -98.956859271172334, 20.256674219134656 ], [ -98.955895751726217, 20.254107619144186 ], [ -98.956881460709226, 20.250354389083562 ], [ -98.955050182372574, 20.247100051477631 ], [ -98.957776319850893, 20.243116791376902 ], [ -98.956435213117899, 20.242326882184397 ], [ -98.958952612472146, 20.237179223672154 ], [ -98.957298442471071, 20.228538268737019 ], [ -98.960246460114462, 20.225055025687713 ], [ -98.96353207014937, 20.223672809107118 ], [ -98.969433166047168, 20.225391334959259 ] ] ] } },
{ "type": "Feature", "properties": { "cve_loc": "130080001", "nom_loc": "Apan", "consultorios_faltantes": 0.3 }, "geometry": { "type": "Polygon", "coordinates": [ [ [ -98.446920971932187, 19.713076124272334 ], [ -98.446836294959112, 19.710897293899201 ], [ -98.444555357661528, 19.711003801272977 ], [ -98.44466986582205, 19.709192355663415 ], [ -98.44673304918183, 19.70904951008427 ], [ -98.447218894922941, 19.704723848630714 ], [ -98.442959881028912, 19.700592157748861 ], [ -98.445541034564513, 19.702240311393208 ], [ -98.445931434419592, 19.70106451201886 ], [ -98.449071725643378, 19.702105726162095 ], [ -98.447667940713728, 19.703553202931708 ], [ -98.448908357040096, 19.703666879937867 ], [ -98.44907843351433, 19.708920125001516 ], [ -98.450987002216579, 19.708761587271173 ], [ -98.451218602390696, 19.714395662302337 ], [ -98.449770925379525, 19.714103293353176 ], [ -98.449365094692325, 19.715462493668237 ], [ -98.449282571840328, 19.712955201813536 ], [ -98.446920971932187, 19.713076124272334 ] ] ] } },
{ "type": "Feature", "properties": { "cve_loc": "130120001", "nom_loc": "Atotonilco el Grande", "consultorios_faltantes": 0.1 }, "geometry": { "type": "Polygon", "coordinates": [ [ [ -98.665487722707212, 20.295351160956489 ], [ -98.650201766234815, 20.290561590636425 ], [ -98.651195426784824, 20.281473891740955 ], [ -98.658960454878837, 20.283585851451221 ], [ -98.659910444879031, 20.282087421506862 ], [ -98.658853993528083, 20.279901481569638 ], [ -98.661131701447587, 20.276358643782114 ], [ -98.668899372539641, 20.282174243135959 ], [ -98.665801913044504, 20.286641580604268 ], [ -98.663608653485468, 20.287186391114311 ], [ -98.667837422664348, 20.288059120260627 ], [ -98.665487722707212, 20.295351160956489 ] ] ] } },
{ "type": "Feature", "properties": { "cve_loc": "130160001", "nom_loc": "Cuautepec", "consultorios_faltantes": 0.5 }, "geometry": { "type": "Polygon", "coordinates": [ [ [ -98.314909263461885, 20.04424607631357 ], [ -98.310302802064072, 20.042507774535718 ], [ -98.307926453188017, 20.043576724968588 ], [ -98.304354933953476, 20.038982525917078 ], [ -98.304630973959618, 20.036038576197402 ], [ -98.306005253467035, 20.035017156561725 ], [ -98.320328589699145, 20.035710006115064 ], [ -98.327304558242943, 20.042689434642675 ], [ -98.325859389031947, 20.04626670376625 ], [ -98.322458929426318, 20.046595154356353 ], [ -98.320238509809229, 20.045055093912282 ], [ -98.31734557160128, 20.048808372725841 ], [ -98.314968250039954, 20.047748402416687 ], [ -98.314909263461885, 20.04424607631357 ] ] ] } },
{ "type": "Feature", "properties": { "cve_loc": "130230001", "nom_loc": "Tepatepec", "consultorios_faltantes": 0.6 }, "geometry": { "type": "Polygon", "coordinates": [ [ [ -99.089896544520869, 20.250814074889149 ], [ -99.090091614869522, 20.240130258148643 ], [ -99.098001233843476, 20.241670784940652 ], [ -99.095515494817334, 20.24230893463141 ], [ -99.095075444251435, 20.244763734007655 ], [ -99.098384910724917, 20.246117794603315 ], [ -99.096220643209733, 20.245993716528826 ], [ -99.095990182971235, 20.251168214792106 ], [ -99.097090092067361, 20.251772315303509 ], [ -99.089896544520869, 20.250814074889149 ] ] ] } },
{ "type": "Feature", "properties": { "cve_loc": "130230012", "nom_loc": "El Rosario", "consultorios_faltantes": 0.3 }, "geometry": { "type": "Polygon", "coordinates": [ [ [ -99.013379117751384, 20.264401758190957 ], [ -99.012884936346708, 20.242278373475742 ], [ -99.018121306499808, 20.239689713972506 ], [ -99.018786226645233, 20.237240035727954 ], [ -99.021515104829419, 20.235924205158469 ], [ -99.017523856390341, 20.234427254816335 ], [ -99.021399655717786, 20.233843147240947 ], [ -99.024300685908017, 20.23151477709207 ], [ -99.03129165690342, 20.230617709286328 ], [ -99.033396349236398, 20.228515881409532 ], [ -99.040934790696426, 20.240492663708586 ], [ -99.035596512760534, 20.243200944327768 ], [ -99.035068267224261, 20.247905465341908 ], [ -99.038333134639274, 20.249086752498698 ], [ -99.038601070755618, 20.250611792720058 ], [ -99.036520051319556, 20.252219762597225 ], [ -99.036057112116552, 20.258462820105539 ], [ -99.013379117751384, 20.264401758190957 ] ] ] } },
{ "type": "Feature", "properties": { "cve_loc": "130280001", "nom_loc": "Huejutla de Reyes", "consultorios_faltantes": 0.2 }, "geometry": { "type": "Polygon", "coordinates": [ [ [ -98.414555389733579, 21.135761827521787 ], [ -98.415328878871463, 21.131551358010412 ], [ -98.413651598317259, 21.131995758914368 ], [ -98.413334128669248, 21.123963029679594 ], [ -98.419159808380584, 21.126891933875907 ], [ -98.415757388784371, 21.130979138668639 ], [ -98.418515398047461, 21.133028557557211 ], [ -98.415538788427867, 21.133692988494229 ], [ -98.420331706826147, 21.133839277666805 ], [ -98.418502827205742, 21.134671197527403 ], [ -98.419081257973431, 21.135700047926868 ], [ -98.424102807219114, 21.13235151554591 ], [ -98.4229509663421, 21.133415070218085 ], [ -98.425503656121791, 21.134606306720045 ], [ -98.424722276605181, 21.135435414885674 ], [ -98.423477154589747, 21.13416438052781 ], [ -98.417729588178446, 21.139045126030169 ], [ -98.416116538755062, 21.138800566595538 ], [ -98.414555389733579, 21.135761827521787 ] ] ] } },
{ "type": "Feature", "properties": { "cve_loc": "130290001", "nom_loc": "Huichapan", "consultorios_faltantes": 0.0 }, "geometry": { "type": "Polygon", "coordinates": [ [ [ -99.643601833443071, 20.387492902466672 ], [ -99.641149184593701, 20.385894253665061 ], [ -99.639030803400317, 20.380983204058001 ], [ -99.636067584717807, 20.380026335809237 ], [ -99.634463935065654, 20.371334536493766 ], [ -99.641591753772971, 20.370963206612501 ], [ -99.643865633838132, 20.369385877577859 ], [ -99.644985962090615, 20.368065768111752 ], [ -99.642343613470857, 20.359967919895301 ], [ -99.646720981757127, 20.360351939601482 ], [ -99.645174583402792, 20.357540769457305 ], [ -99.648034162200432, 20.358029809275031 ], [ -99.652805983382009, 20.35229431988677 ], [ -99.651359899337734, 20.360652914017145 ], [ -99.648846431455397, 20.360870586763795 ], [ -99.649416089176682, 20.359327090207831 ], [ -99.648011844241822, 20.358799644285121 ], [ -99.648675105126543, 20.370648302931411 ], [ -99.650244967428293, 20.370586964857495 ], [ -99.65043165868471, 20.371869042118529 ], [ -99.642906060883504, 20.372719210149032 ], [ -99.642632783112489, 20.376970993208488 ], [ -99.645346029420651, 20.376713532948003 ], [ -99.646890967005092, 20.379323900861106 ], [ -99.648383690530338, 20.379180793058488 ], [ -99.648747382452115, 20.383022515876526 ], [ -99.643601833443071, 20.387492902466672 ] ] ] } },
{ "type": "Feature", "properties": { "cve_loc": "130300001", "nom_loc": "Ixmiquilpan", "consultorios_faltantes": 0.2 }, "geometry": { "type": "Polygon", "coordinates": [ [ [ -99.220131840360509, 20.481095060841795 ], [ -99.214058626962625, 20.479157491345649 ], [ -99.214864656345455, 20.471860601580687 ], [ -99.218709609573423, 20.472253016475847 ], [ -99.219844686726603, 20.476950522983731 ], [ -99.221817609306882, 20.475983230661846 ], [ -99.223374685786553, 20.477074399798173 ], [ -99.221550964840318, 20.47769660044095 ], [ -99.220131840360509, 20.481095060841795 ] ] ] } },
{ "type": "Feature", "properties": { "cve_loc": "130410001", "nom_loc": "Mixquiahuala de Juárez", "consultorios_faltantes": 0.0 }, "geometry": { "type": "Polygon", "coordinates": [ [ [ -99.217343968709855, 20.230622566164918 ], [ -99.218107658573587, 20.226073636928827 ], [ -99.225673666512279, 20.218899349161934 ], [ -99.230925485586283, 20.218667368511444 ], [ -99.2237470565222, 20.22734303661041 ], [ -99.222842666855243, 20.233549485536809 ], [ -99.217343968709855, 20.230622566164918 ] ] ] } },
{ "type": "Feature", "properties": { "cve_loc": "130410010", "nom_loc": "Colonia Teñhe", "consultorios_faltantes": 0.1 }, "geometry": { "type": "Polygon", "coordinates": [ [ [ -99.180188317148151, 20.20060980291624 ], [ -99.18026744785243, 20.198090752945799 ], [ -99.176413128867566, 20.198061213532185 ], [ -99.176384008611819, 20.19628697392266 ], [ -99.174510698759491, 20.196243473503149 ], [ -99.175427239203415, 20.194210944238964 ], [ -99.172599389514104, 20.190449944895764 ], [ -99.172500779686615, 20.186762666073996 ], [ -99.180305018042432, 20.18691887614461 ], [ -99.180246387449671, 20.190655714696305 ], [ -99.184301156598394, 20.192565444796962 ], [ -99.184166556544099, 20.198146523639387 ], [ -99.180188317148151, 20.20060980291624 ] ] ] } },
{ "type": "Feature", "properties": { "cve_loc": "130500001", "nom_loc": "Progreso de Obregón", "consultorios_faltantes": 0.3 }, "geometry": { "type": "Polygon", "coordinates": [ [ [ -99.187982095801502, 20.250032558214976 ], [ -99.187922157853606, 20.247880404896272 ], [ -99.182839004348594, 20.247525897032542 ], [ -99.181642973823713, 20.245616990453886 ], [ -99.178860017935619, 20.245141302351406 ], [ -99.179585747066795, 20.24279503350342 ], [ -99.189013417915788, 20.244840436728435 ], [ -99.191064709575045, 20.242495345303116 ], [ -99.19228243236573, 20.242963452273397 ], [ -99.192346908976333, 20.250769081116609 ], [ -99.187982095801502, 20.250032558214976 ] ] ] } },
{ "type": "Feature", "properties": { "cve_loc": "130510001", "nom_loc": "Pachuquilla", "consultorios_faltantes": 0.5 }, "geometry": { "type": "Polygon", "coordinates": [ [ [ -98.702541608169781, 20.078571330282482 ], [ -98.702029588671323, 20.076407420369474 ], [ -98.701484502058662, 20.078453452291225 ], [ -98.695969291043568, 20.078082819816363 ], [ -98.696516907648785, 20.07439713148241 ], [ -98.69581734978955, 20.075971038311231 ], [ -98.693289226781332, 20.076369215740343 ], [ -98.69405984061892, 20.073210841497982 ], [ -98.700714559832704, 20.073996111325091 ], [ -98.704445558800941, 20.077583069873345 ], [ -98.702541608169781, 20.078571330282482 ] ] ] } },
{ "type": "Feature", "properties": { "cve_loc": "130510014", "nom_loc": "El Saucillo", "consultorios_faltantes": 0.1 }, "geometry": { "type": "Polygon", "coordinates": [ [ [ -98.738286450823793, 20.079414839424455 ], [ -98.73119305115523, 20.078024850415666 ], [ -98.732921580946609, 20.075413130592882 ], [ -98.73228794681394, 20.07064749073653 ], [ -98.733997462213111, 20.070217711195816 ], [ -98.740667818881306, 20.075550900483268 ], [ -98.737817000840408, 20.078314839451696 ], [ -98.738286450823793, 20.079414839424455 ] ] ] } },
{ "type": "Feature", "properties": { "cve_loc": "130510027", "nom_loc": "La Providencia Siglo XXI", "consultorios_faltantes": 0.4 }, "geometry": { "type": "Polygon", "coordinates": [ [ [ -98.722388824920813, 20.060929583907452 ], [ -98.715661826105887, 20.059444814148833 ], [ -98.715903526830971, 20.056434595309881 ], [ -98.724029944708406, 20.058243314281651 ], [ -98.722388824920813, 20.060929583907452 ] ] ] } },
{ "type": "Feature", "properties": { "cve_loc": "130510055", "nom_loc": "PRI Chacón", "consultorios_faltantes": 0.1 }, "geometry": { "type": "Polygon", "coordinates": [ [ [ -98.733093520652744, 20.082481668840295 ], [ -98.734433982178444, 20.079526189591153 ], [ -98.736808061020284, 20.080441789375772 ], [ -98.737377250916566, 20.079122979403259 ], [ -98.740274140148927, 20.080831268695164 ], [ -98.73852043080872, 20.084729328485501 ], [ -98.733093520652744, 20.082481668840295 ] ] ] } },
{ "type": "Feature", "properties": { "cve_loc": "130510078", "nom_loc": "Los Tuzos", "consultorios_faltantes": 0.0 }, "geometry": { "type": "Polygon", "coordinates": [ [ [ -98.759355414746139, 20.057210055235135 ], [ -98.754278797324858, 20.055700302599771 ], [ -98.755359516658956, 20.052516905976773 ], [ -98.760145536071818, 20.054293345243899 ], [ -98.759355414746139, 20.057210055235135 ] ] ] } },
{ "type": "Feature", "properties": { "cve_loc": "130510083", "nom_loc": "Rinconada de los Ángeles", "consultorios_faltantes": 0.1 }, "geometry": { "type": "Polygon", "coordinates": [ [ [ -98.715193947129222, 20.027787942036102 ], [ -98.704354859613659, 20.026905121506882 ], [ -98.703745501344684, 20.024643833427859 ], [ -98.712389952698501, 20.02389000012942 ], [ -98.712319949560808, 20.026158749317013 ], [ -98.715193947129222, 20.027787942036102 ] ] ] } },
{ "type": "Feature", "properties": { "cve_loc": "130510093", "nom_loc": "Campestre Villas del Álamo", "consultorios_faltantes": 0.1 }, "geometry": { "type": "Polygon", "coordinates": [ [ [ -98.705470269534445, 20.104228759880048 ], [ -98.701353690164581, 20.101533693996483 ], [ -98.703206789365836, 20.100210014216596 ], [ -98.704296838783165, 20.101963535140236 ], [ -98.706581068532529, 20.098414834655806 ], [ -98.712151069379317, 20.102583846271134 ], [ -98.705470269534445, 20.104228759880048 ] ] ] } },
{ "type": "Feature", "properties": { "cve_loc": "130510096", "nom_loc": "La Colonia", "consultorios_faltantes": 0.2 }, "geometry": { "type": "Polygon", "coordinates": [ [ [ -98.766785164455314, 20.054296824939534 ], [ -98.768075219577526, 20.051880875086209 ], [ -98.774488104945647, 20.05545334487384 ], [ -98.77306247224908, 20.057875013982336 ], [ -98.766785164455314, 20.054296824939534 ] ] ] } },
{ "type": "Feature", "properties": { "cve_loc": "130510099", "nom_loc": "Forjadores de Pachuca", "consultorios_faltantes": 0.6 }, "geometry": { "type": "Polygon", "coordinates": [ [ [ -98.765824964636707, 20.058745194477648 ], [ -98.75944745591201, 20.057146944483328 ], [ -98.761020845741797, 20.050377106202646 ], [ -98.767114413682947, 20.051150016192135 ], [ -98.765824964636707, 20.058745194477648 ] ], [ [ -98.763686364681249, 20.053811115159483 ], [ -98.761305765392564, 20.055686534679317 ], [ -98.762978504678486, 20.056026784801873 ], [ -98.763686364681249, 20.053811115159483 ] ] ] } },
{ "type": "Feature", "properties": { "cve_loc": "130510107", "nom_loc": "Manuel Ávila Camacho", "consultorios_faltantes": 0.2 }, "geometry": { "type": "Polygon", "coordinates": [ [ [ -98.712429666940849, 20.111709662346005 ], [ -98.709997407965005, 20.113244471506864 ], [ -98.710902327012207, 20.115595041472091 ], [ -98.712012867166266, 20.115184381450728 ], [ -98.709941685583161, 20.117526672211039 ], [ -98.704297239320724, 20.118464580485444 ], [ -98.706499038497398, 20.114807431228364 ], [ -98.704902359283693, 20.111916351825677 ], [ -98.706515778782716, 20.109618502692506 ], [ -98.712429666940849, 20.111709662346005 ] ] ] } },
{ "type": "Feature", "properties": { "cve_loc": "130510139", "nom_loc": "El Saucillo Fraccionamiento", "consultorios_faltantes": 0.1 }, "geometry": { "type": "Polygon", "coordinates": [ [ [ -98.731076092475021, 20.067653110787013 ], [ -98.737375351285337, 20.067198811894023 ], [ -98.735206598364073, 20.070869136326532 ], [ -98.731076092475021, 20.067653110787013 ] ] ] } },
{ "type": "Feature", "properties": { "cve_loc": "130510146", "nom_loc": "Villas del Álamo", "consultorios_faltantes": 0.0 }, "geometry": { "type": "Polygon", "coordinates": [ [ [ -98.710378687643114, 20.100563834197725 ], [ -98.704962898877028, 20.097452604993023 ], [ -98.707087318628083, 20.0947278458158 ], [ -98.7136211169218, 20.099202955130103 ], [ -98.710378687643114, 20.100563834197725 ] ] ] } },
{ "type": "Feature", "properties": { "cve_loc": "130510147", "nom_loc": "Unidad Minera 11 de Julio", "consultorios_faltantes": 0.3 }, "geometry": { "type": "Polygon", "coordinates": [ [ [ -98.722853024764646, 20.105607723371989 ], [ -98.720021021836118, 20.103251045303924 ], [ -98.723538784020491, 20.099769324680921 ], [ -98.719736422046807, 20.09586952893255 ], [ -98.725226063518747, 20.091705156849272 ], [ -98.729180522025047, 20.101052803522766 ], [ -98.725870375806537, 20.106014916676141 ], [ -98.722853024764646, 20.105607723371989 ] ] ] } },
{ "type": "Feature", "properties": { "cve_loc": "130510151", "nom_loc": "Hacienda Margarita", "consultorios_faltantes": 0.5 }, "geometry": { "type": "Polygon", "coordinates": [ [ [ -98.726544819727579, 20.002903835784121 ], [ -98.717140998256383, 19.993840199914672 ], [ -98.721547865683021, 19.993353732990549 ], [ -98.723983310753624, 19.99545586382083 ], [ -98.72645630650517, 19.99473751346649 ], [ -98.727011524015666, 19.995745723093489 ], [ -98.724222028358284, 19.998571199785751 ], [ -98.726501904743145, 19.999667602067998 ], [ -98.726544819727579, 20.002903835784121 ] ] ] } },
{ "type": "Feature", "properties": { "cve_loc": "130510152", "nom_loc": "Praderas de Virreyes", "consultorios_faltantes": 0.2 }, "geometry": { "type": "Polygon", "coordinates": [ [ [ -98.705352892087177, 20.033515971175685 ], [ -98.70840310993448, 20.033702768480019 ], [ -98.708370922635382, 20.035567492915884 ], [ -98.709636925608194, 20.035617889270394 ], [ -98.708950280621792, 20.03787568725275 ], [ -98.698124886942907, 20.037250764503071 ], [ -98.70340560934585, 20.037305876590846 ], [ -98.703067650265723, 20.035496612025273 ], [ -98.705197324880317, 20.035622605180404 ], [ -98.705352892087177, 20.033515971175685 ] ] ] } },
{ "type": "Feature", "properties": { "cve_loc": "130540019", "nom_loc": "San Antonio Zaragoza", "consultorios_faltantes": 0.3 }, "geometry": { "type": "Polygon", "coordinates": [ [ [ -98.989823834280017, 20.26204623070743 ], [ -98.987642093202624, 20.258438309440155 ], [ -98.989398423303967, 20.254318680994878 ], [ -98.987459524722397, 20.254282280686112 ], [ -98.985916804415936, 20.249142631920805 ], [ -99.001835172172946, 20.241538435354716 ], [ -99.012885708613666, 20.24256822364686 ], [ -99.013379117751384, 20.264401758190957 ], [ -99.002600359478492, 20.266385250577368 ], [ -99.000300664106675, 20.259332087273371 ], [ -98.989823834280017, 20.26204623070743 ] ] ] } },
{ "type": "Feature", "properties": { "cve_loc": "130560001", "nom_loc": "Santiago Tulantepec", "consultorios_faltantes": 0.1 }, "geometry": { "type": "Polygon", "coordinates": [ [ [ -98.354389271042592, 20.038115756616055 ], [ -98.354338211343219, 20.033969808073387 ], [ -98.351697322286626, 20.031696307216187 ], [ -98.352847421915783, 20.029831748151238 ], [ -98.357715080761082, 20.03387140742279 ], [ -98.366614248793724, 20.035561926608512 ], [ -98.363568639123159, 20.038190276544292 ], [ -98.354389271042592, 20.038115756616055 ] ] ] } },
{ "type": "Feature", "properties": { "cve_loc": "130610001", "nom_loc": "Tepeapulco", "consultorios_faltantes": 0.0 }, "geometry": { "type": "Polygon", "coordinates": [ [ [ -98.555929006668165, 19.798283304762442 ], [ -98.552824438260444, 19.797441736015426 ], [ -98.553163191817831, 19.792634184317713 ], [ -98.549918839644263, 19.789308122281255 ], [ -98.551759899723692, 19.786863569751194 ], [ -98.560981713171273, 19.795025151416681 ], [ -98.555929006668165, 19.798283304762442 ] ] ] } },
{ "type": "Feature", "properties": { "cve_loc": "130630001", "nom_loc": "Tepeji del Río de Ocampo", "consultorios_faltantes": 0.2 }, "geometry": { "type": "Polygon", "coordinates": [ [ [ -99.341398739290455, 19.901755930857014 ], [ -99.344033859053098, 19.897297222273505 ], [ -99.341896919112443, 19.89465624278267 ], [ -99.341044140046918, 19.889694393296526 ], [ -99.342996368054173, 19.883419826042562 ], [ -99.344714275693946, 19.889710994680289 ], [ -99.347004567371343, 19.88906701232245 ], [ -99.346063179213999, 19.89104305456771 ], [ -99.34723964020769, 19.890929224696013 ], [ -99.347284887923919, 19.892966853518235 ], [ -99.35375759495588, 19.894002501040553 ], [ -99.354798917937813, 19.896825040193278 ], [ -99.352914036406304, 19.901106681238023 ], [ -99.347620888048752, 19.90282398068852 ], [ -99.341398739290455, 19.901755930857014 ] ] ] } },
{ "type": "Feature", "properties": { "cve_loc": "130630011", "nom_loc": "San Ildefonso", "consultorios_faltantes": 0.5 }, "geometry": { "type": "Polygon", "coordinates": [ [ [ -99.374475354870583, 19.999845724993619 ], [ -99.368477399413649, 20.001695271225234 ], [ -99.369480980636467, 19.99854880991278 ], [ -99.364657072114753, 19.997235602268436 ], [ -99.365812655478493, 19.996690417139686 ], [ -99.364305391417346, 19.995841695485694 ], [ -99.365175944064887, 19.993126464703682 ], [ -99.371439188605862, 19.993035433972871 ], [ -99.371905767074267, 19.991072102780311 ], [ -99.381399079158484, 19.994983479653342 ], [ -99.381679175353383, 19.996822403486842 ], [ -99.37995839782927, 19.996881942774909 ], [ -99.380486490383234, 19.998955422406087 ], [ -99.378797148733781, 19.99857024989889 ], [ -99.377230416626332, 20.002097116104146 ], [ -99.374475354870583, 19.999845724993619 ] ] ] } },
{ "type": "Feature", "properties": { "cve_loc": "130630020", "nom_loc": "Tianguistengo (La Romera)", "consultorios_faltantes": 0.3 }, "geometry": { "type": "Polygon", "coordinates": [ [ [ -99.32707435554228, 19.928614506812789 ], [ -99.325628161770595, 19.9253566257198 ], [ -99.322806536712093, 19.926470936731043 ], [ -99.324913185285979, 19.92344527996142 ], [ -99.322967202073244, 19.920593833411075 ], [ -99.320419457158337, 19.922746445923622 ], [ -99.316524895545783, 19.92272932542576 ], [ -99.314814357774921, 19.922102957345786 ], [ -99.313025143489895, 19.918358510947471 ], [ -99.317697727609996, 19.918461033878874 ], [ -99.318149294982845, 19.91711414315829 ], [ -99.319353173212818, 19.917944634077106 ], [ -99.320210371185084, 19.915940081335737 ], [ -99.323543585779248, 19.916196080582409 ], [ -99.327282139696948, 19.912797621138374 ], [ -99.330264616398935, 19.912474436643105 ], [ -99.330182336644526, 19.916894921590057 ], [ -99.328611231453038, 19.917035480841342 ], [ -99.329188677163742, 19.919835510682823 ], [ -99.326215248024596, 19.92230171116141 ], [ -99.328223215232981, 19.924462279431886 ], [ -99.328302523703087, 19.928182339708489 ], [ -99.32707435554228, 19.928614506812789 ] ] ] } },
{ "type": "Feature", "properties": { "cve_loc": "130690001", "nom_loc": "Tizayuca", "consultorios_faltantes": 0.1 }, "geometry": { "type": "Polygon", "coordinates": [ [ [ -98.97104578698881, 19.835574508317762 ], [ -98.966012182324391, 19.834322820816801 ], [ -98.96552758195142, 19.8355426046353 ], [ -98.954697329612657, 19.831302806156085 ], [ -98.95634021747307, 19.827485283170407 ], [ -98.964542229183266, 19.830616544602773 ], [ -98.965796883694409, 19.82763661123823 ], [ -98.974990369818258, 19.830520572055747 ], [ -98.978331349090524, 19.829941549475812 ], [ -98.97835299501979, 19.832104067541042 ], [ -98.975929703454469, 19.834747698043518 ], [ -98.974209595315273, 19.835177266464605 ], [ -98.973120734767818, 19.833429837524687 ], [ -98.97104578698881, 19.835574508317762 ] ] ] } },
{ "type": "Feature", "properties": { "cve_loc": "130690019", "nom_loc": "Tepojaco", "consultorios_faltantes": 0.9 }, "geometry": { "type": "Polygon", "coordinates": [ [ [ -98.94097586113692, 19.84852999365777 ], [ -98.941635738497553, 19.846022970086764 ], [ -98.940059865278172, 19.84612578797115 ], [ -98.940825002465161, 19.844356758595097 ], [ -98.94225760300732, 19.84478604997631 ], [ -98.942654849571255, 19.84169377357615 ], [ -98.950457092264116, 19.839702927951119 ], [ -98.950622770300797, 19.835962959923798 ], [ -98.956395345273847, 19.836774387482059 ], [ -98.959618234757059, 19.84430014303468 ], [ -98.957847225824977, 19.846459559932523 ], [ -98.954206817070769, 19.848695667404726 ], [ -98.949089232485179, 19.845820082037822 ], [ -98.946393272605093, 19.848159048800841 ], [ -98.943587700460839, 19.847330243516769 ], [ -98.942256511739842, 19.849285215750022 ], [ -98.94097586113692, 19.84852999365777 ] ] ] } },
{ "type": "Feature", "properties": { "cve_loc": "130690055", "nom_loc": "Los Héroes Tizayuca", "consultorios_faltantes": 0.2 }, "geometry": { "type": "Polygon", "coordinates": [ [ [ -98.987511715087209, 19.865409896957853 ], [ -98.991036807737302, 19.862999535150564 ], [ -98.991935011269561, 19.864744559707393 ], [ -98.993980898130076, 19.863197111254337 ], [ -98.995390252946819, 19.865262593821086 ], [ -98.994149907289469, 19.866619317221581 ], [ -98.992889269358855, 19.865635508424258 ], [ -98.991607174892593, 19.868622233733603 ], [ -98.990032991691606, 19.867392648910716 ], [ -98.988461215812961, 19.8691483455578 ], [ -98.987570723573057, 19.868457167931915 ], [ -98.989099583395316, 19.866656055850591 ], [ -98.987511715087209, 19.865409896957853 ] ] ] } },
{ "type": "Feature", "properties": { "cve_loc": "130720001", "nom_loc": "Tlanalapa", "consultorios_faltantes": 0.3 }, "geometry": { "type": "Polygon", "coordinates": [ [ [ -98.600651055969706, 19.821648639944744 ], [ -98.591838997246498, 19.820286485767653 ], [ -98.591033478369425, 19.818240266467601 ], [ -98.59563943684708, 19.813299851992657 ], [ -98.594393622347781, 19.81136046917862 ], [ -98.599061395626265, 19.805982612170883 ], [ -98.600472717570938, 19.807777748883932 ], [ -98.602491225472875, 19.80549082731093 ], [ -98.602343040335626, 19.811457088000651 ], [ -98.604978363588515, 19.815064592942576 ], [ -98.600651055969706, 19.821648639944744 ] ] ] } },
{ "type": "Feature", "properties": { "cve_loc": "130740002", "nom_loc": "Doxey", "consultorios_faltantes": 0.7 }, "geometry": { "type": "Polygon", "coordinates": [ [ [ -99.25027338071078, 20.08282860649593 ], [ -99.249633155698319, 20.086616973016454 ], [ -99.255671926229766, 20.086702364470955 ], [ -99.25580514860512, 20.088079019025969 ], [ -99.249031019378975, 20.089680718346468 ], [ -99.248850300074238, 20.093538337144082 ], [ -99.250656573163695, 20.095341825376572 ], [ -99.243210081993183, 20.101343008107992 ], [ -99.241871144334368, 20.098142454458969 ], [ -99.242336005728475, 20.0843778879712 ], [ -99.24381792860332, 20.08245999741434 ], [ -99.241744441490383, 20.078213686577005 ], [ -99.25027338071078, 20.08282860649593 ] ] ] } },
{ "type": "Feature", "properties": { "cve_loc": "130760022", "nom_loc": "San Marcos", "consultorios_faltantes": 0.4 }, "geometry": { "type": "Polygon", "coordinates": [ [ [ -99.335258060244186, 20.03158296180284 ], [ -99.333141722839656, 20.030287530787369 ], [ -99.330615630414016, 20.03107949981651 ], [ -99.331245981263038, 20.025468725626851 ], [ -99.32672693385031, 20.018577547824826 ], [ -99.332132984589322, 20.016617550019028 ], [ -99.332857568660202, 20.020836241763085 ], [ -99.333811046283074, 20.021242871574103 ], [ -99.334120075685448, 20.019552488316318 ], [ -99.335737337474697, 20.021934364387334 ], [ -99.335851860602006, 20.019162549621889 ], [ -99.33420038337897, 20.017928442433266 ], [ -99.336221644956495, 20.016805443309504 ], [ -99.335816322772544, 20.015165997604289 ], [ -99.336597183571797, 20.01648791922128 ], [ -99.339379567290678, 20.016491303239047 ], [ -99.339369382853292, 20.018308718990564 ], [ -99.345853404550837, 20.019073702823519 ], [ -99.344763165946517, 20.026054040602251 ], [ -99.339672858877265, 20.025271131890683 ], [ -99.340733659347336, 20.027369255790727 ], [ -99.336384751485681, 20.027355116564184 ], [ -99.335258060244186, 20.03158296180284 ] ] ] } },
{ "type": "Feature", "properties": { "cve_loc": "130760024", "nom_loc": "San Miguel Vindho", "consultorios_faltantes": 0.2 }, "geometry": { "type": "Polygon", "coordinates": [ [ [ -99.323419125642374, 20.004153459459992 ], [ -99.324087894656572, 20.001426138681634 ], [ -99.322430022726337, 19.998826880428489 ], [ -99.319136802666037, 19.999395353322608 ], [ -99.319701110686509, 20.002025331328703 ], [ -99.317386642084728, 20.001272067471405 ], [ -99.317276926717554, 19.99805086076049 ], [ -99.314357881149718, 19.999534682104194 ], [ -99.313186434996183, 19.996941800126329 ], [ -99.310819174742377, 19.996768739493554 ], [ -99.31064382028103, 19.994026616694235 ], [ -99.308436113081314, 19.99432752525923 ], [ -99.310846035765906, 19.990651156068189 ], [ -99.310710528929434, 19.987205326053367 ], [ -99.313485057735065, 19.987814048726136 ], [ -99.313405880851036, 19.990509293688365 ], [ -99.316644419069533, 19.991295954442506 ], [ -99.318823541678057, 19.988762263238339 ], [ -99.321214295126993, 19.988408171435747 ], [ -99.324131740149241, 19.992373724504066 ], [ -99.322756771646112, 19.996897353289341 ], [ -99.324976508710364, 19.996830292763892 ], [ -99.326653725056559, 20.00267058357047 ], [ -99.325350048170094, 20.004098336568656 ], [ -99.323419125642374, 20.004153459459992 ] ] ] } },
{ "type": "Feature", "properties": { "cve_loc": "130770010", "nom_loc": "Jaltepec", "consultorios_faltantes": 0.1 }, "geometry": { "type": "Polygon", "coordinates": [ [ [ -98.417343432767552, 20.125988126825344 ], [ -98.412529116859318, 20.114827401954805 ], [ -98.408639673026599, 20.11512621678196 ], [ -98.411873455190815, 20.11304680192648 ], [ -98.410745086144232, 20.112688925082931 ], [ -98.411615871067383, 20.110604572742073 ], [ -98.40830724113394, 20.10943468018263 ], [ -98.409172609624662, 20.108528573360871 ], [ -98.417459376906692, 20.113832755571387 ], [ -98.422421733527315, 20.122019057435605 ], [ -98.417343432767552, 20.125988126825344 ] ] ] } },
{ "type": "Feature", "properties": { "cve_loc": "130770018", "nom_loc": "Santa Ana Hueytlalpan", "consultorios_faltantes": 0.1 }, "geometry": { "type": "Polygon", "coordinates": [ [ [ -98.314255117783105, 20.188914968710797 ], [ -98.310764988940349, 20.182580784663138 ], [ -98.304041959400564, 20.181936816377767 ], [ -98.305370481529337, 20.181117124141004 ], [ -98.304170665887767, 20.181071469744836 ], [ -98.304879775339344, 20.174050832385095 ], [ -98.296224921978649, 20.173812234860261 ], [ -98.302837851963417, 20.170838927513138 ], [ -98.328707706975806, 20.173573848753477 ], [ -98.321474677953006, 20.188401583464824 ], [ -98.314255117783105, 20.188914968710797 ] ] ] } },
{ "type": "Feature", "properties": { "cve_loc": "130770053", "nom_loc": "Javier Rojo Gómez", "consultorios_faltantes": 0.0 }, "geometry": { "type": "Polygon", "coordinates": [ [ [ -98.421294945495845, 20.079119085522983 ], [ -98.408904917933498, 20.080177224574197 ], [ -98.408684347914217, 20.073667898506464 ], [ -98.411899023868429, 20.070022150709782 ], [ -98.413484085580663, 20.075373532709396 ], [ -98.417771008645531, 20.073411379984321 ], [ -98.419237222038049, 20.07600858029528 ], [ -98.422085929338309, 20.073471365607698 ], [ -98.425669391488512, 20.072832518188097 ], [ -98.425562484055206, 20.074927718525561 ], [ -98.422041298544542, 20.07614174991884 ], [ -98.421294945495845, 20.079119085522983 ] ] ] } },
{ "type": "Feature", "properties": { "cve_loc": "130800017", "nom_loc": "Santa Teresa", "consultorios_faltantes": 0.7 }, "geometry": { "type": "Polygon", "coordinates": [ [ [ -98.385576242649066, 20.899483916045664 ], [ -98.382117226514339, 20.897456346616764 ], [ -98.382547702850573, 20.892319009139808 ], [ -98.381071181941536, 20.889240517941587 ], [ -98.379541043268489, 20.889077794050671 ], [ -98.381071320281919, 20.884112579601641 ], [ -98.38409961198947, 20.884892687429701 ], [ -98.38784650205055, 20.882455534867958 ], [ -98.386213626708056, 20.891805009163967 ], [ -98.388941317378283, 20.894241839308389 ], [ -98.387419257169469, 20.896806177234765 ], [ -98.388084056666102, 20.89838525454503 ], [ -98.385576242649066, 20.899483916045664 ] ] ] } },
{ "type": "Feature", "properties": { "cve_loc": "130810001", "nom_loc": "Zacualtipán", "consultorios_faltantes": 0.2 }, "geometry": { "type": "Polygon", "coordinates": [ [ [ -98.660066253443716, 20.654605602141448 ], [ -98.657535760887555, 20.648036219908263 ], [ -98.660988421024342, 20.643890068050535 ], [ -98.667693358361603, 20.644007143419575 ], [ -98.666095836213074, 20.6506036342732 ], [ -98.663287206396305, 20.647799312175565 ], [ -98.660144007866592, 20.648433803461881 ], [ -98.659726176306322, 20.650149603206959 ], [ -98.66613347627198, 20.654886262068647 ], [ -98.66506701392116, 20.660215017491375 ], [ -98.660066253443716, 20.654605602141448 ] ] ] } },
{ "type": "Feature", "properties": { "cve_loc": "150010001", "nom_loc": "Villa de Acambay de Ruíz Castañeda", "consultorios_faltantes": 0.2 }, "geometry": { "type": "Polygon", "coordinates": [ [ [ -99.842607186914336, 19.961007669551798 ], [ -99.841958717318036, 19.958285839917213 ], [ -99.838170048480819, 19.957443240306414 ], [ -99.839979647549086, 19.953371410719338 ], [ -99.838874738606805, 19.95090152112855 ], [ -99.840700118511563, 19.951752127529396 ], [ -99.843819646674078, 19.94931595146296 ], [ -99.843832657444608, 19.946958662121041 ], [ -99.846150676528666, 19.953807520536749 ], [ -99.849972625259667, 19.956955330112969 ], [ -99.842607186914336, 19.961007669551798 ] ] ] } },
{ "type": "Feature", "properties": { "cve_loc": "150020001", "nom_loc": "Acolman de Nezahualcóyotl", "consultorios_faltantes": 0.3 }, "geometry": { "type": "Polygon", "coordinates": [ [ [ -98.895724150007325, 19.642553998279187 ], [ -98.902155887600017, 19.637506139928533 ], [ -98.9058592767623, 19.63760283969086 ], [ -98.913189645121449, 19.629129221781074 ], [ -98.914357225320316, 19.631874620601987 ], [ -98.918388763849478, 19.632951640906374 ], [ -98.917292484398061, 19.639407098991082 ], [ -98.908732566832882, 19.63855547901116 ], [ -98.905632367336324, 19.643123418311873 ], [ -98.895724150007325, 19.642553998279187 ] ] ] } },
{ "type": "Feature", "properties": { "cve_loc": "150020005", "nom_loc": "San Bartolo", "consultorios_faltantes": 1.3 }, "geometry": { "type": "Polygon", "coordinates": [ [ [ -98.888673481277806, 19.663106833489437 ], [ -98.89003219134149, 19.654232786137282 ], [ -98.891662941032692, 19.653182906366158 ], [ -98.891316280480709, 19.649312587197869 ], [ -98.883568493029173, 19.65200193599506 ], [ -98.895724150007325, 19.642553998279187 ], [ -98.905632367336324, 19.643123418311873 ], [ -98.904001047799824, 19.64903659682313 ], [ -98.910832106033425, 19.650811166785093 ], [ -98.903967947111937, 19.660313474534316 ], [ -98.900317198841847, 19.660153954077561 ], [ -98.899884137521468, 19.661993704050264 ], [ -98.89622094938693, 19.661151154283061 ], [ -98.894321740255549, 19.668059643021813 ], [ -98.891075618485971, 19.666345273696123 ], [ -98.891349190904663, 19.663485993907404 ], [ -98.888673481277806, 19.663106833489437 ] ] ] } },
{ "type": "Feature", "properties": { "cve_loc": "150020008", "nom_loc": "San Marcos Nepantla", "consultorios_faltantes": 0.4 }, "geometry": { "type": "Polygon", "coordinates": [ [ [ -98.93175807998341, 19.670367293540046 ], [ -98.930651759544801, 19.671507502660827 ], [ -98.927549540432295, 19.671153632776377 ], [ -98.928024410693894, 19.6695507328728 ], [ -98.924757191924172, 19.668471133822091 ], [ -98.927989931396951, 19.664474193947843 ], [ -98.928978241614232, 19.666260503179927 ], [ -98.929522748707157, 19.664015357810825 ], [ -98.932716300891471, 19.664628263201532 ], [ -98.933477680386133, 19.662141763787812 ], [ -98.940524474740513, 19.66297242162112 ], [ -98.937963698221239, 19.671881903006689 ], [ -98.93175807998341, 19.670367293540046 ] ] ] } },
{ "type": "Feature", "properties": { "cve_loc": "150020012", "nom_loc": "Santa Catarina", "consultorios_faltantes": 1.2 }, "geometry": { "type": "Polygon", "coordinates": [ [ [ -98.924417162158008, 19.643432438003291 ], [ -98.916401943421121, 19.642862769584223 ], [ -98.919147813832609, 19.63015730223168 ], [ -98.923292561327557, 19.629677153646671 ], [ -98.923279192500502, 19.632623702020226 ], [ -98.92590728657693, 19.633140370382748 ], [ -98.926854591413772, 19.632268881572731 ], [ -98.925289937432751, 19.628537829449947 ], [ -98.927135370906868, 19.628381847509996 ], [ -98.928120980431885, 19.630191451381432 ], [ -98.928677020970824, 19.628712852308318 ], [ -98.932462610021361, 19.629712281152528 ], [ -98.932196300294862, 19.633243771142279 ], [ -98.935724666575766, 19.638334831380252 ], [ -98.924306582514461, 19.64218441943154 ], [ -98.924417162158008, 19.643432438003291 ] ] ] } },
{ "type": "Feature", "properties": { "cve_loc": "150020016", "nom_loc": "San Miguel Xometla", "consultorios_faltantes": 0.1 }, "geometry": { "type": "Polygon", "coordinates": [ [ [ -98.877669873763708, 19.650206151717967 ], [ -98.879471479593718, 19.646903978613576 ], [ -98.868584036659087, 19.645580957613241 ], [ -98.873541975113156, 19.64218461883523 ], [ -98.875239434451686, 19.638348738926272 ], [ -98.876602823954613, 19.639606419166519 ], [ -98.877608943829017, 19.637792109880241 ], [ -98.877692853740768, 19.639581708744206 ], [ -98.881469392764899, 19.641308438949217 ], [ -98.881015593696645, 19.644039787669239 ], [ -98.884039542596966, 19.645136707725165 ], [ -98.880519023962393, 19.650986889174053 ], [ -98.877669873763708, 19.650206151717967 ] ] ] } },
{ "type": "Feature", "properties": { "cve_loc": "150020069", "nom_loc": "Misión San Agustín [Conjunto Urbano]", "consultorios_faltantes": 1.1 }, "geometry": { "type": "Polygon", "coordinates": [ [ [ -98.936415401185855, 19.628982144917867 ], [ -98.943303172082537, 19.630364962587485 ], [ -98.943963645257838, 19.635320687156888 ], [ -98.939599453406231, 19.63680214456916 ], [ -98.936415401185855, 19.628982144917867 ] ] ] } },
{ "type": "Feature", "properties": { "cve_loc": "150040001", "nom_loc": "Almoloya de Alquisiras", "consultorios_faltantes": 0.1 }, "geometry": { "type": "Polygon", "coordinates": [ [ [ -99.895088476810145, 18.873245134609082 ], [ -99.889225017991834, 18.868628246590941 ], [ -99.887449548491958, 18.869125347237642 ], [ -99.884425049068668, 18.866091996393767 ], [ -99.88054894471081, 18.866919459834403 ], [ -99.879769316905723, 18.864741357113179 ], [ -99.881679639199234, 18.863388777826955 ], [ -99.880355093342416, 18.862115836719312 ], [ -99.88809770753447, 18.861967637323339 ], [ -99.889927617670381, 18.860510717897291 ], [ -99.890811867665036, 18.861501917596652 ], [ -99.893745475907522, 18.859123768098012 ], [ -99.895587895931911, 18.860424457709012 ], [ -99.895824645960388, 18.858317968089814 ], [ -99.900574605383156, 18.858089748939946 ], [ -99.900019864360786, 18.865588277226173 ], [ -99.89701120485276, 18.867842515798561 ], [ -99.900045545248616, 18.868131676188103 ], [ -99.898479961613518, 18.869927310056202 ], [ -99.902322774882435, 18.868788826531688 ], [ -99.901256173638288, 18.873499174950794 ], [ -99.896331504813986, 18.875329115234287 ], [ -99.89473501632925, 18.874864134339784 ], [ -99.895088476810145, 18.873245134609082 ] ] ] } },
{ "type": "Feature", "properties": { "cve_loc": "150050004", "nom_loc": "La Cabecera", "consultorios_faltantes": 1.6 }, "geometry": { "type": "Polygon", "coordinates": [ [ [ -99.744693911330856, 19.367348960109158 ], [ -99.744047392640709, 19.361849993569052 ], [ -99.74523418267799, 19.35906348502515 ], [ -99.743086303028747, 19.356878965056421 ], [ -99.741213913440163, 19.356457265355047 ], [ -99.739658253582647, 19.358293424857326 ], [ -99.734070977312371, 19.354984708766626 ], [ -99.734637075474055, 19.352647936471453 ], [ -99.739066843849628, 19.347733827429856 ], [ -99.75691239732565, 19.349990633415704 ], [ -99.757038589924505, 19.362076233839908 ], [ -99.756181589650524, 19.365508593361376 ], [ -99.754703730415727, 19.365499263530861 ], [ -99.75567650518559, 19.36746014283737 ], [ -99.752492718410792, 19.368696924406137 ], [ -99.751403761132096, 19.367322295462209 ], [ -99.75045368480599, 19.368543554546466 ], [ -99.744693911330856, 19.367348960109158 ] ] ] } },
{ "type": "Feature", "properties": { "cve_loc": "150050016", "nom_loc": "Mayorazgo de León (Estación Río México)", "consultorios_faltantes": 0.7 }, "geometry": { "type": "Polygon", "coordinates": [ [ [ -99.750910539981618, 19.477833576213143 ], [ -99.754588109697977, 19.477306908259109 ], [ -99.755515219654626, 19.474681028286618 ], [ -99.752127390593799, 19.474974168378917 ], [ -99.748375671133957, 19.47184048887565 ], [ -99.745362912105875, 19.47452234852911 ], [ -99.744037702932275, 19.472153518875555 ], [ -99.741729707704309, 19.474128572520829 ], [ -99.73993551331553, 19.471676719116878 ], [ -99.73556751463272, 19.471791009202921 ], [ -99.735093074970365, 19.463921710541545 ], [ -99.732823595567382, 19.461035311945199 ], [ -99.744429742637749, 19.462811801326154 ], [ -99.74906690094312, 19.460573012059093 ], [ -99.755587159703566, 19.461756341534663 ], [ -99.756837069154585, 19.461483781070555 ], [ -99.754568739997865, 19.460667801820481 ], [ -99.750230881042924, 19.454568982809889 ], [ -99.751535080814733, 19.449792374554232 ], [ -99.754308219721068, 19.451745693442199 ], [ -99.757209649280014, 19.448096494097236 ], [ -99.759815338630276, 19.449113584240706 ], [ -99.75842997893696, 19.45249332354819 ], [ -99.760811008461687, 19.454561723431606 ], [ -99.765569907748798, 19.45255601330701 ], [ -99.768878336657139, 19.453154943832423 ], [ -99.763433817795885, 19.461894371344112 ], [ -99.768841466548366, 19.462781970930411 ], [ -99.770476896674452, 19.464589340517563 ], [ -99.766477847577733, 19.46766195010089 ], [ -99.76680718689606, 19.472460608708005 ], [ -99.763173277617867, 19.474257428742099 ], [ -99.760298648408607, 19.478326547262789 ], [ -99.757789988845943, 19.479228167527022 ], [ -99.756079440052744, 19.477097168157425 ], [ -99.752846740192012, 19.480898006763802 ], [ -99.750775693950018, 19.479569197445528 ], [ -99.750910539981618, 19.477833576213143 ] ] ] } },
{ "type": "Feature", "properties": { "cve_loc": "150050032", "nom_loc": "San Francisco Tlalcilalcalpan", "consultorios_faltantes": 2.0 }, "geometry": { "type": "Polygon", "coordinates": [ [ [ -99.772658106170141, 19.307802875966836 ], [ -99.77181298108421, 19.303435403275977 ], [ -99.768159051262046, 19.306578541627715 ], [ -99.76476773758192, 19.306433326855508 ], [ -99.765244417414877, 19.299639110396949 ], [ -99.758268188980722, 19.299682097985812 ], [ -99.75850032905322, 19.297679208493697 ], [ -99.767660357315322, 19.296787748979625 ], [ -99.768242926439186, 19.284520411280205 ], [ -99.770589956844049, 19.284598731494615 ], [ -99.771647406201609, 19.281573852263922 ], [ -99.772658356184692, 19.284621901208595 ], [ -99.777737264968778, 19.284951251597057 ], [ -99.780666643784514, 19.2876881904287 ], [ -99.782192723642027, 19.296422239080442 ], [ -99.778245234626226, 19.303863077644444 ], [ -99.772658106170141, 19.307802875966836 ] ] ] } },
{ "type": "Feature", "properties": { "cve_loc": "150050034", "nom_loc": "San Mateo Tlalchichilpan", "consultorios_faltantes": 0.6 }, "geometry": { "type": "Polygon", "coordinates": [ [ [ -99.759825159154389, 19.349902547131851 ], [ -99.739399763643348, 19.34786008739793 ], [ -99.738263594391299, 19.346213037447409 ], [ -99.748181932208055, 19.341521748337307 ], [ -99.749200241116853, 19.342892518666087 ], [ -99.751751580556274, 19.342509938087272 ], [ -99.751504410684547, 19.338051209357317 ], [ -99.754246675532997, 19.334696840246352 ], [ -99.755853079976262, 19.334725179911363 ], [ -99.757572339977031, 19.338500439398924 ], [ -99.762450308088134, 19.338724029300181 ], [ -99.764216207891067, 19.341251538316339 ], [ -99.761999498761952, 19.344408857869091 ], [ -99.758730809142449, 19.343738318378641 ], [ -99.759825159154389, 19.349902547131851 ] ] ] } },
{ "type": "Feature", "properties": { "cve_loc": "150050035", "nom_loc": "San Miguel Almoloyán", "consultorios_faltantes": 0.3 }, "geometry": { "type": "Polygon", "coordinates": [ [ [ -99.8056754880174, 19.369736882401092 ], [ -99.793185090508459, 19.369511302652146 ], [ -99.7949613503379, 19.368049112751287 ], [ -99.792624170796913, 19.364427743757304 ], [ -99.789082902056705, 19.364161263266617 ], [ -99.794560240160493, 19.363413504137878 ], [ -99.794002200921852, 19.358001915285854 ], [ -99.795508259919686, 19.352817836531415 ], [ -99.802822008737849, 19.347227137234459 ], [ -99.807194227703548, 19.346779517900995 ], [ -99.810364087175387, 19.34206900851936 ], [ -99.81021154637736, 19.345252918014747 ], [ -99.807301667214418, 19.348536426741312 ], [ -99.81322006558257, 19.348471376799633 ], [ -99.816623824728396, 19.353159995666726 ], [ -99.811310066856706, 19.354977596099531 ], [ -99.807497327232383, 19.358197195288806 ], [ -99.809844426657577, 19.36068873419552 ], [ -99.805172768113266, 19.360272174745532 ], [ -99.806613257695332, 19.367246333210502 ], [ -99.8056754880174, 19.369736882401092 ] ] ] } },
{ "type": "Feature", "properties": { "cve_loc": "150050037", "nom_loc": "Barrio San Pedro (La Concepción San Pedro)", "consultorios_faltantes": 0.2 }, "geometry": { "type": "Polygon", "coordinates": [ [ [ -99.766905667128398, 19.375711281272636 ], [ -99.763305988242848, 19.367839002550099 ], [ -99.760956179043902, 19.365555563540955 ], [ -99.756181589650524, 19.365508593361376 ], [ -99.75679597824481, 19.363065452983218 ], [ -99.759004989256027, 19.363878543469742 ], [ -99.759785468736609, 19.361130964032945 ], [ -99.765761327961158, 19.362048484080429 ], [ -99.766755247000589, 19.360242884025872 ], [ -99.769152216852532, 19.359894224452233 ], [ -99.770275203167614, 19.365316733239393 ], [ -99.767200136701149, 19.367850423114387 ], [ -99.768500476848402, 19.374665711018533 ], [ -99.766905667128398, 19.375711281272636 ] ] ] } },
{ "type": "Feature", "properties": { "cve_loc": "150050045", "nom_loc": "Santiaguito Tlalcilalcalli", "consultorios_faltantes": 2.8 }, "geometry": { "type": "Polygon", "coordinates": [ [ [ -99.72173802226132, 19.3466818592136 ], [ -99.724457657760865, 19.338308469419271 ], [ -99.726900746598531, 19.336949889284707 ], [ -99.72436599792951, 19.335140380205917 ], [ -99.726647317058337, 19.336098919614599 ], [ -99.732505915841301, 19.333739000831724 ], [ -99.733077639643042, 19.329019121371829 ], [ -99.737019424317964, 19.329503513652007 ], [ -99.737596414767722, 19.334118510222439 ], [ -99.742370984676882, 19.339631458954742 ], [ -99.738622178799247, 19.340038273514157 ], [ -99.73920988415334, 19.348922776721217 ], [ -99.735467984457358, 19.348047937384724 ], [ -99.73385668521, 19.345779567335807 ], [ -99.726021817580715, 19.351224776286788 ], [ -99.72173802226132, 19.3466818592136 ] ] ] } },
{ "type": "Feature", "properties": { "cve_loc": "150050165", "nom_loc": "Fraccionamiento Colinas del Sol", "consultorios_faltantes": 0.0 }, "geometry": { "type": "Polygon", "coordinates": [ [ [ -99.742876991260943, 19.373091211137652 ], [ -99.740204273547832, 19.374058561638307 ], [ -99.736891634313579, 19.372381256062948 ], [ -99.739199104359216, 19.368644972900057 ], [ -99.742191413599443, 19.370323422055883 ], [ -99.74117893372788, 19.371979371605235 ], [ -99.742876991260943, 19.373091211137652 ] ] ] } },
{ "type": "Feature", "properties": { "cve_loc": "150050168", "nom_loc": "Conjunto Urbano Rancho San Juan", "consultorios_faltantes": 0.8 }, "geometry": { "type": "Polygon", "coordinates": [ [ [ -99.739916613443071, 19.448883804056916 ], [ -99.740751213620712, 19.45127069413839 ], [ -99.735496544665409, 19.449976753971761 ], [ -99.734380044790029, 19.448518804054135 ], [ -99.738111734556455, 19.439189886743762 ], [ -99.741474813549743, 19.43988474618309 ], [ -99.744796534203502, 19.450100862802689 ], [ -99.743705542830142, 19.450913433668941 ], [ -99.742322332927685, 19.449020773920022 ], [ -99.739916613443071, 19.448883804056916 ] ] ] } },
{ "type": "Feature", "properties": { "cve_loc": "150060001", "nom_loc": "Almoloya del Río", "consultorios_faltantes": 0.8 }, "geometry": { "type": "Polygon", "coordinates": [ [ [ -99.479159227591509, 19.17006897712664 ], [ -99.480698805108005, 19.161178108528173 ], [ -99.488969677440664, 19.161036980524923 ], [ -99.490337336300243, 19.164090069811138 ], [ -99.489019886726354, 19.163889699932852 ], [ -99.49336113453802, 19.168610897779995 ], [ -99.493217775523306, 19.169864576261588 ], [ -99.486853975632116, 19.168722497223527 ], [ -99.486640775414514, 19.170040877275238 ], [ -99.482042426451329, 19.169362497136845 ], [ -99.480210687419742, 19.171089157245301 ], [ -99.479159227591509, 19.17006897712664 ] ] ] } },
{ "type": "Feature", "properties": { "cve_loc": "150090001", "nom_loc": "Amecameca de Juárez", "consultorios_faltantes": 0.9 }, "geometry": { "type": "Polygon", "coordinates": [ [ [ -98.762389623877397, 19.13949582392625 ], [ -98.760114311192481, 19.139592953210148 ], [ -98.763377830083812, 19.137101178629376 ], [ -98.76537843290005, 19.133070105456707 ], [ -98.76440778219829, 19.132626245223761 ], [ -98.765855522969403, 19.125878416332462 ], [ -98.769043022178778, 19.127446476152791 ], [ -98.768310512078159, 19.129204166293185 ], [ -98.771566771244679, 19.130586846003531 ], [ -98.77438341927045, 19.144013915390801 ], [ -98.76597595297757, 19.147135712393084 ], [ -98.76552966231425, 19.141987713225006 ], [ -98.762389623877397, 19.13949582392625 ] ] ] } },
{ "type": "Feature", "properties": { "cve_loc": "150100001", "nom_loc": "Apaxco de Ocampo", "consultorios_faltantes": 0.3 }, "geometry": { "type": "Polygon", "coordinates": [ [ [ -99.167372165742634, 19.976554269435368 ], [ -99.164991282731947, 19.970934254297955 ], [ -99.166305182150651, 19.970408605041307 ], [ -99.159658563309108, 19.968172604866638 ], [ -99.168344421144525, 19.967779365543457 ], [ -99.172340270320589, 19.975314773475255 ], [ -99.167372165742634, 19.976554269435368 ] ] ] } },
{ "type": "Feature", "properties": { "cve_loc": "150100007", "nom_loc": "Santa María Apaxco", "consultorios_faltantes": 0.4 }, "geometry": { "type": "Polygon", "coordinates": [ [ [ -99.188607439071475, 19.963278936125988 ], [ -99.183460187186952, 19.961554056459942 ], [ -99.182286816881884, 19.962578717843598 ], [ -99.179973747840904, 19.960647857186562 ], [ -99.180318898788471, 19.956121627953131 ], [ -99.18372823014613, 19.953249801191809 ], [ -99.184212377641245, 19.950696868903808 ], [ -99.192675693805256, 19.94464737653842 ], [ -99.196300858379757, 19.946245585749008 ], [ -99.197652879666933, 19.945007616883945 ], [ -99.197004004395055, 19.952276328990447 ], [ -99.194025774950063, 19.961099227375104 ], [ -99.189291953163817, 19.961163868189669 ], [ -99.188607439071475, 19.963278936125988 ] ] ] } },
{ "type": "Feature", "properties": { "cve_loc": "150110001", "nom_loc": "San Salvador Atenco", "consultorios_faltantes": 0.6 }, "geometry": { "type": "Polygon", "coordinates": [ [ [ -98.916480964356481, 19.559928746988763 ], [ -98.917481474313362, 19.561050347350761 ], [ -98.920193513719582, 19.561040086813058 ], [ -98.920117213996534, 19.562437587235287 ], [ -98.914982655512546, 19.562409066898649 ], [ -98.914520935350964, 19.560803666802389 ], [ -98.911584284161506, 19.560846355044628 ], [ -98.912314385009466, 19.554834565767813 ], [ -98.916554414312827, 19.553963578774361 ], [ -98.916480964356481, 19.559928746988763 ] ] ] } },
{ "type": "Feature", "properties": { "cve_loc": "150110002", "nom_loc": "San Cristóbal Nexquipayac", "consultorios_faltantes": 0.9 }, "geometry": { "type": "Polygon", "coordinates": [ [ [ -98.92833336157284, 19.587285970930921 ], [ -98.928919611786938, 19.58504897182074 ], [ -98.925207222172205, 19.583848781959873 ], [ -98.925781682605447, 19.580580313386147 ], [ -98.928022471579425, 19.581560462624644 ], [ -98.931222671453583, 19.575706434039621 ], [ -98.938046499102086, 19.577838372971378 ], [ -98.92833336157284, 19.587285970930921 ] ] ] } },
{ "type": "Feature", "properties": { "cve_loc": "150110004", "nom_loc": "Santa Isabel Ixtapan", "consultorios_faltantes": 0.6 }, "geometry": { "type": "Polygon", "coordinates": [ [ [ -98.941726578389478, 19.588738720979727 ], [ -98.944904927407421, 19.582367772642741 ], [ -98.94087993863613, 19.582003840541116 ], [ -98.942549498797078, 19.578575518426735 ], [ -98.946642676787221, 19.579416760335242 ], [ -98.945719447649964, 19.582435461923303 ], [ -98.952241304441173, 19.58462927947155 ], [ -98.951754484480489, 19.587583673817221 ], [ -98.948895156721107, 19.59003092142305 ], [ -98.941726578389478, 19.588738720979727 ] ] ] } },
{ "type": "Feature", "properties": { "cve_loc": "150110013", "nom_loc": "Nueva Santa Rosa", "consultorios_faltantes": 0.3 }, "geometry": { "type": "Polygon", "coordinates": [ [ [ -98.965421522965471, 19.594936659577876 ], [ -98.960536704181138, 19.594650029887838 ], [ -98.961219173957758, 19.585657891920931 ], [ -98.967047872007029, 19.585697351956245 ], [ -98.965421522965471, 19.594936659577876 ] ] ] } },
{ "type": "Feature", "properties": { "cve_loc": "150110023", "nom_loc": "La Pastoría", "consultorios_faltantes": 0.4 }, "geometry": { "type": "Polygon", "coordinates": [ [ [ -98.91036658645146, 19.537429412255175 ], [ -98.913088216152573, 19.542825551630589 ], [ -98.911454685532505, 19.546546791605454 ], [ -98.904725707342479, 19.545999950617695 ], [ -98.898895761877569, 19.53860454164472 ], [ -98.901889827044471, 19.539390701310555 ], [ -98.902582647426541, 19.537193063549505 ], [ -98.91036658645146, 19.537429412255175 ] ] ] } },
{ "type": "Feature", "properties": { "cve_loc": "150110029", "nom_loc": "Granjas Ampliación Santa Rosa", "consultorios_faltantes": 0.0 }, "geometry": { "type": "Polygon", "coordinates": [ [ [ -98.965842032572169, 19.588802110629356 ], [ -98.967371902476643, 19.583800231946377 ], [ -98.978686088872223, 19.584953011780375 ], [ -98.97677993018614, 19.588665950666837 ], [ -98.965842032572169, 19.588802110629356 ] ] ] } },
{ "type": "Feature", "properties": { "cve_loc": "150110031", "nom_loc": "Colonia el Salado", "consultorios_faltantes": 0.8 }, "geometry": { "type": "Polygon", "coordinates": [ [ [ -98.986938897109425, 19.584520719063381 ], [ -98.98714612893275, 19.582708462112791 ], [ -98.988581383725531, 19.582841086235103 ], [ -98.989044116880777, 19.578480407881937 ], [ -98.993069005353959, 19.582141512116195 ], [ -98.998621594707529, 19.584337651978387 ], [ -98.997222884602436, 19.586422942260835 ], [ -98.986938897109425, 19.584520719063381 ] ] ] } },
{ "type": "Feature", "properties": { "cve_loc": "150120001", "nom_loc": "Santa Cruz Atizapán", "consultorios_faltantes": 0.5 }, "geometry": { "type": "Polygon", "coordinates": [ [ [ -99.496065643078367, 19.184163615191618 ], [ -99.481401287126189, 19.18221543483811 ], [ -99.481318517242997, 19.179699645154841 ], [ -99.479162977793237, 19.179398015047212 ], [ -99.478846807095508, 19.180639214992777 ], [ -99.476860049300839, 19.177748075487294 ], [ -99.484366316468083, 19.175627546423279 ], [ -99.491527024369262, 19.177261235591175 ], [ -99.493490654396709, 19.180213664888065 ], [ -99.498005943328479, 19.180113905291876 ], [ -99.496065643078367, 19.184163615191618 ] ] ] } },
{ "type": "Feature", "properties": { "cve_loc": "150140001", "nom_loc": "Atlacomulco de Fabela", "consultorios_faltantes": 0.1 }, "geometry": { "type": "Polygon", "coordinates": [ [ [ -99.877063877443575, 19.813624381161816 ], [ -99.865446852537644, 19.812389442776183 ], [ -99.862672154425837, 19.809214469053597 ], [ -99.868595531925223, 19.803735434852413 ], [ -99.875252989613045, 19.807006724303392 ], [ -99.875856749282462, 19.810443763522983 ], [ -99.878302509121724, 19.811150923344222 ], [ -99.877063877443575, 19.813624381161816 ] ] ] } },
{ "type": "Feature", "properties": { "cve_loc": "150140048", "nom_loc": "San Lorenzo Tlacotepec", "consultorios_faltantes": 0.3 }, "geometry": { "type": "Polygon", "coordinates": [ [ [ -99.91659279973419, 19.831048998668653 ], [ -99.912200839494957, 19.830838638295031 ], [ -99.914147460151213, 19.820219761144486 ], [ -99.911217921342356, 19.820079831021825 ], [ -99.915803580324948, 19.811138963301598 ], [ -99.920253598860072, 19.81381020223494 ], [ -99.923232918689735, 19.819447780842253 ], [ -99.920329869258254, 19.822574950203382 ], [ -99.921848768831765, 19.823935670138365 ], [ -99.91980994897844, 19.828089999834962 ], [ -99.91659279973419, 19.831048998668653 ] ] ] } },
{ "type": "Feature", "properties": { "cve_loc": "150140057", "nom_loc": "Tecoac (Santa María Nativitas)", "consultorios_faltantes": 0.2 }, "geometry": { "type": "Polygon", "coordinates": [ [ [ -99.862083363539952, 19.791926617438882 ], [ -99.849978826043284, 19.792075836758741 ], [ -99.850923382925018, 19.790600847107793 ], [ -99.849488016047857, 19.788944277518699 ], [ -99.845163916827801, 19.786793868208591 ], [ -99.845468586543191, 19.784102789959579 ], [ -99.844223587269255, 19.78370721947519 ], [ -99.845743287583659, 19.778773650276037 ], [ -99.861718483493107, 19.785289928783605 ], [ -99.859168213439872, 19.789600368051207 ], [ -99.862828683127702, 19.791131567821274 ], [ -99.862083363539952, 19.791926617438882 ] ] ] } },
{ "type": "Feature", "properties": { "cve_loc": "150150001", "nom_loc": "Atlautla de Victoria", "consultorios_faltantes": 0.5 }, "geometry": { "type": "Polygon", "coordinates": [ [ [ -98.773984800791951, 19.032693247995699 ], [ -98.774891180381061, 19.030136069118498 ], [ -98.773838480353035, 19.03111053895126 ], [ -98.771946831009515, 19.030004339233159 ], [ -98.774324340654857, 19.027937959455016 ], [ -98.782777998624397, 19.032693268437111 ], [ -98.780630648003836, 19.035607808930912 ], [ -98.773887541068873, 19.039282926665003 ], [ -98.77519305076882, 19.033343327704486 ], [ -98.773984800791951, 19.032693247995699 ] ] ] } },
{ "type": "Feature", "properties": { "cve_loc": "150150005", "nom_loc": "San Andrés Tlalamac", "consultorios_faltantes": 0.2 }, "geometry": { "type": "Polygon", "coordinates": [ [ [ -98.806936211256428, 18.971724942610649 ], [ -98.80506021905309, 18.968934874450618 ], [ -98.807680477507432, 18.966713141731457 ], [ -98.804254628495983, 18.960854312868431 ], [ -98.807318770008067, 18.961514806939729 ], [ -98.809796026791361, 18.964726406651529 ], [ -98.811820738375118, 18.962587316074536 ], [ -98.80953265768801, 18.961561900569762 ], [ -98.810846565993799, 18.957385549872242 ], [ -98.818533581084509, 18.95843117398605 ], [ -98.818659819034508, 18.961561974674208 ], [ -98.811285191084679, 18.966494831497087 ], [ -98.806936211256428, 18.971724942610649 ] ] ] } },
{ "type": "Feature", "properties": { "cve_loc": "150150006", "nom_loc": "San Juan Tehuixtitlán", "consultorios_faltantes": 0.1 }, "geometry": { "type": "Polygon", "coordinates": [ [ [ -98.769868491690218, 19.060605811449776 ], [ -98.764472140091101, 19.059007622583398 ], [ -98.760847723962087, 19.060221491426773 ], [ -98.759364864395707, 19.057795732289666 ], [ -98.754996545036235, 19.05686623267535 ], [ -98.766033692589474, 19.053156923440564 ], [ -98.775604880643286, 19.057390972548568 ], [ -98.770139351928563, 19.058731802010506 ], [ -98.769868491690218, 19.060605811449776 ] ] ] } },
{ "type": "Feature", "properties": { "cve_loc": "150180001", "nom_loc": "Calimaya de Díaz González", "consultorios_faltantes": 1.2 }, "geometry": { "type": "Polygon", "coordinates": [ [ [ -99.619415877235355, 19.169751363609112 ], [ -99.615742714047116, 19.168653847334614 ], [ -99.615917944664147, 19.167486528310786 ], [ -99.610995954779796, 19.167677467613974 ], [ -99.611912825539406, 19.162396841778826 ], [ -99.624924022597625, 19.161070269258026 ], [ -99.623402422104718, 19.163370749190022 ], [ -99.622013302404469, 19.163247907651236 ], [ -99.622053942646659, 19.167815147826254 ], [ -99.619415877235355, 19.169751363609112 ] ] ] } },
{ "type": "Feature", "properties": { "cve_loc": "150180003", "nom_loc": "San Andrés Ocotlán", "consultorios_faltantes": 1.4 }, "geometry": { "type": "Polygon", "coordinates": [ [ [ -99.586711560118317, 19.201546670505362 ], [ -99.586299627389764, 19.196642980566853 ], [ -99.583481284263087, 19.196446376153776 ], [ -99.580331712809141, 19.188083629667947 ], [ -99.5890561658845, 19.188639988759984 ], [ -99.589696612395514, 19.18636675839975 ], [ -99.58994669317488, 19.195839716734788 ], [ -99.58726182728725, 19.195917239785029 ], [ -99.587394168335791, 19.198688184143414 ], [ -99.588949905701966, 19.198443082186287 ], [ -99.588550818500607, 19.201455769744772 ], [ -99.586711560118317, 19.201546670505362 ] ] ] } },
{ "type": "Feature", "properties": { "cve_loc": "150180006", "nom_loc": "San Lorenzo Cuauhtenco", "consultorios_faltantes": 0.4 }, "geometry": { "type": "Polygon", "coordinates": [ [ [ -99.636725838900489, 19.197113971359681 ], [ -99.630027503451089, 19.20042081459809 ], [ -99.630192390115852, 19.204572489253454 ], [ -99.62635101028242, 19.205107430705059 ], [ -99.62166294272653, 19.188013663238173 ], [ -99.628446101377278, 19.192565433030992 ], [ -99.633822945596577, 19.190831146907996 ], [ -99.634458176692434, 19.191686674679737 ], [ -99.632538679187576, 19.193077383503915 ], [ -99.63633933899105, 19.193600095321575 ], [ -99.636725838900489, 19.197113971359681 ] ] ] } },
{ "type": "Feature", "properties": { "cve_loc": "150180008", "nom_loc": "Santa María Nativitas", "consultorios_faltantes": 1.5 }, "geometry": { "type": "Polygon", "coordinates": [ [ [ -99.635919367132544, 19.208362552333178 ], [ -99.633794623010289, 19.210902066005026 ], [ -99.63775969706434, 19.212567147346071 ], [ -99.634811497834022, 19.213147737495397 ], [ -99.629906140747167, 19.218812776265022 ], [ -99.628045710856668, 19.218620295948401 ], [ -99.627484361813558, 19.214248167825069 ], [ -99.626364511173136, 19.214645237148172 ], [ -99.627392021164226, 19.211168237857816 ], [ -99.623161652722388, 19.211210087829759 ], [ -99.623054502786786, 19.209810208665075 ], [ -99.627101681677075, 19.207887568419551 ], [ -99.62635101028242, 19.205107430705059 ], [ -99.630192390115852, 19.204572489253454 ], [ -99.63033105890996, 19.207058978922575 ], [ -99.636170543179063, 19.205648060978369 ], [ -99.635919367132544, 19.208362552333178 ] ] ] } },
{ "type": "Feature", "properties": { "cve_loc": "150180010", "nom_loc": "Zaragoza de Guadalupe", "consultorios_faltantes": 0.4 }, "geometry": { "type": "Polygon", "coordinates": [ [ [ -99.654948631362828, 19.14825029604436 ], [ -99.644939305991784, 19.154236409752492 ], [ -99.644323025294568, 19.152969750621121 ], [ -99.642637019231358, 19.153245083182107 ], [ -99.644000186591697, 19.149784162550738 ], [ -99.639516367441715, 19.151652710174453 ], [ -99.636733818635946, 19.149252353494536 ], [ -99.656910161367151, 19.143798991620596 ], [ -99.654149130203777, 19.146125617266737 ], [ -99.654948631362828, 19.14825029604436 ] ] ] } },
{ "type": "Feature", "properties": { "cve_loc": "150180036", "nom_loc": "Fraccionamiento Valle del Nevado", "consultorios_faltantes": 0.3 }, "geometry": { "type": "Polygon", "coordinates": [ [ [ -99.551448429660525, 19.186225383720895 ], [ -99.551390790234379, 19.179982075520165 ], [ -99.55670611844009, 19.180553944552415 ], [ -99.556665469051396, 19.185287693777365 ], [ -99.551448429660525, 19.186225383720895 ] ] ] } },
{ "type": "Feature", "properties": { "cve_loc": "150190001", "nom_loc": "Capulhuac de Mirafuentes", "consultorios_faltantes": 0.9 }, "geometry": { "type": "Polygon", "coordinates": [ [ [ -99.464596511069715, 19.200706890582072 ], [ -99.46517311106463, 19.191409272359071 ], [ -99.468207890573012, 19.1908977526912 ], [ -99.469753709387774, 19.190993802570013 ], [ -99.473954714253594, 19.196355231337751 ], [ -99.471193255604476, 19.199274490956611 ], [ -99.471532449692944, 19.19812904063663 ], [ -99.466067970403401, 19.197178301172329 ], [ -99.464596511069715, 19.200706890582072 ] ] ] } },
{ "type": "Feature", "properties": { "cve_loc": "150190005", "nom_loc": "San Nicolás Tlazala", "consultorios_faltantes": 0.9 }, "geometry": { "type": "Polygon", "coordinates": [ [ [ -99.468248829932904, 19.23095080350032 ], [ -99.462652630789975, 19.229122291392752 ], [ -99.458559552976183, 19.230303963694634 ], [ -99.455565402847697, 19.224734194940414 ], [ -99.453427713477012, 19.224385764882623 ], [ -99.455762083712528, 19.220105205548482 ], [ -99.457886943033245, 19.221564425180592 ], [ -99.458412602269817, 19.215970976571619 ], [ -99.459433142672026, 19.215140776599487 ], [ -99.460617402352867, 19.216194166492926 ], [ -99.464684350764927, 19.20998008834874 ], [ -99.469062580259134, 19.225211295011022 ], [ -99.467592170689642, 19.225774254707407 ], [ -99.468457720486029, 19.227696974207706 ], [ -99.467084410526567, 19.228008713660032 ], [ -99.468248829932904, 19.23095080350032 ] ] ] } },
{ "type": "Feature", "properties": { "cve_loc": "150210001", "nom_loc": "Coatepec Harinas", "consultorios_faltantes": 0.0 }, "geometry": { "type": "Polygon", "coordinates": [ [ [ -99.769150506973858, 18.935576500443002 ], [ -99.766634527195279, 18.921431933654926 ], [ -99.768219817091307, 18.921297133905707 ], [ -99.766739017523975, 18.917593644533142 ], [ -99.769123137301278, 18.920503364508438 ], [ -99.769446587389353, 18.923744293079722 ], [ -99.771428706097652, 18.923968443242806 ], [ -99.770855496748354, 18.922314763594947 ], [ -99.773861534437629, 18.92233387497944 ], [ -99.774861975538116, 18.927560732429452 ], [ -99.776511775561531, 18.927518292313778 ], [ -99.776304726208252, 18.929165202005393 ], [ -99.774227105953258, 18.92913403244718 ], [ -99.774300036212139, 18.931173101424452 ], [ -99.771658844292347, 18.93263415129071 ], [ -99.771495506432089, 18.935301810802532 ], [ -99.769150506973858, 18.935576500443002 ] ] ] } },
{ "type": "Feature", "properties": { "cve_loc": "150220001", "nom_loc": "Cocotitlán", "consultorios_faltantes": 0.2 }, "geometry": { "type": "Polygon", "coordinates": [ [ [ -98.865978917522924, 19.238896761007368 ], [ -98.868932657098554, 19.229663203296063 ], [ -98.871495156253602, 19.228416070801345 ], [ -98.873660086268927, 19.23811709076837 ], [ -98.870182726506002, 19.236265691482529 ], [ -98.869177427454105, 19.239766140257203 ], [ -98.865978917522924, 19.238896761007368 ] ] ] } },
{ "type": "Feature", "properties": { "cve_loc": "150230001", "nom_loc": "Coyotepec", "consultorios_faltantes": 1.0 }, "geometry": { "type": "Polygon", "coordinates": [ [ [ -99.20661420256252, 19.774677609660909 ], [ -99.201412443830392, 19.771124310274239 ], [ -99.200308354966225, 19.749818165296041 ], [ -99.20819655282385, 19.751757704175308 ], [ -99.210200487321302, 19.757985719407785 ], [ -99.208963512593627, 19.757900623156274 ], [ -99.208288152223176, 19.760763642360434 ], [ -99.21059672244175, 19.761218241922727 ], [ -99.210443041886847, 19.771447930424099 ], [ -99.20661420256252, 19.774677609660909 ] ] ] } },
{ "type": "Feature", "properties": { "cve_loc": "150240042", "nom_loc": "Santa María Huecatitla", "consultorios_faltantes": 0.5 }, "geometry": { "type": "Polygon", "coordinates": [ [ [ -99.176037320123257, 19.731744058831524 ], [ -99.164769843236158, 19.730337349183568 ], [ -99.166434442824027, 19.721889020896747 ], [ -99.160482276141565, 19.721038439804822 ], [ -99.161033553821383, 19.718111401514058 ], [ -99.165460123851659, 19.718567257203055 ], [ -99.167183714574477, 19.716029628961508 ], [ -99.167972132630297, 19.709352433964149 ], [ -99.17461838986749, 19.710544188160831 ], [ -99.175155399741911, 19.708467543989933 ], [ -99.176037320123257, 19.731744058831524 ] ] ] } },
{ "type": "Feature", "properties": { "cve_loc": "150240088", "nom_loc": "San Mateo Ixtacalco", "consultorios_faltantes": 0.1 }, "geometry": { "type": "Polygon", "coordinates": [ [ [ -99.170678701695792, 19.697169386909255 ], [ -99.175136850612034, 19.696348786947507 ], [ -99.17461838986749, 19.710544188160831 ], [ -99.167972132630297, 19.709352433964149 ], [ -99.170678701695792, 19.697169386909255 ] ] ] } },
{ "type": "Feature", "properties": { "cve_loc": "150240101", "nom_loc": "Fraccionamiento Parque San Mateo (Hacienda San Mateo)", "consultorios_faltantes": 0.9 }, "geometry": { "type": "Polygon", "coordinates": [ [ [ -99.154211395481298, 19.716825321832179 ], [ -99.161033553821383, 19.718111401514058 ], [ -99.160482276141565, 19.721038439804822 ], [ -99.156287705484971, 19.720335091770544 ], [ -99.15425201615453, 19.729102019087073 ], [ -99.152316106111797, 19.728669569440715 ], [ -99.154211395481298, 19.716825321832179 ] ] ] } },
{ "type": "Feature", "properties": { "cve_loc": "150240112", "nom_loc": "Barrio Tlatenco", "consultorios_faltantes": 0.5 }, "geometry": { "type": "Polygon", "coordinates": [ [ [ -99.194713725526086, 19.748436484900946 ], [ -99.187618817254716, 19.746824445439021 ], [ -99.189625327019314, 19.739590686805595 ], [ -99.186650769603389, 19.738846149225139 ], [ -99.185946207802417, 19.736536967784787 ], [ -99.198033515545092, 19.732182888792721 ], [ -99.200092754957808, 19.747338815812668 ], [ -99.194713725526086, 19.748436484900946 ] ] ] } },
{ "type": "Feature", "properties": { "cve_loc": "150240121", "nom_loc": "San José del Puente", "consultorios_faltantes": 0.1 }, "geometry": { "type": "Polygon", "coordinates": [ [ [ -99.185946207802417, 19.736536967784787 ], [ -99.184207855698048, 19.734557827586045 ], [ -99.187217078002192, 19.728075320056277 ], [ -99.191105566703413, 19.729046890019475 ], [ -99.195469605559467, 19.714809252766617 ], [ -99.198033515545092, 19.732182888792721 ], [ -99.185946207802417, 19.736536967784787 ] ] ] } },
{ "type": "Feature", "properties": { "cve_loc": "150240124", "nom_loc": "La Providencia", "consultorios_faltantes": 0.4 }, "geometry": { "type": "Polygon", "coordinates": [ [ [ -99.143540858177289, 19.759471192603296 ], [ -99.147091597201779, 19.745322375450836 ], [ -99.149677556866848, 19.74576864581319 ], [ -99.148753387069178, 19.764159211745714 ], [ -99.143540858177289, 19.759471192603296 ] ] ] } },
{ "type": "Feature", "properties": { "cve_loc": "150250002", "nom_loc": "La Candelaria Tlapala", "consultorios_faltantes": 1.2 }, "geometry": { "type": "Polygon", "coordinates": [ [ [ -98.851809662649273, 19.245540762166737 ], [ -98.84343438334102, 19.243205459834694 ], [ -98.843410782028641, 19.236698342603802 ], [ -98.839298109501939, 19.235931751490877 ], [ -98.841113893863422, 19.229324483060427 ], [ -98.850891811425058, 19.236627626957482 ], [ -98.85056092155321, 19.238140760804832 ], [ -98.853593099537548, 19.239264110572723 ], [ -98.851809662649273, 19.245540762166737 ] ] ] } },
{ "type": "Feature", "properties": { "cve_loc": "150250005", "nom_loc": "San Gregorio Cuautzingo", "consultorios_faltantes": 1.1 }, "geometry": { "type": "Polygon", "coordinates": [ [ [ -98.856574900170756, 19.267080454021087 ], [ -98.853507330425671, 19.264241415129742 ], [ -98.854076100971739, 19.262141885821574 ], [ -98.855040980283277, 19.262831415723522 ], [ -98.856081640607357, 19.256839327111134 ], [ -98.857421823481687, 19.257152479756453 ], [ -98.857213612149863, 19.254845619897878 ], [ -98.861413498593066, 19.256846136801553 ], [ -98.86788332836484, 19.255344237133446 ], [ -98.868016616504363, 19.257780205481481 ], [ -98.865503674651976, 19.257963768004107 ], [ -98.864876627617718, 19.263664455020709 ], [ -98.861419088777112, 19.263993994649866 ], [ -98.860676298960357, 19.267290324341683 ], [ -98.856574900170756, 19.267080454021087 ] ] ] } },
{ "type": "Feature", "properties": { "cve_loc": "150250010", "nom_loc": "San Juan Tezompa", "consultorios_faltantes": 2.0 }, "geometry": { "type": "Polygon", "coordinates": [ [ [ -98.969326707712355, 19.204547188138235 ], [ -98.967221093247147, 19.206248208216227 ], [ -98.966818862852548, 19.208958458043856 ], [ -98.968520272282163, 19.210568197224941 ], [ -98.964303923912041, 19.213236366720825 ], [ -98.958303305333828, 19.210530547398722 ], [ -98.957852014738265, 19.213802026950425 ], [ -98.955740635587546, 19.213716797067228 ], [ -98.957557505039844, 19.209651807607241 ], [ -98.955692955033101, 19.207817397967506 ], [ -98.954252244725495, 19.20957049788656 ], [ -98.952705046955955, 19.209176767875686 ], [ -98.953847296655695, 19.206331228770537 ], [ -98.958577875351068, 19.206271868699883 ], [ -98.959430954689239, 19.204180808768879 ], [ -98.962046384167223, 19.205415178747756 ], [ -98.962657274174347, 19.20337893920793 ], [ -98.965991902921729, 19.203249609258545 ], [ -98.967577633323216, 19.204780408974237 ], [ -98.96769424322521, 19.203125969303301 ], [ -98.969326707712355, 19.204547188138235 ] ] ] } },
{ "type": "Feature", "properties": { "cve_loc": "150250011", "nom_loc": "San Lorenzo Chimalpa", "consultorios_faltantes": 0.8 }, "geometry": { "type": "Polygon", "coordinates": [ [ [ -98.915543124961928, 19.230412609836915 ], [ -98.924946436783628, 19.233962446753456 ], [ -98.921720394493477, 19.241297710570912 ], [ -98.917217684904969, 19.238712201589202 ], [ -98.917824609581956, 19.235047856435763 ], [ -98.913928874686889, 19.232881583374947 ], [ -98.915543124961928, 19.230412609836915 ] ] ] } },
{ "type": "Feature", "properties": { "cve_loc": "150250012", "nom_loc": "San Lucas Amalinalco", "consultorios_faltantes": 0.3 }, "geometry": { "type": "Polygon", "coordinates": [ [ [ -98.86483788880264, 19.275330093647426 ], [ -98.860559978971509, 19.274288212348416 ], [ -98.861004378964353, 19.271504813496414 ], [ -98.856574900170756, 19.267080454021087 ], [ -98.871346935262395, 19.269109523512601 ], [ -98.870388026265616, 19.27167318294681 ], [ -98.86832545676269, 19.273060723085923 ], [ -98.866789427988067, 19.27198604358745 ], [ -98.86483788880264, 19.275330093647426 ] ] ] } },
{ "type": "Feature", "properties": { "cve_loc": "150250013", "nom_loc": "San Marcos Huixtoco", "consultorios_faltantes": 0.9 }, "geometry": { "type": "Polygon", "coordinates": [ [ [ -98.870528346569941, 19.30281367580994 ], [ -98.862017468283355, 19.300468126869387 ], [ -98.861663037517545, 19.301573326511427 ], [ -98.858517399055629, 19.299877016923038 ], [ -98.853275181032203, 19.301574356179351 ], [ -98.858955898177484, 19.299397787280455 ], [ -98.861578147397765, 19.292435759676547 ], [ -98.868702097220662, 19.300961447587042 ], [ -98.871391489481496, 19.301132748124392 ], [ -98.870528346569941, 19.30281367580994 ] ] ] } },
{ "type": "Feature", "properties": { "cve_loc": "150250014", "nom_loc": "San Martín Cuautlalpan", "consultorios_faltantes": 0.7 }, "geometry": { "type": "Polygon", "coordinates": [ [ [ -98.823164480504389, 19.278262901545482 ], [ -98.820730557001397, 19.275881638483341 ], [ -98.817659924334563, 19.277212198088883 ], [ -98.814331675616032, 19.273801218908869 ], [ -98.807783165178151, 19.273332513441527 ], [ -98.810858213097916, 19.271714815527719 ], [ -98.812755021168584, 19.268631015070408 ], [ -98.815199621025684, 19.269304809346536 ], [ -98.814617499411668, 19.271488054255784 ], [ -98.825875237387081, 19.270717273348122 ], [ -98.826618097763841, 19.274477613444656 ], [ -98.829792675971959, 19.275013072143533 ], [ -98.823164480504389, 19.278262901545482 ] ] ] } },
{ "type": "Feature", "properties": { "cve_loc": "150250015", "nom_loc": "San Martín Xico Nuevo", "consultorios_faltantes": 0.2 }, "geometry": { "type": "Polygon", "coordinates": [ [ [ -98.910761348256642, 19.237802477127541 ], [ -98.913928874686889, 19.232881583374947 ], [ -98.917824609581956, 19.235047856435763 ], [ -98.917217684904969, 19.238712201589202 ], [ -98.919876242889856, 19.24026659343582 ], [ -98.91832159181844, 19.242771383228 ], [ -98.916470704079273, 19.241715395117605 ], [ -98.915675644793808, 19.243240761117413 ], [ -98.914641185088058, 19.242781361348666 ], [ -98.915552185600077, 19.241190390543967 ], [ -98.910761348256642, 19.237802477127541 ] ] ] } },
{ "type": "Feature", "properties": { "cve_loc": "150250016", "nom_loc": "San Mateo Huitzilzingo", "consultorios_faltantes": 0.4 }, "geometry": { "type": "Polygon", "coordinates": [ [ [ -98.920875194065701, 19.227859663776297 ], [ -98.928541712646464, 19.225544234220393 ], [ -98.931113307897533, 19.229298797689879 ], [ -98.928286412283839, 19.228391053378225 ], [ -98.927238242676395, 19.230948312589771 ], [ -98.925118882927578, 19.231453482941426 ], [ -98.921798504136831, 19.230270093305585 ], [ -98.922550844132232, 19.228487533135244 ], [ -98.920875194065701, 19.227859663776297 ] ] ] } },
{ "type": "Feature", "properties": { "cve_loc": "150250017", "nom_loc": "San Mateo Tezoquipan Miraflores", "consultorios_faltantes": 0.2 }, "geometry": { "type": "Polygon", "coordinates": [ [ [ -98.816355880086078, 19.220677715371121 ], [ -98.822215157875533, 19.224268870835498 ], [ -98.818697255016318, 19.22384291300752 ], [ -98.81845378995105, 19.225479073295041 ], [ -98.822060157938694, 19.231900912034291 ], [ -98.81839543738009, 19.23295584515563 ], [ -98.815825470436238, 19.227353974107526 ], [ -98.815273420443688, 19.2205648862546 ], [ -98.812454024749627, 19.217425946912023 ], [ -98.816335134595207, 19.217917108185716 ], [ -98.816355880086078, 19.220677715371121 ] ] ] } },
{ "type": "Feature", "properties": { "cve_loc": "150250019", "nom_loc": "San Pablo Atlazalpan", "consultorios_faltantes": 1.2 }, "geometry": { "type": "Polygon", "coordinates": [ [ [ -98.917217889430518, 19.22763022266054 ], [ -98.907872515235738, 19.225427380633644 ], [ -98.908939417047421, 19.222522864441626 ], [ -98.901009188943462, 19.220552485345348 ], [ -98.901591908011639, 19.213192887347031 ], [ -98.911611046285088, 19.215580166217606 ], [ -98.909940307141596, 19.220015265561795 ], [ -98.911084426077068, 19.221829224770058 ], [ -98.913031366212124, 19.216371715907826 ], [ -98.91608771542019, 19.217557936111227 ], [ -98.913422305863946, 19.223552594502664 ], [ -98.917621301595503, 19.226534826971722 ], [ -98.917217889430518, 19.22763022266054 ] ] ] } },
{ "type": "Feature", "properties": { "cve_loc": "150250020", "nom_loc": "Santa Catarina Ayotzingo", "consultorios_faltantes": 0.8 }, "geometry": { "type": "Polygon", "coordinates": [ [ [ -98.927389529853443, 19.214446342247545 ], [ -98.927486747513157, 19.212183419577165 ], [ -98.923501552758438, 19.213258671858227 ], [ -98.923124394008212, 19.207763937894239 ], [ -98.924916483836455, 19.207658488163837 ], [ -98.924779762987527, 19.205387318779071 ], [ -98.928112872370363, 19.207278658558799 ], [ -98.928895812181423, 19.206272917999701 ], [ -98.929583882189007, 19.207822257819014 ], [ -98.934152611306175, 19.206911268680972 ], [ -98.939413115175427, 19.208097987723516 ], [ -98.937607249421248, 19.211972867452918 ], [ -98.93195017367708, 19.211205082927876 ], [ -98.931399612553875, 19.213254218691848 ], [ -98.927389529853443, 19.214446342247545 ] ] ] } },
{ "type": "Feature", "properties": { "cve_loc": "150250021", "nom_loc": "Santa María Huexoculco", "consultorios_faltantes": 1.9 }, "geometry": { "type": "Polygon", "coordinates": [ [ [ -98.816926273021039, 19.264699673080909 ], [ -98.816499625778405, 19.263169243170697 ], [ -98.813238490800359, 19.262555999398923 ], [ -98.811956014119346, 19.264545491035516 ], [ -98.808858391630991, 19.265037737613703 ], [ -98.808950742691664, 19.261584886705144 ], [ -98.806515933099817, 19.262714532850556 ], [ -98.805276541590388, 19.261501159403217 ], [ -98.813331167461726, 19.25662844390893 ], [ -98.825790257378642, 19.258158102972079 ], [ -98.828904405868869, 19.257148756703735 ], [ -98.831483481922547, 19.263757618249603 ], [ -98.831176491996999, 19.26486433567435 ], [ -98.824065726566133, 19.263352674596387 ], [ -98.816926273021039, 19.264699673080909 ] ] ] } },
{ "type": "Feature", "properties": { "cve_loc": "150250046", "nom_loc": "Ex-Hacienda de Guadalupe", "consultorios_faltantes": 0.9 }, "geometry": { "type": "Polygon", "coordinates": [ [ [ -98.843602912631283, 19.252840960977643 ], [ -98.840264894199422, 19.249826968604268 ], [ -98.841448760614071, 19.244004546899909 ], [ -98.84634817198085, 19.24517078399133 ], [ -98.843602912631283, 19.252840960977643 ] ] ] } },
{ "type": "Feature", "properties": { "cve_loc": "150250145", "nom_loc": "Los Álamos [Conjunto Urbano]", "consultorios_faltantes": 1.4 }, "geometry": { "type": "Polygon", "coordinates": [ [ [ -98.855725862525119, 19.249635636279567 ], [ -98.856294898364595, 19.246112684381313 ], [ -98.854617351520361, 19.245872358703256 ], [ -98.856079260454706, 19.240564170780239 ], [ -98.858457929773891, 19.242105969809785 ], [ -98.859864199782606, 19.246892929110199 ], [ -98.859294387300466, 19.250152613104245 ], [ -98.855725862525119, 19.249635636279567 ] ] ] } },
{ "type": "Feature", "properties": { "cve_loc": "150250146", "nom_loc": "Pueblo Nuevo [Conjunto Urbano]", "consultorios_faltantes": 2.1 }, "geometry": { "type": "Polygon", "coordinates": [ [ [ -98.846400922349858, 19.271892363546115 ], [ -98.851510241675314, 19.268177593818542 ], [ -98.857294700280733, 19.268790303575535 ], [ -98.85746260996946, 19.271134853015717 ], [ -98.860301729138897, 19.274089822564434 ], [ -98.859929399566852, 19.276610222649808 ], [ -98.856528870479508, 19.27573812217064 ], [ -98.856669230127793, 19.277750393117419 ], [ -98.854607809801067, 19.277367811692955 ], [ -98.850483321257727, 19.274205992782193 ], [ -98.85038527019934, 19.271580753195586 ], [ -98.846400922349858, 19.271892363546115 ] ] ] } },
{ "type": "Feature", "properties": { "cve_loc": "150250148", "nom_loc": "Villas de San Martín [Conjunto Urbano]", "consultorios_faltantes": 1.2 }, "geometry": { "type": "Polygon", "coordinates": [ [ [ -98.834360948794483, 19.264431536474838 ], [ -98.838242638805895, 19.264074401841384 ], [ -98.838775434346147, 19.269962363522566 ], [ -98.830025435942716, 19.26998219405975 ], [ -98.830638466458211, 19.267357724559115 ], [ -98.834360948794483, 19.264431536474838 ] ] ] } },
{ "type": "Feature", "properties": { "cve_loc": "150250149", "nom_loc": "Los Héroes Chalco [Conjunto Urbano]", "consultorios_faltantes": 5.4 }, "geometry": { "type": "Polygon", "coordinates": [ [ [ -98.853458491457616, 19.265549957654489 ], [ -98.8330900574841, 19.264013642454728 ], [ -98.833476501184478, 19.262020900923247 ], [ -98.830267520752315, 19.260502621276238 ], [ -98.842603753945255, 19.260988795760834 ], [ -98.843424873165944, 19.257336996310507 ], [ -98.844796412536326, 19.259735626346888 ], [ -98.845646812472893, 19.258964825947984 ], [ -98.848512042321431, 19.260608525557096 ], [ -98.847856839805004, 19.262497038926583 ], [ -98.853458491457616, 19.265549957654489 ] ] ] } },
{ "type": "Feature", "properties": { "cve_loc": "150270001", "nom_loc": "Chapultepec", "consultorios_faltantes": 0.3 }, "geometry": { "type": "Polygon", "coordinates": [ [ [ -99.560346974620558, 19.205789526089212 ], [ -99.558118476431986, 19.19887137520514 ], [ -99.561468522127711, 19.198281854502152 ], [ -99.562536534229963, 19.195455931269439 ], [ -99.568555627175485, 19.195065412687168 ], [ -99.564444249655097, 19.198228817920519 ], [ -99.564857309447504, 19.200544001222813 ], [ -99.567035260988177, 19.20049840769126 ], [ -99.568358397249227, 19.204099894763321 ], [ -99.565055191245847, 19.203372080379413 ], [ -99.565068148896529, 19.204499817381794 ], [ -99.560346974620558, 19.205789526089212 ] ] ] } },
{ "type": "Feature", "properties": { "cve_loc": "150270012", "nom_loc": "Unidad Habitacional Santa Teresa", "consultorios_faltantes": 0.3 }, "geometry": { "type": "Polygon", "coordinates": [ [ [ -99.550786677168333, 19.221889920721466 ], [ -99.550888661155213, 19.214284927832171 ], [ -99.551077066513272, 19.205013580358717 ], [ -99.553620489602793, 19.208092342455096 ], [ -99.552876498751388, 19.22175116551891 ], [ -99.550786677168333, 19.221889920721466 ] ] ] } },
{ "type": "Feature", "properties": { "cve_loc": "150280001", "nom_loc": "Chiautla", "consultorios_faltantes": 0.3 }, "geometry": { "type": "Polygon", "coordinates": [ [ [ -98.88156463292961, 19.555915778344154 ], [ -98.882143033303421, 19.542781330890531 ], [ -98.887056562168709, 19.542369337929028 ], [ -98.888337881382242, 19.544827860694895 ], [ -98.891129080993736, 19.545761900347614 ], [ -98.889941795109792, 19.550163142621663 ], [ -98.894253420347269, 19.550466519553808 ], [ -98.893255480886424, 19.553896018691162 ], [ -98.892597420403348, 19.55521112871941 ], [ -98.889516751467085, 19.555011178620145 ], [ -98.88935739127237, 19.557042607584581 ], [ -98.88156463292961, 19.555915778344154 ] ] ] } },
{ "type": "Feature", "properties": { "cve_loc": "150280004", "nom_loc": "Ocopulco", "consultorios_faltantes": 0.5 }, "geometry": { "type": "Polygon", "coordinates": [ [ [ -98.896684649799397, 19.598986378040291 ], [ -98.888288051317872, 19.585541111477205 ], [ -98.889057431077433, 19.583933513155927 ], [ -98.900649108474269, 19.585600462436112 ], [ -98.900422688018395, 19.586869981539326 ], [ -98.902204657152723, 19.587001970853112 ], [ -98.899776419000816, 19.595090649343945 ], [ -98.900381418210927, 19.598903028151284 ], [ -98.896684649799397, 19.598986378040291 ] ] ] } },
{ "type": "Feature", "properties": { "cve_loc": "150280006", "nom_loc": "Santiago Chimalpa (Chimalpa)", "consultorios_faltantes": 0.4 }, "geometry": { "type": "Polygon", "coordinates": [ [ [ -98.902259738559479, 19.580493662289072 ], [ -98.901269968017559, 19.574665543782711 ], [ -98.880828573393558, 19.569553754970649 ], [ -98.880254263300628, 19.566093005822296 ], [ -98.890210800955728, 19.566234745983433 ], [ -98.894914289675242, 19.568232295328777 ], [ -98.896449249887283, 19.567062415973648 ], [ -98.910944656418692, 19.570716095330358 ], [ -98.910814106357662, 19.582546602499331 ], [ -98.902259738559479, 19.580493662289072 ] ] ] } },
{ "type": "Feature", "properties": { "cve_loc": "150300001", "nom_loc": "Chiconcuac de Juárez", "consultorios_faltantes": 1.3 }, "geometry": { "type": "Polygon", "coordinates": [ [ [ -98.898264628923442, 19.565567585710845 ], [ -98.900479548421387, 19.56385746684894 ], [ -98.899852138621569, 19.560269687374845 ], [ -98.902641048312887, 19.562253406603503 ], [ -98.910545506246081, 19.556272438653664 ], [ -98.911244984674937, 19.566845215855107 ], [ -98.898264628923442, 19.565567585710845 ] ] ] } },
{ "type": "Feature", "properties": { "cve_loc": "150320008", "nom_loc": "San Agustín de las Palmas (San Agustín)", "consultorios_faltantes": 0.7 }, "geometry": { "type": "Polygon", "coordinates": [ [ [ -100.151923644209347, 19.343058408377473 ], [ -100.144669865623044, 19.342448228833359 ], [ -100.143500248886042, 19.340038213848775 ], [ -100.140503268799606, 19.340597638298476 ], [ -100.137105571258189, 19.337989480590444 ], [ -100.138255207235858, 19.33070041151511 ], [ -100.137232286444402, 19.326152205255166 ], [ -100.140230146469875, 19.321815953234321 ], [ -100.143755206290777, 19.311303015553918 ], [ -100.145681884044947, 19.311517345985578 ], [ -100.159249572378855, 19.303107128814997 ], [ -100.159355122594675, 19.309977897155367 ], [ -100.163998330386477, 19.311757695453505 ], [ -100.164739349462195, 19.315119675966766 ], [ -100.160151881557951, 19.326623063224691 ], [ -100.159819141508578, 19.331262581706923 ], [ -100.158016121056633, 19.331636571598189 ], [ -100.164942409675007, 19.33782124057085 ], [ -100.161141081894698, 19.341359539751654 ], [ -100.159300311945159, 19.341237209792709 ], [ -100.159757121299464, 19.342183170142384 ], [ -100.156529112743769, 19.34142575043105 ], [ -100.151923644209347, 19.343058408377473 ] ] ] } },
{ "type": "Feature", "properties": { "cve_loc": "150320017", "nom_loc": "San Simón de la Laguna", "consultorios_faltantes": 1.2 }, "geometry": { "type": "Polygon", "coordinates": [ [ [ -100.099267796893599, 19.299738478351205 ], [ -100.09033282898406, 19.301564178386069 ], [ -100.086778939235913, 19.299158079581144 ], [ -100.082204530401199, 19.299073528710572 ], [ -100.076199790957887, 19.295461550331083 ], [ -100.076267502612822, 19.293264961185383 ], [ -100.069176773528966, 19.291151550682599 ], [ -100.067240313328554, 19.287986671833934 ], [ -100.068015533379338, 19.283914932129086 ], [ -100.066205115052156, 19.28320070331155 ], [ -100.066906623856539, 19.279809763426289 ], [ -100.070113622473059, 19.280998842240738 ], [ -100.068631714425038, 19.284009422682971 ], [ -100.072046903085948, 19.280820554022668 ], [ -100.075971761303052, 19.28264204228358 ], [ -100.078285630796756, 19.280026363925433 ], [ -100.084516029927016, 19.281337782970027 ], [ -100.091539398178824, 19.27946052393963 ], [ -100.093240136842923, 19.281200013268737 ], [ -100.092333078186002, 19.283640922839016 ], [ -100.096666587839081, 19.280031152523627 ], [ -100.099005456580642, 19.281464023401984 ], [ -100.101533536106842, 19.284608412760502 ], [ -100.100514215736297, 19.286912651890788 ], [ -100.096282596316897, 19.288812011329071 ], [ -100.096509025996241, 19.290879810659678 ], [ -100.099015076975491, 19.291994451098596 ], [ -100.097079557439329, 19.293781209835629 ], [ -100.098063897119275, 19.295442019283186 ], [ -100.094744456768197, 19.297918789170982 ], [ -100.099267796893599, 19.299738478351205 ] ] ] } },
{ "type": "Feature", "properties": { "cve_loc": "150350001", "nom_loc": "Huehuetoca", "consultorios_faltantes": 0.2 }, "geometry": { "type": "Polygon", "coordinates": [ [ [ -99.209750492208528, 19.824898178103613 ], [ -99.207865373026024, 19.831579458331777 ], [ -99.206681353513233, 19.831794562326866 ], [ -99.205504751022801, 19.826489891368226 ], [ -99.204374147913228, 19.826558985297492 ], [ -99.205092492727204, 19.823817088043043 ], [ -99.209750492208528, 19.824898178103613 ] ] ] } },
{ "type": "Feature", "properties": { "cve_loc": "150350006", "nom_loc": "El Dorado Huehuetoca", "consultorios_faltantes": 2.6 }, "geometry": { "type": "Polygon", "coordinates": [ [ [ -99.198932983970508, 19.887652273281113 ], [ -99.194148273275644, 19.875456637223845 ], [ -99.195596229246306, 19.876519332047284 ], [ -99.199699429571695, 19.875062287827877 ], [ -99.204372552663003, 19.88661041299488 ], [ -99.198932983970508, 19.887652273281113 ] ] ] } },
{ "type": "Feature", "properties": { "cve_loc": "150350008", "nom_loc": "Salitrillo", "consultorios_faltantes": 1.1 }, "geometry": { "type": "Polygon", "coordinates": [ [ [ -99.22009674895375, 19.83598245532545 ], [ -99.220036659046869, 19.834234775553732 ], [ -99.21280806153429, 19.834607725843721 ], [ -99.213683470616544, 19.831282716402022 ], [ -99.215467660483156, 19.831326625981131 ], [ -99.216387340689138, 19.823484288069235 ], [ -99.232090026214067, 19.823855148068574 ], [ -99.228021347006447, 19.828083628316488 ], [ -99.228634397338055, 19.833109976154869 ], [ -99.222400338159147, 19.834098526254881 ], [ -99.222443427596332, 19.835736066661759 ], [ -99.22009674895375, 19.83598245532545 ] ] ] } },
{ "type": "Feature", "properties": { "cve_loc": "150350009", "nom_loc": "San Bartolo", "consultorios_faltantes": 0.2 }, "geometry": { "type": "Polygon", "coordinates": [ [ [ -99.193426645737546, 19.841593554337376 ], [ -99.193167915849926, 19.833913825498222 ], [ -99.197653844977381, 19.834615065319724 ], [ -99.198774464842472, 19.832986395958788 ], [ -99.201555834262834, 19.833181116043292 ], [ -99.202326233574709, 19.835862315702339 ], [ -99.201946003969184, 19.838135484496004 ], [ -99.199517544477288, 19.837858854843542 ], [ -99.19924466448083, 19.839669794240862 ], [ -99.194968775382151, 19.839917604687702 ], [ -99.193426645737546, 19.841593554337376 ] ] ] } },
{ "type": "Feature", "properties": { "cve_loc": "150350012", "nom_loc": "San Pedro Xalpa", "consultorios_faltantes": 1.2 }, "geometry": { "type": "Polygon", "coordinates": [ [ [ -99.180915958722295, 19.83367825608466 ], [ -99.181248928843445, 19.832508666448003 ], [ -99.176299679695646, 19.831612236554385 ], [ -99.177133679370598, 19.823600408685525 ], [ -99.191146726127201, 19.822798068052478 ], [ -99.194049925715419, 19.82520231744768 ], [ -99.191712846019485, 19.825312637403417 ], [ -99.191692606656019, 19.828317157112785 ], [ -99.186502077201695, 19.829903826708922 ], [ -99.185807156301763, 19.833859991974712 ], [ -99.180915958722295, 19.83367825608466 ] ] ] } },
{ "type": "Feature", "properties": { "cve_loc": "150350013", "nom_loc": "Santa María", "consultorios_faltantes": 0.8 }, "geometry": { "type": "Polygon", "coordinates": [ [ [ -99.203803443502963, 19.853469481675077 ], [ -99.199751923919479, 19.853444231340955 ], [ -99.199807294137941, 19.851569491598735 ], [ -99.197913554330981, 19.85095517209383 ], [ -99.200273514118948, 19.850493752241789 ], [ -99.20331297344616, 19.840291154144637 ], [ -99.205722842621284, 19.837847374762394 ], [ -99.207426602065539, 19.837979204601794 ], [ -99.207876573119194, 19.835814852607118 ], [ -99.214999180906872, 19.854495080993306 ], [ -99.213936270414138, 19.855884880842485 ], [ -99.212621680375065, 19.852828653441634 ], [ -99.207689342178099, 19.85195128176974 ], [ -99.207496321974972, 19.848497912776285 ], [ -99.205275752778036, 19.84943159261119 ], [ -99.205193512954921, 19.856963590719086 ], [ -99.200255744065686, 19.856936060178054 ], [ -99.203803443502963, 19.853469481675077 ] ] ] } },
{ "type": "Feature", "properties": { "cve_loc": "150350019", "nom_loc": "Ex-Hacienda de Xalpa", "consultorios_faltantes": 0.9 }, "geometry": { "type": "Polygon", "coordinates": [ [ [ -99.191146726127201, 19.822798068052478 ], [ -99.181318008995177, 19.822664638339951 ], [ -99.183639298698154, 19.818550209504984 ], [ -99.191146726127201, 19.822798068052478 ] ] ] } },
{ "type": "Feature", "properties": { "cve_loc": "150350027", "nom_loc": "Santa Teresa", "consultorios_faltantes": 1.5 }, "geometry": { "type": "Polygon", "coordinates": [ [ [ -99.237781054949807, 19.848934722748645 ], [ -99.229380687444362, 19.845430833547859 ], [ -99.2287297177281, 19.842157513974719 ], [ -99.239152995114381, 19.842302004372737 ], [ -99.237781054949807, 19.848934722748645 ] ] ] } },
{ "type": "Feature", "properties": { "cve_loc": "150350030", "nom_loc": "URBI Villa del Rey", "consultorios_faltantes": 2.3 }, "geometry": { "type": "Polygon", "coordinates": [ [ [ -99.254024631294726, 19.844377823791309 ], [ -99.263901156543938, 19.833976247367382 ], [ -99.265868908019044, 19.833274425787927 ], [ -99.264276588168784, 19.834123575717495 ], [ -99.262396799490801, 19.83959932426917 ], [ -99.269207727376596, 19.845197743255355 ], [ -99.267939397616217, 19.846874482841013 ], [ -99.265111767957393, 19.84466732341841 ], [ -99.263299898463501, 19.848089742722273 ], [ -99.260459969522032, 19.849854262381534 ], [ -99.254024631294726, 19.844377823791309 ] ] ] } },
{ "type": "Feature", "properties": { "cve_loc": "150350035", "nom_loc": "Paseos del Prado", "consultorios_faltantes": 0.6 }, "geometry": { "type": "Polygon", "coordinates": [ [ [ -99.212339808115004, 19.838484791743774 ], [ -99.210651782401968, 19.834986803341451 ], [ -99.216315538535937, 19.835704861558686 ], [ -99.21623433531299, 19.839577482245122 ], [ -99.212339808115004, 19.838484791743774 ] ] ] } },
{ "type": "Feature", "properties": { "cve_loc": "150360006", "nom_loc": "Jilotzingo", "consultorios_faltantes": 0.8 }, "geometry": { "type": "Polygon", "coordinates": [ [ [ -99.06046903698153, 19.878562045483765 ], [ -99.060371047047639, 19.872760047339078 ], [ -99.056459349586618, 19.871319678167847 ], [ -99.053736990525266, 19.858430989985287 ], [ -99.066433816561172, 19.859020420057284 ], [ -99.069255156534012, 19.85996184990211 ], [ -99.070322075893046, 19.862277109152902 ], [ -99.071261835349404, 19.871269477292071 ], [ -99.068176146727922, 19.87726094527423 ], [ -99.06046903698153, 19.878562045483765 ] ] ] } },
{ "type": "Feature", "properties": { "cve_loc": "150360008", "nom_loc": "San Francisco Zacacalco", "consultorios_faltantes": 0.3 }, "geometry": { "type": "Polygon", "coordinates": [ [ [ -98.987317545749605, 19.93000775304295 ], [ -98.972099639577806, 19.928132694378426 ], [ -98.972679210055844, 19.926834923880978 ], [ -98.970761519910013, 19.925628953870653 ], [ -98.975072317777403, 19.926546014479872 ], [ -98.975564927929341, 19.924849723942703 ], [ -98.982119746673433, 19.926057415126991 ], [ -98.984323806001768, 19.925253705085272 ], [ -98.984585166945692, 19.922679575018208 ], [ -98.987466376228895, 19.923663104859745 ], [ -98.987317545749605, 19.93000775304295 ] ] ] } },
{ "type": "Feature", "properties": { "cve_loc": "150360009", "nom_loc": "Santa María Ajoloapan", "consultorios_faltantes": 0.4 }, "geometry": { "type": "Polygon", "coordinates": [ [ [ -99.046096011740431, 19.99153251953042 ], [ -99.044338791329452, 19.985450251075118 ], [ -99.04742119160376, 19.98083503184494 ], [ -99.045674190501032, 19.976731294113844 ], [ -99.047724301062942, 19.972234834730113 ], [ -99.04978904024648, 19.969805604185609 ], [ -99.053449109297063, 19.96959406417481 ], [ -99.054693989321351, 19.974740093440026 ], [ -99.059568068249604, 19.973992763758268 ], [ -99.057859758750823, 19.982099961436113 ], [ -99.053918849181784, 19.988187770342794 ], [ -99.046096011740431, 19.99153251953042 ] ] ] } },
{ "type": "Feature", "properties": { "cve_loc": "150370001", "nom_loc": "Huixquilucan de Degollado", "consultorios_faltantes": 0.6 }, "geometry": { "type": "Polygon", "coordinates": [ [ [ -99.354956304874406, 19.363805263998589 ], [ -99.351606566432807, 19.361870133375003 ], [ -99.349130969348494, 19.357063135219917 ], [ -99.35370957786229, 19.353100385634121 ], [ -99.352965816535601, 19.354799975755235 ], [ -99.354164197312244, 19.355933254996764 ], [ -99.355993236626247, 19.355743204901067 ], [ -99.35660725688939, 19.352870485625711 ], [ -99.35993473523547, 19.35303153585232 ], [ -99.357803776208982, 19.357246280133431 ], [ -99.360027835966164, 19.359658713901279 ], [ -99.356076637663818, 19.360922433948275 ], [ -99.357109336477848, 19.362157963529828 ], [ -99.354956304874406, 19.363805263998589 ] ] ] } },
{ "type": "Feature", "properties": { "cve_loc": "150370005", "nom_loc": "Dos Ríos", "consultorios_faltantes": 0.6 }, "geometry": { "type": "Polygon", "coordinates": [ [ [ -99.34180479991133, 19.378391109756116 ], [ -99.339752881053769, 19.372000280754495 ], [ -99.341520141008843, 19.368876141864899 ], [ -99.347877271404968, 19.366305612230995 ], [ -99.350243156833898, 19.372663619866035 ], [ -99.347291546388362, 19.373750085433251 ], [ -99.347638272455569, 19.375623815738805 ], [ -99.346233847328563, 19.375422347012471 ], [ -99.347165808957442, 19.377668307733561 ], [ -99.34180479991133, 19.378391109756116 ] ] ] } },
{ "type": "Feature", "properties": { "cve_loc": "150370009", "nom_loc": "Jesús del Monte", "consultorios_faltantes": 0.7 }, "geometry": { "type": "Polygon", "coordinates": [ [ [ -99.296008451986225, 19.377194509824104 ], [ -99.29388053189227, 19.375045401064376 ], [ -99.293881642439587, 19.37014433115392 ], [ -99.297909411707266, 19.369322031376509 ], [ -99.29901205093455, 19.36751234184484 ], [ -99.300408987409128, 19.368892482381405 ], [ -99.298550411678121, 19.371905421086421 ], [ -99.298955121191014, 19.377291129574228 ], [ -99.296008451986225, 19.377194509824104 ] ] ] } },
{ "type": "Feature", "properties": { "cve_loc": "150370013", "nom_loc": "Magdalena Chichicaspa", "consultorios_faltantes": 1.2 }, "geometry": { "type": "Polygon", "coordinates": [ [ [ -99.332610385967911, 19.425551069273283 ], [ -99.327042628536532, 19.421806978605478 ], [ -99.324552002847355, 19.421742196910444 ], [ -99.322820942479098, 19.416413521328423 ], [ -99.325262041709763, 19.419107390624308 ], [ -99.331396601567803, 19.418812490450261 ], [ -99.342003822179407, 19.42249551429633 ], [ -99.333260237195745, 19.428210847385824 ], [ -99.332610385967911, 19.425551069273283 ] ] ] } },
{ "type": "Feature", "properties": { "cve_loc": "150370018", "nom_loc": "San Bartolomé Coatepec", "consultorios_faltantes": 0.2 }, "geometry": { "type": "Polygon", "coordinates": [ [ [ -99.30296444044383, 19.403334825049217 ], [ -99.309996248089291, 19.397438555331384 ], [ -99.310285118108851, 19.394396256731781 ], [ -99.312273361640877, 19.395254421781178 ], [ -99.316440156549206, 19.393725157337094 ], [ -99.316549974254443, 19.394912881437445 ], [ -99.311377287356848, 19.397345795815522 ], [ -99.312050178393861, 19.401036625639094 ], [ -99.309303368243633, 19.403193973083017 ], [ -99.311160548703896, 19.40410644404588 ], [ -99.30296444044383, 19.403334825049217 ] ] ] } },
{ "type": "Feature", "properties": { "cve_loc": "150370019", "nom_loc": "San Cristóbal Texcalucan", "consultorios_faltantes": 0.6 }, "geometry": { "type": "Polygon", "coordinates": [ [ [ -99.329433480381837, 19.410131758957949 ], [ -99.328208679103383, 19.402439195389544 ], [ -99.335023301528622, 19.400307646123061 ], [ -99.333972196358403, 19.398697178739127 ], [ -99.329729012628235, 19.398318725973485 ], [ -99.332971783026707, 19.395025186779122 ], [ -99.338930800205091, 19.396767905022774 ], [ -99.337393457305083, 19.399306153256024 ], [ -99.336987661623795, 19.397664604739081 ], [ -99.335492820743582, 19.399584387056102 ], [ -99.335854710864083, 19.402078300903501 ], [ -99.339609059663118, 19.402715076453745 ], [ -99.339082494334519, 19.405730680846329 ], [ -99.337383193268025, 19.407353843697191 ], [ -99.332490627865624, 19.406383572429778 ], [ -99.329831945256331, 19.40811711187758 ], [ -99.329433480381837, 19.410131758957949 ] ] ] } },
{ "type": "Feature", "properties": { "cve_loc": "150370021", "nom_loc": "San Francisco Ayotuzco", "consultorios_faltantes": 0.5 }, "geometry": { "type": "Polygon", "coordinates": [ [ [ -99.349434234335916, 19.371125494343644 ], [ -99.347634391343746, 19.367870272262678 ], [ -99.348296399146648, 19.365548462719744 ], [ -99.355066347178507, 19.363845142978562 ], [ -99.357109336477848, 19.362157963529828 ], [ -99.356307427330535, 19.360739464234541 ], [ -99.365846131005696, 19.358553091008066 ], [ -99.371587423779147, 19.361643774808289 ], [ -99.364673964392409, 19.362830832935369 ], [ -99.349434234335916, 19.371125494343644 ] ] ] } },
{ "type": "Feature", "properties": { "cve_loc": "150370023", "nom_loc": "San Juan Yautepec", "consultorios_faltantes": 0.9 }, "geometry": { "type": "Polygon", "coordinates": [ [ [ -99.33945851107751, 19.358231265100919 ], [ -99.332327643571986, 19.347701996835301 ], [ -99.333804442170489, 19.342283397468449 ], [ -99.338765601571339, 19.343754828896309 ], [ -99.343608810237058, 19.339964689563722 ], [ -99.345700980341121, 19.342037977592774 ], [ -99.344839880577211, 19.343279468090312 ], [ -99.349131438184969, 19.342416688617089 ], [ -99.350590168398256, 19.346038407579691 ], [ -99.35015416820174, 19.347256307588413 ], [ -99.347021939380866, 19.34768522694727 ], [ -99.347030684760469, 19.352146396726081 ], [ -99.33945851107751, 19.358231265100919 ] ] ] } },
{ "type": "Feature", "properties": { "cve_loc": "150370024", "nom_loc": "Santa Cruz Ayotuzco", "consultorios_faltantes": 0.0 }, "geometry": { "type": "Polygon", "coordinates": [ [ [ -99.371209798979635, 19.390651914540673 ], [ -99.365826324811977, 19.387452976046259 ], [ -99.367625054361838, 19.387848228649144 ], [ -99.366766653379358, 19.386000309008608 ], [ -99.3623339356771, 19.383283249033823 ], [ -99.36275634571362, 19.377901960366444 ], [ -99.360738225581954, 19.377098710759217 ], [ -99.360315885680151, 19.372426000744465 ], [ -99.363508964961497, 19.373503530553421 ], [ -99.367244453988903, 19.377224819783887 ], [ -99.369174623660498, 19.377453800436559 ], [ -99.369571604089856, 19.376290280271967 ], [ -99.373100650560446, 19.380439775132349 ], [ -99.372235943315687, 19.381306629839234 ], [ -99.374223134707307, 19.387863787723223 ], [ -99.371209798979635, 19.390651914540673 ] ] ] } },
{ "type": "Feature", "properties": { "cve_loc": "150370025", "nom_loc": "Santiago Yancuitlalpan", "consultorios_faltantes": 3.5 }, "geometry": { "type": "Polygon", "coordinates": [ [ [ -99.306804209135549, 19.395212637859235 ], [ -99.305367421076994, 19.393524295348712 ], [ -99.301457550844049, 19.395073336409094 ], [ -99.30381488368154, 19.391594278186652 ], [ -99.302757549264726, 19.390403257721665 ], [ -99.303811648730829, 19.38849733799076 ], [ -99.302133033212598, 19.388646002221531 ], [ -99.302254644779509, 19.386300370473485 ], [ -99.300336251820525, 19.387661558340156 ], [ -99.301167420769872, 19.386221119630658 ], [ -99.299496720542606, 19.386601338138011 ], [ -99.299635951454164, 19.384610698512123 ], [ -99.302876092874243, 19.38372507998832 ], [ -99.301413055885547, 19.382678226737887 ], [ -99.302504934001945, 19.378901670941069 ], [ -99.307757128683434, 19.371558250807979 ], [ -99.309769759085754, 19.371171902012627 ], [ -99.310716522153839, 19.371923269200696 ], [ -99.308165617941654, 19.377113499920245 ], [ -99.308544219453864, 19.379529529212324 ], [ -99.307226268014901, 19.379758909765744 ], [ -99.308426532331694, 19.384174748657866 ], [ -99.306688712988489, 19.38439470566226 ], [ -99.309011809120108, 19.386920798729104 ], [ -99.307774292949787, 19.38879702525416 ], [ -99.309204868952492, 19.389773358274653 ], [ -99.308932006368039, 19.394400957461901 ], [ -99.306804209135549, 19.395212637859235 ] ] ] } },
{ "type": "Feature", "properties": { "cve_loc": "150370026", "nom_loc": "Zacamulpa", "consultorios_faltantes": 2.1 }, "geometry": { "type": "Polygon", "coordinates": [ [ [ -99.325242743792614, 19.360534464845003 ], [ -99.32702415333921, 19.358672055187665 ], [ -99.323735154502259, 19.359242704643801 ], [ -99.322034344836027, 19.358617374601788 ], [ -99.328476684582313, 19.353089465296854 ], [ -99.328612913637087, 19.348304566231018 ], [ -99.331437378762956, 19.352338895872329 ], [ -99.334091801960795, 19.349277547342101 ], [ -99.335639522171419, 19.355698715897251 ], [ -99.333961412249451, 19.361554886769138 ], [ -99.332973954737795, 19.360512599208093 ], [ -99.326632431351598, 19.364177103507558 ], [ -99.325242743792614, 19.360534464845003 ] ] ] } },
{ "type": "Feature", "properties": { "cve_loc": "150370084", "nom_loc": "Paraje el Mirador", "consultorios_faltantes": 0.0 }, "geometry": { "type": "Polygon", "coordinates": [ [ [ -99.331890561211395, 19.402162328574917 ], [ -99.324457463881586, 19.401925424019566 ], [ -99.328961743489884, 19.398083394936556 ], [ -99.332991111875359, 19.399282845263176 ], [ -99.332928802253775, 19.400519935428786 ], [ -99.330784952395831, 19.400320415873033 ], [ -99.331890561211395, 19.402162328574917 ] ] ] } },
{ "type": "Feature", "properties": { "cve_loc": "150370089", "nom_loc": "El Hielo", "consultorios_faltantes": 0.3 }, "geometry": { "type": "Polygon", "coordinates": [ [ [ -99.355618686920224, 19.430273995761208 ], [ -99.352223967353609, 19.427954218416826 ], [ -99.347314437184252, 19.428818188967671 ], [ -99.348512575080193, 19.427894775511195 ], [ -99.343864659505655, 19.428603758686002 ], [ -99.341782146184897, 19.427751106685218 ], [ -99.34620282268196, 19.425529792593888 ], [ -99.350889344095194, 19.424805122316538 ], [ -99.351957465321476, 19.425823186680688 ], [ -99.353889347063784, 19.423343870430145 ], [ -99.355977302401413, 19.422966989917562 ], [ -99.354804668262233, 19.425379066085835 ], [ -99.357571673556023, 19.426542787159267 ], [ -99.357473715370276, 19.429567030652034 ], [ -99.359606818038642, 19.430596244728115 ], [ -99.355618686920224, 19.430273995761208 ] ] ] } },
{ "type": "Feature", "properties": { "cve_loc": "150390003", "nom_loc": "San Buenaventura", "consultorios_faltantes": 0.3 }, "geometry": { "type": "Polygon", "coordinates": [ [ [ -98.867144087114852, 19.310033034296815 ], [ -98.869202086477031, 19.304947746138264 ], [ -98.867795757613848, 19.30454980537985 ], [ -98.868187196908409, 19.303415326093983 ], [ -98.872549406360392, 19.305814005218711 ], [ -98.868890857025164, 19.309858844131561 ], [ -98.867144087114852, 19.310033034296815 ] ] ] } },
{ "type": "Feature", "properties": { "cve_loc": "150390004", "nom_loc": "Coatepec", "consultorios_faltantes": 1.0 }, "geometry": { "type": "Polygon", "coordinates": [ [ [ -98.852157491107462, 19.387181737171616 ], [ -98.8371551347836, 19.382192817540886 ], [ -98.839738693995869, 19.382626018114532 ], [ -98.84178886590577, 19.375344502228391 ], [ -98.848013275967148, 19.376454859536985 ], [ -98.848556198116299, 19.374097082323665 ], [ -98.851335329875823, 19.373931499913237 ], [ -98.849847925875508, 19.378941188565864 ], [ -98.852378319782389, 19.380196959147561 ], [ -98.852157491107462, 19.387181737171616 ] ] ] } },
{ "type": "Feature", "properties": { "cve_loc": "150390007", "nom_loc": "Manuel Ávila Camacho", "consultorios_faltantes": 0.2 }, "geometry": { "type": "Polygon", "coordinates": [ [ [ -98.760771325036828, 19.316800952314995 ], [ -98.763745910889142, 19.316810772834732 ], [ -98.765303322456717, 19.321131322185156 ], [ -98.769109718784122, 19.320476045583707 ], [ -98.77002605288645, 19.323969301372685 ], [ -98.76880173868112, 19.323745347468513 ], [ -98.76896079961061, 19.325867549214358 ], [ -98.763262745632403, 19.326492794463817 ], [ -98.764383517853517, 19.327060793397735 ], [ -98.76339682909429, 19.32896633177689 ], [ -98.759435674560493, 19.329204245724661 ], [ -98.755955251282586, 19.328095323999108 ], [ -98.757298984970902, 19.327014680645465 ], [ -98.755699252262204, 19.325422986340264 ], [ -98.75646386452074, 19.322513483647619 ], [ -98.755071321174228, 19.32189468155082 ], [ -98.759910493965606, 19.320692111907988 ], [ -98.760771325036828, 19.316800952314995 ] ] ] } },
{ "type": "Feature", "properties": { "cve_loc": "150390012", "nom_loc": "San Francisco Acuautla", "consultorios_faltantes": 1.3 }, "geometry": { "type": "Polygon", "coordinates": [ [ [ -98.844680291765883, 19.34391419718078 ], [ -98.843746730021351, 19.339103432066064 ], [ -98.856871549000488, 19.340763867891031 ], [ -98.856694979738009, 19.342551577452411 ], [ -98.85104276118193, 19.341646307400381 ], [ -98.850952071365512, 19.345321717207366 ], [ -98.844680291765883, 19.34391419718078 ] ] ] } },
{ "type": "Feature", "properties": { "cve_loc": "150390064", "nom_loc": "Jorge Jiménez Cantú", "consultorios_faltantes": 0.3 }, "geometry": { "type": "Polygon", "coordinates": [ [ [ -98.847624141306568, 19.315243413946803 ], [ -98.845862062465528, 19.310834984836216 ], [ -98.847683871294521, 19.310388894834212 ], [ -98.847660241830226, 19.30671684529133 ], [ -98.849464491989039, 19.304173975697328 ], [ -98.850587361421674, 19.312386274082876 ], [ -98.854033921101646, 19.310264314090578 ], [ -98.852512319968469, 19.316918438569409 ], [ -98.851427994369018, 19.317180810801787 ], [ -98.850994760028698, 19.314692414727624 ], [ -98.847624141306568, 19.315243413946803 ] ] ] } },
{ "type": "Feature", "properties": { "cve_loc": "150390151", "nom_loc": "San Jerónimo Cuatro Vientos", "consultorios_faltantes": 3.0 }, "geometry": { "type": "Polygon", "coordinates": [ [ [ -98.83658707466445, 19.297110867346447 ], [ -98.842597093287779, 19.291308178698607 ], [ -98.845057803150539, 19.298209987560377 ], [ -98.837723495084816, 19.29833444745244 ], [ -98.83658707466445, 19.297110867346447 ] ] ] } },
{ "type": "Feature", "properties": { "cve_loc": "150400001", "nom_loc": "Ixtapan de la Sal", "consultorios_faltantes": 0.9 }, "geometry": { "type": "Polygon", "coordinates": [ [ [ -99.692774405235468, 18.862294458538887 ], [ -99.68940152516295, 18.861955378076591 ], [ -99.687328716968864, 18.863511847142647 ], [ -99.685930825969592, 18.859612708009049 ], [ -99.681735958337271, 18.859292017889281 ], [ -99.680703288035289, 18.855498449430108 ], [ -99.681468591090209, 18.842978297346928 ], [ -99.677775918840908, 18.840553182901033 ], [ -99.677931902159258, 18.843331240648688 ], [ -99.676222544886045, 18.843553602151662 ], [ -99.676176412279659, 18.841731686969883 ], [ -99.673188668551717, 18.841164635472726 ], [ -99.672156187538093, 18.835739122223949 ], [ -99.674963064374239, 18.838050548212344 ], [ -99.675715609843891, 18.833777803711513 ], [ -99.678225038721749, 18.833753693897261 ], [ -99.677862869214138, 18.8371472836542 ], [ -99.680701728556684, 18.837000093429694 ], [ -99.682727858196699, 18.834803253888708 ], [ -99.693455915738141, 18.832267634306302 ], [ -99.686845025787093, 18.840677659947129 ], [ -99.687720895760833, 18.845067688628408 ], [ -99.689613716223704, 18.845420521773264 ], [ -99.688667916109736, 18.842955522119656 ], [ -99.691412744750892, 18.845282342748579 ], [ -99.697789114394297, 18.858213939769151 ], [ -99.696031294539125, 18.864558177818989 ], [ -99.693553685275589, 18.864435967760045 ], [ -99.692774405235468, 18.862294458538887 ] ] ] } },
{ "type": "Feature", "properties": { "cve_loc": "150420001", "nom_loc": "Ixtlahuaca de Rayón", "consultorios_faltantes": 0.6 }, "geometry": { "type": "Polygon", "coordinates": [ [ [ -99.762275073656568, 19.580435909344519 ], [ -99.756041649892495, 19.578097415034467 ], [ -99.759092808392467, 19.576378975938738 ], [ -99.759844048969612, 19.573272556159292 ], [ -99.752255330759141, 19.574967926064289 ], [ -99.751671780438983, 19.572136606588284 ], [ -99.754520539905229, 19.571733776579865 ], [ -99.754795340204424, 19.568809127409114 ], [ -99.768972075994583, 19.57031223736282 ], [ -99.772767585171081, 19.566911927742662 ], [ -99.770694205453282, 19.571792463594985 ], [ -99.773852617973233, 19.573516493275072 ], [ -99.772577415303829, 19.574837575567763 ], [ -99.767717906779225, 19.574446725853161 ], [ -99.762275073656568, 19.580435909344519 ] ] ] } },
{ "type": "Feature", "properties": { "cve_loc": "150420007", "nom_loc": "Guadalupe Cachi", "consultorios_faltantes": 0.4 }, "geometry": { "type": "Polygon", "coordinates": [ [ [ -99.819773113482526, 19.617704476196604 ], [ -99.816599769360366, 19.618087050576204 ], [ -99.816368124876092, 19.614129517157568 ], [ -99.813449055088469, 19.612864777220434 ], [ -99.81600256684554, 19.606657099838095 ], [ -99.806588797243037, 19.60166317979338 ], [ -99.809112086276897, 19.597544031072196 ], [ -99.809129286321991, 19.59407168125578 ], [ -99.812773465766966, 19.594175381313864 ], [ -99.815586055093064, 19.588147252868033 ], [ -99.816923974944771, 19.589080582992672 ], [ -99.818139774842052, 19.579011634818919 ], [ -99.829916587693603, 19.591302879663406 ], [ -99.828878121573794, 19.597411031259682 ], [ -99.836435660273693, 19.602493850172223 ], [ -99.832574720686651, 19.607563708794093 ], [ -99.827925121657941, 19.605952179210149 ], [ -99.825737522820916, 19.611365288233376 ], [ -99.82360340315681, 19.610808647670421 ], [ -99.821861992969019, 19.613449917491621 ], [ -99.827677342255072, 19.616333076254222 ], [ -99.82548219266215, 19.622361965626496 ], [ -99.82044103329352, 19.620121746159349 ], [ -99.819773113482526, 19.617704476196604 ] ] ] } },
{ "type": "Feature", "properties": { "cve_loc": "150420016", "nom_loc": "San Bartolo del Llano", "consultorios_faltantes": 1.7 }, "geometry": { "type": "Polygon", "coordinates": [ [ [ -99.755196443974611, 19.611752548504384 ], [ -99.738276453821399, 19.612101397694339 ], [ -99.745967651439798, 19.59730980044024 ], [ -99.746305471810942, 19.587420923132576 ], [ -99.744294622073767, 19.578168655375205 ], [ -99.746630682204568, 19.575936585227851 ], [ -99.748566811173006, 19.579155415265681 ], [ -99.757966767950492, 19.582488294210293 ], [ -99.763717047313477, 19.582683213807783 ], [ -99.766583697323824, 19.589058212897772 ], [ -99.764648107760138, 19.591724011663306 ], [ -99.765997096871345, 19.597546400346481 ], [ -99.764830216960192, 19.599952170439913 ], [ -99.759069788850951, 19.598087520910138 ], [ -99.755196443974611, 19.611752548504384 ] ] ] } },
{ "type": "Feature", "properties": { "cve_loc": "150420022", "nom_loc": "San Jerónimo Ixtapantongo", "consultorios_faltantes": 0.3 }, "geometry": { "type": "Polygon", "coordinates": [ [ [ -99.77513198398411, 19.55066576109585 ], [ -99.768743252497416, 19.551321581032575 ], [ -99.754918900272145, 19.54166838331362 ], [ -99.750537222885299, 19.541256423142311 ], [ -99.745123475145107, 19.526176991906311 ], [ -99.75279660246423, 19.529817118108486 ], [ -99.767679466447859, 19.527951336341516 ], [ -99.769311976116683, 19.529197596296935 ], [ -99.768646676594969, 19.534152984731662 ], [ -99.771933645457352, 19.534799185344628 ], [ -99.776782404928042, 19.533443624984791 ], [ -99.776855434695321, 19.535237935214855 ], [ -99.773749585126936, 19.537987873957558 ], [ -99.775803464652071, 19.540145103589367 ], [ -99.775602004654488, 19.543581042838873 ], [ -99.779202093601654, 19.542589323626249 ], [ -99.777714804682162, 19.545071812577081 ], [ -99.780534323591297, 19.546994612360674 ], [ -99.781213493408359, 19.549561321845406 ], [ -99.777873493314175, 19.552449211556528 ], [ -99.77513198398411, 19.55066576109585 ] ] ] } },
{ "type": "Feature", "properties": { "cve_loc": "150420024", "nom_loc": "San Juan de las Manzanas", "consultorios_faltantes": 0.3 }, "geometry": { "type": "Polygon", "coordinates": [ [ [ -99.818139774842052, 19.579011634818919 ], [ -99.823655893227098, 19.568296987324331 ], [ -99.82377286335165, 19.565503258584485 ], [ -99.829224921524499, 19.561986658899517 ], [ -99.819877523843402, 19.562622898950899 ], [ -99.814926454845065, 19.560992178913946 ], [ -99.826001295879109, 19.556843928456026 ], [ -99.830112335324941, 19.558654010265172 ], [ -99.831980815005664, 19.550585143140577 ], [ -99.834574366151145, 19.550422630168889 ], [ -99.838114019397025, 19.546083992654399 ], [ -99.846542627797021, 19.543609383499334 ], [ -99.841501938795545, 19.550996791234819 ], [ -99.847468831853462, 19.555539580608176 ], [ -99.843197388760373, 19.557473950412593 ], [ -99.840761857611824, 19.562098189607067 ], [ -99.831171506624173, 19.561992461167989 ], [ -99.831445905429462, 19.564474703304167 ], [ -99.8289500774153, 19.567752910896097 ], [ -99.830462092820667, 19.567634381311464 ], [ -99.830659401518787, 19.576224085488192 ], [ -99.827252292381857, 19.57717743569135 ], [ -99.8223667131236, 19.58320281409156 ], [ -99.818139774842052, 19.579011634818919 ] ] ] } },
{ "type": "Feature", "properties": { "cve_loc": "150420029", "nom_loc": "San Pedro la Cabecera", "consultorios_faltantes": 0.4 }, "geometry": { "type": "Polygon", "coordinates": [ [ [ -99.745423302075309, 19.570108096546736 ], [ -99.742400706776166, 19.569628781060796 ], [ -99.730727385853967, 19.562575068509251 ], [ -99.729197935996538, 19.554201960294378 ], [ -99.747423946223307, 19.558821045542206 ], [ -99.748209340711568, 19.560478495826615 ], [ -99.760751217985174, 19.565337498058817 ], [ -99.760164698085546, 19.56946960753449 ], [ -99.754795340204424, 19.568809127409114 ], [ -99.754520539905229, 19.571733776579865 ], [ -99.750428411333743, 19.572131006174587 ], [ -99.75044681064962, 19.570458927165099 ], [ -99.749128700977295, 19.57028351715163 ], [ -99.745250531967045, 19.572178886089333 ], [ -99.745423302075309, 19.570108096546736 ] ] ] } },
{ "type": "Feature", "properties": { "cve_loc": "150420030", "nom_loc": "San Pedro de los Baños", "consultorios_faltantes": 1.1 }, "geometry": { "type": "Polygon", "coordinates": [ [ [ -99.853217515867499, 19.682966501347725 ], [ -99.84810519652676, 19.682143092235144 ], [ -99.847169507249077, 19.6778769037549 ], [ -99.842498168164951, 19.67673523371743 ], [ -99.837825509585613, 19.670997465036386 ], [ -99.820304563431776, 19.656920447867954 ], [ -99.825821481724461, 19.649484298823079 ], [ -99.821272163097888, 19.644486481554448 ], [ -99.821882423275881, 19.643576740357624 ], [ -99.828420291987655, 19.648192249569426 ], [ -99.830862521138428, 19.644012360048873 ], [ -99.849824882793442, 19.643101350989898 ], [ -99.848292477112622, 19.646473040879602 ], [ -99.854872414225397, 19.648370340668432 ], [ -99.855442364857055, 19.649440670446662 ], [ -99.853225594503812, 19.651560449482322 ], [ -99.856839413968828, 19.655787268313155 ], [ -99.854701699267466, 19.65986139855659 ], [ -99.856886933392175, 19.661120667969914 ], [ -99.853328074250982, 19.662485707237071 ], [ -99.853217515867499, 19.682966501347725 ] ] ] } },
{ "type": "Feature", "properties": { "cve_loc": "150420032", "nom_loc": "Santa Ana la Ladera", "consultorios_faltantes": 0.2 }, "geometry": { "type": "Polygon", "coordinates": [ [ [ -99.830776791191482, 19.623677135408077 ], [ -99.831356194267158, 19.61941072039361 ], [ -99.834017050544801, 19.617491086380902 ], [ -99.833267060775626, 19.61455307697652 ], [ -99.829803911124657, 19.613040537473267 ], [ -99.830469561324094, 19.611253317889787 ], [ -99.834971940167193, 19.611495397810497 ], [ -99.848603517250098, 19.619665336397311 ], [ -99.872258530777827, 19.587970802939846 ], [ -99.877248390258586, 19.590558322454164 ], [ -99.878991549223215, 19.593075981920332 ], [ -99.885439408066432, 19.594940571446369 ], [ -99.88747438708603, 19.59698745112718 ], [ -99.873252810493611, 19.61361637711628 ], [ -99.870752440154362, 19.61354756470989 ], [ -99.863073083156507, 19.62024162623387 ], [ -99.86423678325454, 19.621045935289292 ], [ -99.861585453422634, 19.62446994529655 ], [ -99.860029754099742, 19.62325596559257 ], [ -99.851878887198922, 19.631712628878311 ], [ -99.849853932150253, 19.628993385368275 ], [ -99.842116448936963, 19.625288804443183 ], [ -99.841641648646686, 19.622624845209938 ], [ -99.830776791191482, 19.623677135408077 ] ] ] } },
{ "type": "Feature", "properties": { "cve_loc": "150420033", "nom_loc": "Santa María del Llano", "consultorios_faltantes": 0.6 }, "geometry": { "type": "Polygon", "coordinates": [ [ [ -99.725478263274212, 19.625273451902665 ], [ -99.727210936279718, 19.619101975380456 ], [ -99.738222623915803, 19.622901024885749 ], [ -99.741377442831379, 19.625915654762508 ], [ -99.73954553348257, 19.627067423799261 ], [ -99.739696282950106, 19.629999993712904 ], [ -99.737461703905169, 19.628350313752073 ], [ -99.733078714599927, 19.633613942378837 ], [ -99.735970364337021, 19.634422822413629 ], [ -99.733926104443299, 19.646133679484738 ], [ -99.729693536580669, 19.647749218290958 ], [ -99.723710989279809, 19.644634700258095 ], [ -99.71196737007844, 19.648240238842881 ], [ -99.714056989796191, 19.645000819901806 ], [ -99.711930000468357, 19.638759821553524 ], [ -99.716147739440444, 19.638768961097938 ], [ -99.718791218783124, 19.631151823163915 ], [ -99.721328688225555, 19.629810503022647 ], [ -99.722477587549321, 19.630633453159575 ], [ -99.723794597128645, 19.629022653605642 ], [ -99.72284839742251, 19.627907103997696 ], [ -99.725247476870194, 19.628363403605999 ], [ -99.726678106612169, 19.626366343862806 ], [ -99.725478263274212, 19.625273451902665 ] ] ] } },
{ "type": "Feature", "properties": { "cve_loc": "150420034", "nom_loc": "Emiliano Zapata (Santo Domingo)", "consultorios_faltantes": 1.9 }, "geometry": { "type": "Polygon", "coordinates": [ [ [ -99.795631120250917, 19.600676661347361 ], [ -99.793490009933919, 19.594319111167788 ], [ -99.790371520850201, 19.594762121351263 ], [ -99.792083730995145, 19.591118832670912 ], [ -99.78775250175137, 19.588910412678658 ], [ -99.780513063551595, 19.581137834913665 ], [ -99.778458123596977, 19.581955034109903 ], [ -99.775637644282128, 19.580100294806847 ], [ -99.774060384831742, 19.576744715619952 ], [ -99.77768869453169, 19.573949581911858 ], [ -99.780482832123639, 19.575342145869449 ], [ -99.787678040606494, 19.572999356098375 ], [ -99.796596578620097, 19.563188069732664 ], [ -99.800017094212294, 19.56451288935104 ], [ -99.802957327816657, 19.561979189499095 ], [ -99.807525635641923, 19.56386886913883 ], [ -99.806257897770905, 19.559903389221454 ], [ -99.811178915292331, 19.555208151215123 ], [ -99.812501619517832, 19.556127958753443 ], [ -99.81445137555383, 19.550690641386957 ], [ -99.801603457167758, 19.54935281286809 ], [ -99.802207068792299, 19.543280843197493 ], [ -99.80721229677556, 19.541845043307511 ], [ -99.805306497955826, 19.546803352476957 ], [ -99.807789747190625, 19.548297731984821 ], [ -99.81112396626645, 19.54661270264182 ], [ -99.814291365484763, 19.548068472043632 ], [ -99.817717824454036, 19.55383466055482 ], [ -99.814926454845065, 19.560992178913946 ], [ -99.819877523843402, 19.562622898950899 ], [ -99.829224921524499, 19.561986658899517 ], [ -99.82377286335165, 19.565503258584485 ], [ -99.823655893227098, 19.568296987324331 ], [ -99.818881064400401, 19.576074406107395 ], [ -99.816923974944771, 19.589080582992672 ], [ -99.815586055093064, 19.588147252868033 ], [ -99.813273825338186, 19.593794411572713 ], [ -99.803331457944623, 19.593218321894344 ], [ -99.801488438660499, 19.597598740595881 ], [ -99.795631120250917, 19.600676661347361 ] ] ] } },
{ "type": "Feature", "properties": { "cve_loc": "150420035", "nom_loc": "Santo Domingo de Guzmán", "consultorios_faltantes": 1.8 }, "geometry": { "type": "Polygon", "coordinates": [ [ [ -99.768373326522536, 19.586299323681288 ], [ -99.774608674637747, 19.578718655077246 ], [ -99.775186134437519, 19.580936404186662 ], [ -99.781677383413623, 19.585927753548638 ], [ -99.784449322479688, 19.584892633285325 ], [ -99.783602303239874, 19.5866585232002 ], [ -99.786141642612279, 19.58839941304312 ], [ -99.790013301289093, 19.595429030874424 ], [ -99.782341602715249, 19.600233059756544 ], [ -99.780348983713623, 19.603368319254326 ], [ -99.777523894005014, 19.602335229324428 ], [ -99.776670273994668, 19.60448788881801 ], [ -99.774250895130351, 19.60464528908344 ], [ -99.768373326522536, 19.586299323681288 ] ] ] } },
{ "type": "Feature", "properties": { "cve_loc": "150430001", "nom_loc": "Xalatlaco", "consultorios_faltantes": 0.7 }, "geometry": { "type": "Polygon", "coordinates": [ [ [ -99.417105192930137, 19.183140864517071 ], [ -99.42000282940684, 19.173982029344437 ], [ -99.432709959142883, 19.178139924971688 ], [ -99.419123392119332, 19.183045844436197 ], [ -99.417105192930137, 19.183140864517071 ] ] ] } },
{ "type": "Feature", "properties": { "cve_loc": "150440001", "nom_loc": "Jaltenco", "consultorios_faltantes": 0.6 }, "geometry": { "type": "Polygon", "coordinates": [ [ [ -99.087490802158456, 19.754608483203487 ], [ -99.090721801688275, 19.74685564539994 ], [ -99.101435408590817, 19.749478284857801 ], [ -99.098099469263047, 19.758179342701499 ], [ -99.087490802158456, 19.754608483203487 ] ] ] } },
{ "type": "Feature", "properties": { "cve_loc": "150440020", "nom_loc": "Alborada Jaltenco", "consultorios_faltantes": 0.6 }, "geometry": { "type": "Polygon", "coordinates": [ [ [ -99.069528786727773, 19.6648644137037 ], [ -99.066785097774414, 19.665367464019553 ], [ -99.065294648170848, 19.662270764173932 ], [ -99.070889846089457, 19.660939495161887 ], [ -99.069528786727773, 19.6648644137037 ] ] ] } },
{ "type": "Feature", "properties": { "cve_loc": "150470020", "nom_loc": "San Felipe y Santiago", "consultorios_faltantes": 0.1 }, "geometry": { "type": "Polygon", "coordinates": [ [ [ -99.647615075558434, 19.616708996467622 ], [ -99.641901467080615, 19.613861486856859 ], [ -99.641861817176036, 19.614993276580702 ], [ -99.639948267877642, 19.615116916180739 ], [ -99.639898837404857, 19.613129226670438 ], [ -99.636061418537551, 19.615266736139873 ], [ -99.637997368489977, 19.613778376758006 ], [ -99.639245417869006, 19.608148797854415 ], [ -99.641324007131587, 19.608502937612812 ], [ -99.650164725472351, 19.601275249924992 ], [ -99.655889764163561, 19.600705749762003 ], [ -99.656952633992262, 19.599205030609223 ], [ -99.658292863486068, 19.599980580174385 ], [ -99.658169783203206, 19.598243569965899 ], [ -99.661816812614859, 19.597264891071575 ], [ -99.66247195247405, 19.602809199733958 ], [ -99.666252671578192, 19.607254077949268 ], [ -99.659624632616939, 19.608726608252724 ], [ -99.65770672365997, 19.611425907763934 ], [ -99.652661264537727, 19.61286830712238 ], [ -99.653072863598922, 19.617500977073206 ], [ -99.650636323891035, 19.61769354656716 ], [ -99.65075643540149, 19.615585766572636 ], [ -99.647615075558434, 19.616708996467622 ] ] ] } },
{ "type": "Feature", "properties": { "cve_loc": "150480015", "nom_loc": "Santa María Citendeje", "consultorios_faltantes": 0.1 }, "geometry": { "type": "Polygon", "coordinates": [ [ [ -99.92950348668839, 19.787772168006796 ], [ -99.928116316774364, 19.783043409593603 ], [ -99.924992858276568, 19.781686939491482 ], [ -99.930016916939408, 19.779066939941131 ], [ -99.925304518065104, 19.775454991128868 ], [ -99.929997736718548, 19.772252561415296 ], [ -99.933761145825329, 19.7771785106771 ], [ -99.932764114845313, 19.786670759532441 ], [ -99.92950348668839, 19.787772168006796 ] ] ] } },
{ "type": "Feature", "properties": { "cve_loc": "150490005", "nom_loc": "Techuchulco de Allende", "consultorios_faltantes": 0.8 }, "geometry": { "type": "Polygon", "coordinates": [ [ [ -99.517716047193119, 19.116947569106248 ], [ -99.517235128254129, 19.110880251312405 ], [ -99.517765557818706, 19.109287281336925 ], [ -99.519532566521576, 19.110459000896963 ], [ -99.520202707741291, 19.108006402340855 ], [ -99.522398466469966, 19.109528371395001 ], [ -99.527453816275425, 19.107747851146527 ], [ -99.526929354943903, 19.111275120512623 ], [ -99.530402675100319, 19.111536001703161 ], [ -99.528339615622158, 19.112930820365523 ], [ -99.527894645430607, 19.115998429756335 ], [ -99.520309247582972, 19.115597590268017 ], [ -99.519446986693126, 19.117425939648349 ], [ -99.517716047193119, 19.116947569106248 ] ] ] } },
{ "type": "Feature", "properties": { "cve_loc": "150500001", "nom_loc": "Juchitepec de Mariano Rivapalacio", "consultorios_faltantes": 0.3 }, "geometry": { "type": "Polygon", "coordinates": [ [ [ -98.883806003231456, 19.108051221177725 ], [ -98.879951724354342, 19.107356141401485 ], [ -98.877294115538959, 19.104951482062862 ], [ -98.878914404877577, 19.100171253111338 ], [ -98.887651723018394, 19.102303482649724 ], [ -98.883806003231456, 19.108051221177725 ] ] ] } },
{ "type": "Feature", "properties": { "cve_loc": "150500002", "nom_loc": "San Matías Cuijingo", "consultorios_faltantes": 0.1 }, "geometry": { "type": "Polygon", "coordinates": [ [ [ -98.855474759202124, 19.086645126674039 ], [ -98.85460306049508, 19.088368205320549 ], [ -98.852104530995746, 19.08887848493162 ], [ -98.848451782042133, 19.086415005693734 ], [ -98.848408401887312, 19.082249347298376 ], [ -98.855474759202124, 19.086645126674039 ] ] ] } },
{ "type": "Feature", "properties": { "cve_loc": "150510001", "nom_loc": "Lerma de Villada", "consultorios_faltantes": 0.2 }, "geometry": { "type": "Polygon", "coordinates": [ [ [ -99.522157127265061, 19.283140621841543 ], [ -99.521751801242971, 19.286135599202176 ], [ -99.507793880620397, 19.287855560218038 ], [ -99.508750620376233, 19.283449921260342 ], [ -99.511077699258905, 19.283735351073517 ], [ -99.510641679884557, 19.281247562044083 ], [ -99.512061275907385, 19.280406096916373 ], [ -99.522157127265061, 19.283140621841543 ] ] ] } },
{ "type": "Feature", "properties": { "cve_loc": "150510017", "nom_loc": "San Francisco Xochicuautla", "consultorios_faltantes": 0.5 }, "geometry": { "type": "Polygon", "coordinates": [ [ [ -99.449788254083131, 19.379517619670061 ], [ -99.44946997491509, 19.377098420157335 ], [ -99.447056557546176, 19.377333232320652 ], [ -99.448193174503572, 19.376324170605155 ], [ -99.44691695524142, 19.374474940434414 ], [ -99.445170575358745, 19.374812860526003 ], [ -99.444970677707303, 19.373469046574726 ], [ -99.443456953406042, 19.37526328749702 ], [ -99.440059126618721, 19.373858220508776 ], [ -99.439069897086071, 19.371867790968924 ], [ -99.441482976373024, 19.372857570803909 ], [ -99.439996577246191, 19.370982201182965 ], [ -99.442386686360379, 19.371181481708071 ], [ -99.44385458618595, 19.36953065216527 ], [ -99.44381181595547, 19.365801912528109 ], [ -99.449362014550999, 19.365960632457906 ], [ -99.449255064274823, 19.363942973539356 ], [ -99.450445783935152, 19.36451960269315 ], [ -99.45480549365368, 19.360385774082317 ], [ -99.456086323020116, 19.363878063368219 ], [ -99.458594292542614, 19.362927543570574 ], [ -99.454922513583426, 19.368118862112969 ], [ -99.456019982528119, 19.369828221625259 ], [ -99.45168625404159, 19.374300111180631 ], [ -99.451526374484018, 19.378418499551774 ], [ -99.449788254083131, 19.379517619670061 ] ] ] } },
{ "type": "Feature", "properties": { "cve_loc": "150510020", "nom_loc": "San Mateo Atarasquillo", "consultorios_faltantes": 0.7 }, "geometry": { "type": "Polygon", "coordinates": [ [ [ -99.457423922669605, 19.323878322384768 ], [ -99.453609214012374, 19.32511887174563 ], [ -99.456511912770225, 19.321040672887992 ], [ -99.468122532976508, 19.312664774245043 ], [ -99.464668281030427, 19.321712382741417 ], [ -99.458708922344002, 19.325459642321015 ], [ -99.458757432435974, 19.324035802429826 ], [ -99.457423922669605, 19.323878322384768 ] ] ] } },
{ "type": "Feature", "properties": { "cve_loc": "150510021", "nom_loc": "San Miguel Ameyalco", "consultorios_faltantes": 1.0 }, "geometry": { "type": "Polygon", "coordinates": [ [ [ -99.458258851615042, 19.31237240509256 ], [ -99.455979883386888, 19.309948975903872 ], [ -99.452274027922073, 19.30947552875022 ], [ -99.45444287580429, 19.306376957679234 ], [ -99.454088152964871, 19.303936527398101 ], [ -99.457550083185623, 19.302357356769935 ], [ -99.456640122095877, 19.301755417202898 ], [ -99.46041029242862, 19.302231848161707 ], [ -99.461127461307925, 19.298050778508138 ], [ -99.463529630465843, 19.297223668505115 ], [ -99.464155260928166, 19.299089757550981 ], [ -99.462185511823989, 19.300406557665148 ], [ -99.465153510403553, 19.304267897248614 ], [ -99.461723231907513, 19.306196406713251 ], [ -99.463893346143237, 19.311300665309158 ], [ -99.461509390971969, 19.311437496137358 ], [ -99.46177921167191, 19.313311254513309 ], [ -99.458258851615042, 19.31237240509256 ] ] ] } },
{ "type": "Feature", "properties": { "cve_loc": "150510022", "nom_loc": "San Nicolás Peralta", "consultorios_faltantes": 0.0 }, "geometry": { "type": "Polygon", "coordinates": [ [ [ -99.493586794156144, 19.364654002802006 ], [ -99.486491605186913, 19.363524203229861 ], [ -99.483648506615111, 19.362227113184321 ], [ -99.4845069759495, 19.361377963369858 ], [ -99.483072966105468, 19.362040533846223 ], [ -99.481383826340178, 19.359037943994036 ], [ -99.484856166134904, 19.360787053619116 ], [ -99.486185115757777, 19.359055834031821 ], [ -99.484104915709409, 19.357210335847942 ], [ -99.490585854322362, 19.357161135398702 ], [ -99.493392513275438, 19.360197093966693 ], [ -99.493586794156144, 19.364654002802006 ] ] ] } },
{ "type": "Feature", "properties": { "cve_loc": "150510024", "nom_loc": "San Pedro Tultepec", "consultorios_faltantes": 0.2 }, "geometry": { "type": "Polygon", "coordinates": [ [ [ -99.522432867008717, 19.278532873102648 ], [ -99.513621387517617, 19.277547191078632 ], [ -99.511810909689359, 19.262603825989821 ], [ -99.514824048372844, 19.261441676308941 ], [ -99.517040730300536, 19.264065676076129 ], [ -99.519846897630401, 19.264222995958963 ], [ -99.522432867008717, 19.278532873102648 ] ] ] } },
{ "type": "Feature", "properties": { "cve_loc": "150510026", "nom_loc": "Santa María Atarasquillo", "consultorios_faltantes": 0.2 }, "geometry": { "type": "Polygon", "coordinates": [ [ [ -99.466572810437981, 19.343639257683716 ], [ -99.465658000849132, 19.339312369125864 ], [ -99.462641891338549, 19.337272229255458 ], [ -99.465038950824152, 19.33651710954263 ], [ -99.461879201568294, 19.333067490146991 ], [ -99.467175319974913, 19.332475070107737 ], [ -99.465464320979535, 19.331822690610576 ], [ -99.465447810400264, 19.330204350950858 ], [ -99.477106248210433, 19.334694029794694 ], [ -99.476189088052635, 19.338462569360779 ], [ -99.47831812043988, 19.341814831349449 ], [ -99.472808458546581, 19.342089168460767 ], [ -99.47311762888593, 19.339182368872912 ], [ -99.468522349708905, 19.338699439074901 ], [ -99.466572810437981, 19.343639257683716 ] ] ] } },
{ "type": "Feature", "properties": { "cve_loc": "150510028", "nom_loc": "Santiago Analco", "consultorios_faltantes": 0.4 }, "geometry": { "type": "Polygon", "coordinates": [ [ [ -99.466001861003903, 19.342002228351618 ], [ -99.459946952132242, 19.34045294886921 ], [ -99.458653202583974, 19.337627809492968 ], [ -99.457030682632976, 19.338356259308508 ], [ -99.455579343208484, 19.334225139766854 ], [ -99.458995805618827, 19.332029447267455 ], [ -99.45736461290538, 19.329424171023465 ], [ -99.448872955189174, 19.334251639655147 ], [ -99.441802296347845, 19.335041029352464 ], [ -99.440948746543938, 19.334082260344019 ], [ -99.442255086248636, 19.332042180275568 ], [ -99.448788084648271, 19.330198430713466 ], [ -99.451318314443299, 19.327925781204364 ], [ -99.445558686066533, 19.328931120699355 ], [ -99.444070915849707, 19.327003941328243 ], [ -99.450159114081387, 19.326547441605864 ], [ -99.454447353297425, 19.324600752356929 ], [ -99.455996543293892, 19.326894661772346 ], [ -99.454945601887175, 19.32788876399 ], [ -99.457694062660352, 19.327517441588192 ], [ -99.464056571096108, 19.33474423000429 ], [ -99.464987150525118, 19.336833459517628 ], [ -99.462641891338549, 19.337272229255458 ], [ -99.465795140404083, 19.339561948627047 ], [ -99.466001861003903, 19.342002228351618 ] ] ] } },
{ "type": "Feature", "properties": { "cve_loc": "150510086", "nom_loc": "Colonia los Cedros", "consultorios_faltantes": 1.7 }, "geometry": { "type": "Polygon", "coordinates": [ [ [ -99.527475505471884, 19.313189345150136 ], [ -99.536184353932143, 19.31186547519523 ], [ -99.53684053376962, 19.310314246189478 ], [ -99.537126363428214, 19.311753406061623 ], [ -99.541517242276072, 19.311109525614388 ], [ -99.545523390876113, 19.31668215419695 ], [ -99.528421354660665, 19.317781313665996 ], [ -99.527475505471884, 19.313189345150136 ] ] ] } },
{ "type": "Feature", "properties": { "cve_loc": "150530001", "nom_loc": "Melchor Ocampo", "consultorios_faltantes": 0.4 }, "geometry": { "type": "Polygon", "coordinates": [ [ [ -99.143688758353491, 19.70139458606592 ], [ -99.147560477513082, 19.700972145636815 ], [ -99.148302277069703, 19.702520515712735 ], [ -99.148552957671328, 19.701085745985615 ], [ -99.150371646980489, 19.701478825815119 ], [ -99.151593597003355, 19.705181084676052 ], [ -99.148723677120273, 19.705418744964813 ], [ -99.148361257218426, 19.707146264194371 ], [ -99.143031938814659, 19.706271604985432 ], [ -99.143688758353491, 19.70139458606592 ] ] ] } },
{ "type": "Feature", "properties": { "cve_loc": "150530005", "nom_loc": "San Francisco Tenopalco", "consultorios_faltantes": 0.6 }, "geometry": { "type": "Polygon", "coordinates": [ [ [ -99.120855144237922, 19.721408851249532 ], [ -99.1089812959288, 19.720643151073052 ], [ -99.108626867267574, 19.712551343511759 ], [ -99.106591602469138, 19.71080470331049 ], [ -99.108361406826461, 19.710300913370155 ], [ -99.10833183588943, 19.706704694275039 ], [ -99.109723286490365, 19.707216345032112 ], [ -99.108826206084203, 19.709574374604628 ], [ -99.113150885615994, 19.709425624483792 ], [ -99.114011595388064, 19.703523265513816 ], [ -99.116787344809353, 19.703932345497606 ], [ -99.11745843543504, 19.706812354417075 ], [ -99.118661295110769, 19.704715316226466 ], [ -99.118004884720563, 19.70905794465083 ], [ -99.121032633671803, 19.709337384243696 ], [ -99.122819172222876, 19.711454233625304 ], [ -99.120855144237922, 19.721408851249532 ] ] ] } },
{ "type": "Feature", "properties": { "cve_loc": "150530017", "nom_loc": "Lomas de Tenopalco", "consultorios_faltantes": 0.0 }, "geometry": { "type": "Polygon", "coordinates": [ [ [ -99.115902975150377, 19.699579101390743 ], [ -99.113845665900982, 19.70553048451195 ], [ -99.10813856484495, 19.703096484266229 ], [ -99.110929627062305, 19.698557786583059 ], [ -99.115902975150377, 19.699579101390743 ] ] ] } },
{ "type": "Feature", "properties": { "cve_loc": "150530026", "nom_loc": "Colonia 2 de Septiembre", "consultorios_faltantes": 0.6 }, "geometry": { "type": "Polygon", "coordinates": [ [ [ -99.114445205382154, 19.702715814443696 ], [ -99.116024145280832, 19.699586266195357 ], [ -99.126767652787521, 19.705642694529018 ], [ -99.125278742595142, 19.709731884678643 ], [ -99.127134511849249, 19.710669383867941 ], [ -99.122639423558795, 19.712025972851141 ], [ -99.121032633671803, 19.709337384243696 ], [ -99.118004884720563, 19.70905794465083 ], [ -99.118661295110769, 19.704715316226466 ], [ -99.11745843543504, 19.706812354417075 ], [ -99.116787344809353, 19.703932345497606 ], [ -99.114445205382154, 19.702715814443696 ] ] ] } },
{ "type": "Feature", "properties": { "cve_loc": "150540001", "nom_loc": "Metepec", "consultorios_faltantes": 0.2 }, "geometry": { "type": "Polygon", "coordinates": [ [ [ -99.59813773877795, 19.267662845169092 ], [ -99.598872546109519, 19.261279547432512 ], [ -99.600729731830143, 19.261310074001074 ], [ -99.600474137372927, 19.26511442590234 ], [ -99.602097737799866, 19.262205707062524 ], [ -99.607646885715624, 19.261940276712021 ], [ -99.607284916364961, 19.266419565406988 ], [ -99.59813773877795, 19.267662845169092 ] ] ] } },
{ "type": "Feature", "properties": { "cve_loc": "150540032", "nom_loc": "San Bartolomé Tlaltelulco", "consultorios_faltantes": 1.9 }, "geometry": { "type": "Polygon", "coordinates": [ [ [ -99.629348541052096, 19.232032003778095 ], [ -99.626202191651601, 19.233305032894741 ], [ -99.626075901964711, 19.229653143788841 ], [ -99.622349212540016, 19.230789463379999 ], [ -99.625891530490918, 19.225973455575495 ], [ -99.62414347212183, 19.224295025092545 ], [ -99.628504671058423, 19.223830655145477 ], [ -99.630106730649018, 19.218812635980523 ], [ -99.631691270315144, 19.224627834859927 ], [ -99.638438068672841, 19.225985914876016 ], [ -99.633540390002366, 19.22664673431029 ], [ -99.63581456941256, 19.231977749019741 ], [ -99.635074849527001, 19.233979972750543 ], [ -99.629734300657148, 19.236995942198831 ], [ -99.629348541052096, 19.232032003778095 ] ] ] } },
{ "type": "Feature", "properties": { "cve_loc": "150540034", "nom_loc": "San Francisco Coaxusco", "consultorios_faltantes": 0.8 }, "geometry": { "type": "Polygon", "coordinates": [ [ [ -99.626348851907693, 19.259250486965403 ], [ -99.63669787943978, 19.266214385391411 ], [ -99.63641647876905, 19.270714214215538 ], [ -99.632656040130357, 19.26826836468566 ], [ -99.631526019981493, 19.272197484124824 ], [ -99.626318531126145, 19.2675582153697 ], [ -99.626348851907693, 19.259250486965403 ] ] ] } },
{ "type": "Feature", "properties": { "cve_loc": "150540035", "nom_loc": "San Gaspar Tlahuelilpan", "consultorios_faltantes": 0.4 }, "geometry": { "type": "Polygon", "coordinates": [ [ [ -99.540552662272702, 19.246812859659499 ], [ -99.542621092350515, 19.244571400368525 ], [ -99.542713131845019, 19.239971571502281 ], [ -99.539970670660196, 19.240018666983435 ], [ -99.540035033027436, 19.237816932215924 ], [ -99.548610410262157, 19.237503022020324 ], [ -99.548446360375308, 19.246797620285275 ], [ -99.540552662272702, 19.246812859659499 ] ] ] } },
{ "type": "Feature", "properties": { "cve_loc": "150540037", "nom_loc": "San Jerónimo Chicahualco", "consultorios_faltantes": 0.7 }, "geometry": { "type": "Polygon", "coordinates": [ [ [ -99.601398107945045, 19.287061451165957 ], [ -99.602488947456848, 19.277702812947989 ], [ -99.600224717729304, 19.276130723452102 ], [ -99.606943245862951, 19.275583883767954 ], [ -99.606518055986498, 19.286319561272631 ], [ -99.601398107945045, 19.287061451165957 ] ] ] } },
{ "type": "Feature", "properties": { "cve_loc": "150540038", "nom_loc": "San Jorge Pueblo Nuevo", "consultorios_faltantes": 0.1 }, "geometry": { "type": "Polygon", "coordinates": [ [ [ -99.638702808944643, 19.260345507104091 ], [ -99.64379546724183, 19.260302356891259 ], [ -99.645455537253952, 19.264729536145126 ], [ -99.638725558531448, 19.264705506300128 ], [ -99.638702808944643, 19.260345507104091 ] ] ] } },
{ "type": "Feature", "properties": { "cve_loc": "150540041", "nom_loc": "San Lorenzo Coacalco (San Lorenzo)", "consultorios_faltantes": 0.5 }, "geometry": { "type": "Polygon", "coordinates": [ [ [ -99.590832369819736, 19.241174400904477 ], [ -99.590948139802222, 19.237116772654701 ], [ -99.598307348134568, 19.23679136259284 ], [ -99.599914737497997, 19.240808802016812 ], [ -99.60222144665623, 19.240625451097976 ], [ -99.602002997772459, 19.244757910255718 ], [ -99.600554486952689, 19.245986259831653 ], [ -99.599258918121194, 19.243615400524476 ], [ -99.599093888120535, 19.24617951038428 ], [ -99.594955169184715, 19.246381850407666 ], [ -99.587494630172529, 19.245295961071019 ], [ -99.587531110435108, 19.244007600870638 ], [ -99.589797309495751, 19.243895771361096 ], [ -99.589426384213681, 19.241230916062207 ], [ -99.590832369819736, 19.241174400904477 ] ] ] } },
{ "type": "Feature", "properties": { "cve_loc": "150540043", "nom_loc": "San Lucas Tunco (San Lucas)", "consultorios_faltantes": 0.8 }, "geometry": { "type": "Polygon", "coordinates": [ [ [ -99.537558723398575, 19.235062912357694 ], [ -99.530241845282433, 19.234320663060412 ], [ -99.53068724505836, 19.228508483887648 ], [ -99.5426799322166, 19.228255454002564 ], [ -99.54268539190285, 19.226220284989072 ], [ -99.550245929320042, 19.225942764888625 ], [ -99.550463259747445, 19.230175333998069 ], [ -99.538717501723042, 19.230498113184055 ], [ -99.537558723398575, 19.235062912357694 ] ] ] } },
{ "type": "Feature", "properties": { "cve_loc": "150540047", "nom_loc": "San Miguel Totocuitlapilco", "consultorios_faltantes": 0.4 }, "geometry": { "type": "Polygon", "coordinates": [ [ [ -99.587096050832869, 19.237238001822945 ], [ -99.587066461516798, 19.233414542870172 ], [ -99.5839085221522, 19.230968743790353 ], [ -99.595945738755972, 19.230456893749633 ], [ -99.598307348134568, 19.23679136259284 ], [ -99.587096050832869, 19.237238001822945 ] ] ] } },
{ "type": "Feature", "properties": { "cve_loc": "150540049", "nom_loc": "San Salvador Tizatlalli", "consultorios_faltantes": 0.3 }, "geometry": { "type": "Polygon", "coordinates": [ [ [ -99.59407517926644, 19.276094753537549 ], [ -99.594148249103085, 19.27337345428564 ], [ -99.599211628496718, 19.273894823829245 ], [ -99.599313118630008, 19.27619273340699 ], [ -99.59407517926644, 19.276094753537549 ] ] ] } },
{ "type": "Feature", "properties": { "cve_loc": "150540055", "nom_loc": "Santa María Magdalena Ocotitlán", "consultorios_faltantes": 1.7 }, "geometry": { "type": "Polygon", "coordinates": [ [ [ -99.634678839233786, 19.238122091669567 ], [ -99.630977500065242, 19.243435030921589 ], [ -99.623182822479478, 19.245642460225589 ], [ -99.619745773048365, 19.245701390193599 ], [ -99.619848702943969, 19.243464740649841 ], [ -99.614628474153079, 19.243617190785855 ], [ -99.618207563426083, 19.239068731789796 ], [ -99.61916602885367, 19.234173742984815 ], [ -99.622349212540016, 19.230789463379999 ], [ -99.626075901964711, 19.229653143788841 ], [ -99.626202191651601, 19.233305032894741 ], [ -99.629348541052096, 19.232032003778095 ], [ -99.629734300657148, 19.236995942198831 ], [ -99.633001569897985, 19.234979742394078 ], [ -99.632959570406953, 19.23812533207759 ], [ -99.634678839233786, 19.238122091669567 ] ] ] } },
{ "type": "Feature", "properties": { "cve_loc": "150540106", "nom_loc": "Residencial Foresta", "consultorios_faltantes": 0.4 }, "geometry": { "type": "Polygon", "coordinates": [ [ [ -99.553418608727441, 19.228602073098582 ], [ -99.56011288645044, 19.229132033814739 ], [ -99.560171547538587, 19.232897462802903 ], [ -99.562448441579448, 19.232873888708372 ], [ -99.562416801080644, 19.23682736297674 ], [ -99.553313005035676, 19.237345375379508 ], [ -99.553418608727441, 19.228602073098582 ] ] ] } },
{ "type": "Feature", "properties": { "cve_loc": "150550001", "nom_loc": "San Mateo Mexicaltzingo", "consultorios_faltantes": 0.8 }, "geometry": { "type": "Polygon", "coordinates": [ [ [ -99.586122741340915, 19.21872371623207 ], [ -99.585767201265043, 19.209296238909793 ], [ -99.587634174297918, 19.208006734026945 ], [ -99.585983081916424, 19.203472769736241 ], [ -99.591521799896142, 19.209231998787402 ], [ -99.591534620377274, 19.218526856582894 ], [ -99.586122741340915, 19.21872371623207 ] ] ] } },
{ "type": "Feature", "properties": { "cve_loc": "150560009", "nom_loc": "Santa Clara de Juárez", "consultorios_faltantes": 0.5 }, "geometry": { "type": "Polygon", "coordinates": [ [ [ -99.614836173714366, 19.732935029735881 ], [ -99.607636004694839, 19.733408780281135 ], [ -99.603342776066981, 19.719250298207186 ], [ -99.603981011759927, 19.715731081834658 ], [ -99.600918744633063, 19.714640539548061 ], [ -99.598869051161742, 19.709596256015487 ], [ -99.599946471178185, 19.706726032415876 ], [ -99.604996101058418, 19.708372892174431 ], [ -99.60270867249389, 19.706069076676769 ], [ -99.603235370213483, 19.705467609571738 ], [ -99.609853322941618, 19.709476903911469 ], [ -99.614039903582523, 19.717287553022047 ], [ -99.619286283756793, 19.719780736780827 ], [ -99.625793280654889, 19.730433660521697 ], [ -99.619892452422462, 19.732453940355391 ], [ -99.621010931745928, 19.734355019433426 ], [ -99.614836173714366, 19.732935029735881 ] ] ] } },
{ "type": "Feature", "properties": { "cve_loc": "150560018", "nom_loc": "Barrio Cuarto (La Loma)", "consultorios_faltantes": 0.5 }, "geometry": { "type": "Polygon", "coordinates": [ [ [ -99.682227406543021, 19.778527497443537 ], [ -99.677367637749143, 19.780607959197589 ], [ -99.656360182309257, 19.769932530993412 ], [ -99.658840502329369, 19.75541759468339 ], [ -99.667859530451864, 19.755211973319142 ], [ -99.668941060652344, 19.743246017369543 ], [ -99.689396985520233, 19.746507325330047 ], [ -99.689537314624218, 19.75192810360015 ], [ -99.691986919040232, 19.752548445764972 ], [ -99.692546064706562, 19.75868199444399 ], [ -99.691071574405967, 19.75975593918481 ], [ -99.692369604756209, 19.762211643696091 ], [ -99.691061204477364, 19.7649614129034 ], [ -99.693360324608676, 19.768252511821821 ], [ -99.690062315188257, 19.769992851893264 ], [ -99.689215315095353, 19.774052331083961 ], [ -99.68697012563203, 19.773528170663418 ], [ -99.684343019928988, 19.781813308460574 ], [ -99.682227406543021, 19.778527497443537 ] ] ] } },
{ "type": "Feature", "properties": { "cve_loc": "150570088", "nom_loc": "San Francisco Chimalpa", "consultorios_faltantes": 0.4 }, "geometry": { "type": "Polygon", "coordinates": [ [ [ -99.343856569348119, 19.445014626153771 ], [ -99.339006380079709, 19.443470035398708 ], [ -99.332823112216033, 19.444696061038226 ], [ -99.32886273735302, 19.443886544866114 ], [ -99.329963949318824, 19.440881972712951 ], [ -99.334832261714354, 19.437773416620846 ], [ -99.343942472970923, 19.441508367722484 ], [ -99.339739111498815, 19.442299746090903 ], [ -99.342670739336839, 19.443094945069383 ], [ -99.343856569348119, 19.445014626153771 ] ] ] } },
{ "type": "Feature", "properties": { "cve_loc": "150570098", "nom_loc": "Santiago Tepatlaxco", "consultorios_faltantes": 0.2 }, "geometry": { "type": "Polygon", "coordinates": [ [ [ -99.345968208396243, 19.479879533694859 ], [ -99.339437800326905, 19.478178917541523 ], [ -99.337859549288765, 19.47896039716754 ], [ -99.334973772673976, 19.476974963507384 ], [ -99.334731922736296, 19.473622908377056 ], [ -99.336871921086427, 19.469109378629931 ], [ -99.337508152329974, 19.470487596797348 ], [ -99.347379639018598, 19.472308549182401 ], [ -99.347395540236491, 19.478722807988433 ], [ -99.345807201151402, 19.481075607190991 ], [ -99.347172457805044, 19.482123689942199 ], [ -99.345542826145163, 19.481347208468595 ], [ -99.345968208396243, 19.479879533694859 ] ] ] } },
{ "type": "Feature", "properties": { "cve_loc": "150570267", "nom_loc": "Ejido de San Francisco Chimalpa", "consultorios_faltantes": 1.0 }, "geometry": { "type": "Polygon", "coordinates": [ [ [ -99.291657161669733, 19.450277553304964 ], [ -99.290723963230931, 19.448094064447314 ], [ -99.29580081174872, 19.447110983738135 ], [ -99.296126022339706, 19.448927913828889 ], [ -99.302969956619805, 19.450076999422738 ], [ -99.307210579494793, 19.455329462943332 ], [ -99.296931921425127, 19.454182483277204 ], [ -99.295318701913061, 19.455391831916891 ], [ -99.2912794424727, 19.452655802267635 ], [ -99.287684493346234, 19.452262243813539 ], [ -99.289139152842395, 19.451100372706495 ], [ -99.286367515299673, 19.450227063029853 ], [ -99.290180642321971, 19.448073945028767 ], [ -99.291657161669733, 19.450277553304964 ] ] ] } },
{ "type": "Feature", "properties": { "cve_loc": "150590001", "nom_loc": "Santa Ana Nextlalpan", "consultorios_faltantes": 0.8 }, "geometry": { "type": "Polygon", "coordinates": [ [ [ -99.072464775591527, 19.758532572874312 ], [ -99.057052899596769, 19.753108904318641 ], [ -99.061558608837203, 19.740980216591137 ], [ -99.068276297127099, 19.743032025913301 ], [ -99.067854836745965, 19.745333625674586 ], [ -99.071691355900271, 19.74650819494061 ], [ -99.070884386711199, 19.748714774319719 ], [ -99.075685614817743, 19.750408594328739 ], [ -99.072464775591527, 19.758532572874312 ] ] ] } },
{ "type": "Feature", "properties": { "cve_loc": "150590058", "nom_loc": "Ex-Hacienda Santa Inés", "consultorios_faltantes": 1.4 }, "geometry": { "type": "Polygon", "coordinates": [ [ [ -99.069156619444186, 19.708822189066215 ], [ -99.071307127706177, 19.705882266872383 ], [ -99.069936623435538, 19.704489037050834 ], [ -99.073781606736418, 19.702009140341822 ], [ -99.076144465022807, 19.706901884280796 ], [ -99.071193700780853, 19.711160998190955 ], [ -99.069156619444186, 19.708822189066215 ] ] ] } },
{ "type": "Feature", "properties": { "cve_loc": "150600003", "nom_loc": "Quinto Barrio (Ejido Cahuacán)", "consultorios_faltantes": 0.2 }, "geometry": { "type": "Polygon", "coordinates": [ [ [ -99.413111153312343, 19.619751684913641 ], [ -99.415536662693896, 19.612769906243923 ], [ -99.429339959102734, 19.6052614484435 ], [ -99.431463788210138, 19.605969628159087 ], [ -99.428676748898582, 19.613402936286743 ], [ -99.425620990248959, 19.615931845600244 ], [ -99.424972240401132, 19.618764175469956 ], [ -99.42212561117293, 19.62033677507134 ], [ -99.420584441102534, 19.624342453523212 ], [ -99.418219981615408, 19.622396244163888 ], [ -99.414995362877121, 19.626012143759336 ], [ -99.413870502559661, 19.624156053755428 ], [ -99.415554042741377, 19.6208147448367 ], [ -99.414948992185813, 19.619484715371616 ], [ -99.413111153312343, 19.619751684913641 ] ] ] } },
{ "type": "Feature", "properties": { "cve_loc": "150600004", "nom_loc": "Santa María Magdalena Cahuacán", "consultorios_faltantes": 1.1 }, "geometry": { "type": "Polygon", "coordinates": [ [ [ -99.410883383765452, 19.646504559088719 ], [ -99.409964223360817, 19.643675199893313 ], [ -99.40764622397181, 19.642756000090017 ], [ -99.408959674048106, 19.641127140300345 ], [ -99.406800784735807, 19.63995162068672 ], [ -99.408206954257551, 19.636295051009579 ], [ -99.413053263332401, 19.630768702173533 ], [ -99.416142332030063, 19.630492912561014 ], [ -99.419398591592298, 19.627254903263935 ], [ -99.41847756181005, 19.636994331097188 ], [ -99.419656490857491, 19.641189639744095 ], [ -99.415720892442394, 19.644469359746374 ], [ -99.412522102619889, 19.644137649770826 ], [ -99.410883383765452, 19.646504559088719 ] ] ] } },
{ "type": "Feature", "properties": { "cve_loc": "150600015", "nom_loc": "Colonia Morelos", "consultorios_faltantes": 0.0 }, "geometry": { "type": "Polygon", "coordinates": [ [ [ -99.341314664367687, 19.643161515173109 ], [ -99.337795980837754, 19.640141450541286 ], [ -99.334458512295427, 19.641356019508564 ], [ -99.334833662561806, 19.638709367601294 ], [ -99.332730615830897, 19.636462926248118 ], [ -99.340888950579455, 19.637094450823483 ], [ -99.344071829890709, 19.639509039898659 ], [ -99.341031180240307, 19.641552241445225 ], [ -99.341314664367687, 19.643161515173109 ] ] ] } },
{ "type": "Feature", "properties": { "cve_loc": "150600016", "nom_loc": "Progreso Industrial", "consultorios_faltantes": 1.8 }, "geometry": { "type": "Polygon", "coordinates": [ [ [ -99.358391180497648, 19.642015584027696 ], [ -99.352553807289539, 19.640073710173095 ], [ -99.345853337264785, 19.640127670509081 ], [ -99.346859801396462, 19.63552235758684 ], [ -99.34869752854712, 19.633453775564202 ], [ -99.349832158804347, 19.633981343093421 ], [ -99.349349359737232, 19.632521157995129 ], [ -99.362083245765774, 19.637075737294158 ], [ -99.362697527247491, 19.635770871537829 ], [ -99.363241663388877, 19.637393699824461 ], [ -99.36374791498821, 19.633039472280945 ], [ -99.367061794375488, 19.633515701644257 ], [ -99.370114823359117, 19.636095401153682 ], [ -99.368281364164318, 19.642430969403705 ], [ -99.358391180497648, 19.642015584027696 ] ] ] } },
{ "type": "Feature", "properties": { "cve_loc": "150600018", "nom_loc": "San Francisco Magú", "consultorios_faltantes": 1.0 }, "geometry": { "type": "Polygon", "coordinates": [ [ [ -99.364199374780327, 19.69331469801357 ], [ -99.360011675880799, 19.691759718389022 ], [ -99.360518765991344, 19.690526188418552 ], [ -99.355905516804924, 19.691578288786239 ], [ -99.356902076050318, 19.689792129190057 ], [ -99.353169286934971, 19.691391688998941 ], [ -99.353944923550515, 19.689409134564581 ], [ -99.352739037117416, 19.690987898338417 ], [ -99.349785547859355, 19.691058413276398 ], [ -99.348927208127805, 19.687546729691721 ], [ -99.348233908404069, 19.688971428939922 ], [ -99.343054949693183, 19.689656858785057 ], [ -99.341707890108793, 19.689185119058561 ], [ -99.343456809468563, 19.686448530091283 ], [ -99.342088629712549, 19.685675389682579 ], [ -99.346088148989779, 19.683951670510581 ], [ -99.345657228711076, 19.681925017557429 ], [ -99.34690437881433, 19.682655090390167 ], [ -99.347320929467244, 19.68139243256455 ], [ -99.349424568611227, 19.682902300857105 ], [ -99.360638025931266, 19.68329721083931 ], [ -99.364490338186229, 19.689747302406566 ], [ -99.371410546546954, 19.691556996363673 ], [ -99.364199374780327, 19.69331469801357 ] ] ] } },
{ "type": "Feature", "properties": { "cve_loc": "150600020", "nom_loc": "San José el Vidrio", "consultorios_faltantes": 0.4 }, "geometry": { "type": "Polygon", "coordinates": [ [ [ -99.370658403163816, 19.653355297300443 ], [ -99.378865681217079, 19.6512716680698 ], [ -99.382506940415482, 19.652295047956191 ], [ -99.386384018982895, 19.649242067814715 ], [ -99.387109788961169, 19.643866769094362 ], [ -99.392813628042248, 19.646721188518157 ], [ -99.393288568127375, 19.649940598140347 ], [ -99.390333418790874, 19.653126587536345 ], [ -99.387662868942087, 19.652371267363755 ], [ -99.37933422086877, 19.658720476073391 ], [ -99.367578083863918, 19.662977295378532 ], [ -99.366721234349399, 19.660526875306729 ], [ -99.37149536313062, 19.656620196554048 ], [ -99.370658403163816, 19.653355297300443 ] ] ] } },
{ "type": "Feature", "properties": { "cve_loc": "150600022", "nom_loc": "San Miguel Hila", "consultorios_faltantes": 0.9 }, "geometry": { "type": "Polygon", "coordinates": [ [ [ -99.317242079794198, 19.595169673609274 ], [ -99.320192185572409, 19.59562961123758 ], [ -99.325969894262869, 19.59083646104747 ], [ -99.328620063752851, 19.592161171454546 ], [ -99.330909862905443, 19.587509290648892 ], [ -99.332798727180531, 19.589604862311919 ], [ -99.331412972678891, 19.590486211601881 ], [ -99.334500512650465, 19.593401060999113 ], [ -99.328999373912168, 19.597863809824986 ], [ -99.327184013548688, 19.602563398906867 ], [ -99.325264544260847, 19.600360859477966 ], [ -99.320989755238188, 19.602790798485906 ], [ -99.322188844877061, 19.596617950200329 ], [ -99.319475185503109, 19.595779980049379 ], [ -99.316367926408589, 19.598216209866635 ], [ -99.317242079794198, 19.595169673609274 ] ] ] } },
{ "type": "Feature", "properties": { "cve_loc": "150600025", "nom_loc": "Transfiguración", "consultorios_faltantes": 0.5 }, "geometry": { "type": "Polygon", "coordinates": [ [ [ -99.40065464935391, 19.583100165303552 ], [ -99.393310808821298, 19.584110345397736 ], [ -99.394623905586968, 19.58268895894177 ], [ -99.392774358618325, 19.578140412487755 ], [ -99.396375657121084, 19.581774241702902 ], [ -99.396325350525217, 19.580216961521966 ], [ -99.401309998354606, 19.578752632150909 ], [ -99.403490225108072, 19.576556575355216 ], [ -99.406522674631859, 19.576503787527628 ], [ -99.406040734081486, 19.574744494794519 ], [ -99.41095979264891, 19.571912745961196 ], [ -99.417686532332709, 19.574644495326822 ], [ -99.427341758409625, 19.572690090701794 ], [ -99.424571464755928, 19.576992202865107 ], [ -99.418930576511016, 19.579920892111712 ], [ -99.414684000786337, 19.579281333305456 ], [ -99.411913755455799, 19.581538874636944 ], [ -99.410084933804441, 19.579634766886876 ], [ -99.408874105368653, 19.581527816418721 ], [ -99.402278107903868, 19.584073441363781 ], [ -99.40065464935391, 19.583100165303552 ] ] ] } },
{ "type": "Feature", "properties": { "cve_loc": "150600082", "nom_loc": "Veintidós de Febrero", "consultorios_faltantes": 1.7 }, "geometry": { "type": "Polygon", "coordinates": [ [ [ -99.349153518777896, 19.622877514018818 ], [ -99.340581510294172, 19.620743934255959 ], [ -99.342223969903785, 19.61570970581764 ], [ -99.334203631858358, 19.612243976744807 ], [ -99.334643831445476, 19.610959240827608 ], [ -99.340964910790319, 19.608844397461453 ], [ -99.345058319712578, 19.605613277620325 ], [ -99.352693998054932, 19.604609718609407 ], [ -99.351683907483121, 19.607193607330313 ], [ -99.345381839222256, 19.60824577735546 ], [ -99.352272993305291, 19.60951853125 ], [ -99.352798837394914, 19.607398717866236 ], [ -99.355067846169447, 19.607559692241001 ], [ -99.357307456348209, 19.610067347334276 ], [ -99.354568233928177, 19.609585689866677 ], [ -99.354034477669487, 19.611890776918447 ], [ -99.350174602190549, 19.611442146499407 ], [ -99.348482038945917, 19.614008196053199 ], [ -99.345531349577001, 19.613979046560068 ], [ -99.344409780010338, 19.617513685486909 ], [ -99.360649345268101, 19.621557574710732 ], [ -99.355185166579204, 19.625188423483433 ], [ -99.347144748656831, 19.626363852999972 ], [ -99.349153518777896, 19.622877514018818 ] ] ] } },
{ "type": "Feature", "properties": { "cve_loc": "150620001", "nom_loc": "Ocoyoacac", "consultorios_faltantes": 0.9 }, "geometry": { "type": "Polygon", "coordinates": [ [ [ -99.466706740951224, 19.281957781463337 ], [ -99.463664611449815, 19.27280218343892 ], [ -99.478062887748848, 19.273636683872517 ], [ -99.477326907605629, 19.276165333267716 ], [ -99.471441259076073, 19.274981523461765 ], [ -99.47315764879464, 19.277771842433982 ], [ -99.46969588004805, 19.281106552304806 ], [ -99.468780830187129, 19.280233282438822 ], [ -99.466706740951224, 19.281957781463337 ] ] ] } },
{ "type": "Feature", "properties": { "cve_loc": "150620014", "nom_loc": "El Pedregal de Guadalupe Hidalgo", "consultorios_faltantes": 0.9 }, "geometry": { "type": "Polygon", "coordinates": [ [ [ -99.474720708094097, 19.258622446981263 ], [ -99.466829339884796, 19.25773515769874 ], [ -99.467567609800312, 19.256021017877902 ], [ -99.459698210839122, 19.255333350267865 ], [ -99.459111261424894, 19.2507444590813 ], [ -99.465026140588961, 19.252033598469378 ], [ -99.465855340322534, 19.246457080290522 ], [ -99.471349429675158, 19.246840190179363 ], [ -99.472295577788742, 19.244364310633195 ], [ -99.473874908937844, 19.24914515913569 ], [ -99.475639937039929, 19.249745928977909 ], [ -99.474276058602854, 19.253288328074671 ], [ -99.474720708094097, 19.258622446981263 ] ] ] } },
{ "type": "Feature", "properties": { "cve_loc": "150620023", "nom_loc": "San Pedro Cholula", "consultorios_faltantes": 2.5 }, "geometry": { "type": "Polygon", "coordinates": [ [ [ -99.481928846649851, 19.273394953493781 ], [ -99.477141148305449, 19.265695525861076 ], [ -99.481711651527618, 19.266843215326485 ], [ -99.483950855841769, 19.261596681830483 ], [ -99.481390456622222, 19.260925936215429 ], [ -99.481857746836837, 19.259633056828349 ], [ -99.474720708094097, 19.258622446981263 ], [ -99.474574871505439, 19.256905337105028 ], [ -99.490546994362077, 19.258730956712849 ], [ -99.488000105345591, 19.265052425526118 ], [ -99.493391049983714, 19.268987950770263 ], [ -99.489333654529332, 19.271620333816397 ], [ -99.482813718049968, 19.270922447465669 ], [ -99.481928846649851, 19.273394953493781 ] ] ] } },
{ "type": "Feature", "properties": { "cve_loc": "150630025", "nom_loc": "Santa Mónica", "consultorios_faltantes": 0.1 }, "geometry": { "type": "Polygon", "coordinates": [ [ [ -99.427963584828504, 18.999084689960888 ], [ -99.427264730317788, 18.99675440729364 ], [ -99.423009109742267, 18.995553479965281 ], [ -99.418869962071852, 18.997001047116683 ], [ -99.420083211660796, 18.995143717439667 ], [ -99.418489152120102, 18.991317578344937 ], [ -99.422268852801906, 18.985237608914321 ], [ -99.429463318845436, 18.992770768384403 ], [ -99.427963584828504, 18.999084689960888 ] ] ] } },
{ "type": "Feature", "properties": { "cve_loc": "150650001", "nom_loc": "Otumba de Gómez Farías", "consultorios_faltantes": 0.2 }, "geometry": { "type": "Polygon", "coordinates": [ [ [ -98.756165853299422, 19.714389081315716 ], [ -98.750980005397324, 19.711979351794763 ], [ -98.752442463572763, 19.709916283147166 ], [ -98.743105007180048, 19.710551033683139 ], [ -98.748050975784636, 19.706563424506196 ], [ -98.747123095777411, 19.705209464520561 ], [ -98.744933025933605, 19.706417834747057 ], [ -98.746033744983791, 19.704185204785407 ], [ -98.742612896134517, 19.703489325160099 ], [ -98.744122946210098, 19.701261185604771 ], [ -98.752990731170343, 19.700191761098147 ], [ -98.757631113239341, 19.705475773740933 ], [ -98.757465913451838, 19.702083314903096 ], [ -98.759857483041046, 19.702451584659574 ], [ -98.762194920871806, 19.707438684498495 ], [ -98.758348822041, 19.708450284267343 ], [ -98.758060555231921, 19.713771874778278 ], [ -98.756165853299422, 19.714389081315716 ] ] ] } },
{ "type": "Feature", "properties": { "cve_loc": "150650019", "nom_loc": "Santiago Tolman", "consultorios_faltantes": 0.1 }, "geometry": { "type": "Polygon", "coordinates": [ [ [ -98.795274074083366, 19.737108507207257 ], [ -98.789971015116336, 19.731582167774267 ], [ -98.790195224968343, 19.729678768290704 ], [ -98.794994793755151, 19.71978885592015 ], [ -98.800146673297093, 19.718421090476351 ], [ -98.795274074083366, 19.737108507207257 ] ] ] } },
{ "type": "Feature", "properties": { "cve_loc": "150670001", "nom_loc": "Villa Cuauhtémoc", "consultorios_faltantes": 1.3 }, "geometry": { "type": "Polygon", "coordinates": [ [ [ -99.549561758983799, 19.421519131469335 ], [ -99.54881506888465, 19.416216451770222 ], [ -99.565315364877918, 19.412918759301128 ], [ -99.566955832743659, 19.409077827976766 ], [ -99.568465178552131, 19.411473901515549 ], [ -99.567454332973696, 19.414167334592438 ], [ -99.573202974741676, 19.412335952982836 ], [ -99.568872805380735, 19.420132690782708 ], [ -99.549561758983799, 19.421519131469335 ] ] ] } },
{ "type": "Feature", "properties": { "cve_loc": "150670005", "nom_loc": "Colonia Guadalupe Victoria", "consultorios_faltantes": 0.5 }, "geometry": { "type": "Polygon", "coordinates": [ [ [ -99.574029423233725, 19.390989516391432 ], [ -99.583894244035704, 19.375411530336461 ], [ -99.587887556435817, 19.37784818867522 ], [ -99.578303657556518, 19.393327851689492 ], [ -99.574029423233725, 19.390989516391432 ] ] ] } },
{ "type": "Feature", "properties": { "cve_loc": "150670012", "nom_loc": "San Mateo Capulhuac", "consultorios_faltantes": 0.0 }, "geometry": { "type": "Polygon", "coordinates": [ [ [ -99.525625036208965, 19.474900147826592 ], [ -99.520543526356164, 19.471236519654635 ], [ -99.527200964283296, 19.469049039611118 ], [ -99.528801074250268, 19.465284290955186 ], [ -99.531873413133468, 19.46287208188296 ], [ -99.534026107050948, 19.463330942921246 ], [ -99.531318994818747, 19.472377489508553 ], [ -99.527146985560165, 19.472544429662239 ], [ -99.525625036208965, 19.474900147826592 ] ] ] } },
{ "type": "Feature", "properties": { "cve_loc": "150670013", "nom_loc": "San Mateo Mozoquilpan", "consultorios_faltantes": 0.8 }, "geometry": { "type": "Polygon", "coordinates": [ [ [ -99.565363226477317, 19.442259485248712 ], [ -99.560268286593953, 19.440325237855308 ], [ -99.561670547125217, 19.433856697049947 ], [ -99.560985982311024, 19.429584983504583 ], [ -99.556000658004706, 19.429684488669022 ], [ -99.555724807788835, 19.437855929386341 ], [ -99.553555299443559, 19.438778776672162 ], [ -99.55144235752644, 19.433086962988771 ], [ -99.551293259838744, 19.429201448439091 ], [ -99.552838299092215, 19.427511978803608 ], [ -99.560673286921997, 19.427078528802983 ], [ -99.561017866958167, 19.429718158410228 ], [ -99.563778116452568, 19.429482118872095 ], [ -99.565861845572186, 19.425654565182963 ], [ -99.567770893025312, 19.427369608663305 ], [ -99.565363226477317, 19.442259485248712 ] ] ] } },
{ "type": "Feature", "properties": { "cve_loc": "150670014", "nom_loc": "Santa Ana Jilotzingo", "consultorios_faltantes": 1.4 }, "geometry": { "type": "Polygon", "coordinates": [ [ [ -99.486497802208021, 19.461834681435548 ], [ -99.484401873643577, 19.460682683833568 ], [ -99.485571544196219, 19.458585841640215 ], [ -99.483999923385625, 19.45737481330524 ], [ -99.486722145790495, 19.450692157271263 ], [ -99.485257054913447, 19.447635943881075 ], [ -99.489031174654158, 19.444323664875462 ], [ -99.488435839320744, 19.442936978942317 ], [ -99.495311352109994, 19.441772500828925 ], [ -99.493579622422985, 19.444807404519761 ], [ -99.495679362990529, 19.447418434256868 ], [ -99.503643370129609, 19.447316014911934 ], [ -99.501557400419685, 19.448821604946129 ], [ -99.497997281764583, 19.457176112506403 ], [ -99.499602512244792, 19.461753751108347 ], [ -99.497149942618378, 19.460455011614336 ], [ -99.492862503374369, 19.461467410698646 ], [ -99.491357193783358, 19.460263721834458 ], [ -99.486497802208021, 19.461834681435548 ] ] ] } },
{ "type": "Feature", "properties": { "cve_loc": "150670015", "nom_loc": "Santa María Tetitla", "consultorios_faltantes": 0.9 }, "geometry": { "type": "Polygon", "coordinates": [ [ [ -99.560989317613746, 19.429584718360072 ], [ -99.560673286921997, 19.427078528802983 ], [ -99.554615859189028, 19.42677957880462 ], [ -99.550544010223234, 19.428307088273506 ], [ -99.549561758983799, 19.421519131469335 ], [ -99.563924720070361, 19.420101270351442 ], [ -99.565861845572186, 19.425654565182963 ], [ -99.563778116452568, 19.429482118872095 ], [ -99.560989317613746, 19.429584718360072 ] ] ] } },
{ "type": "Feature", "properties": { "cve_loc": "150680001", "nom_loc": "Ozumba de Alzate", "consultorios_faltantes": 1.2 }, "geometry": { "type": "Polygon", "coordinates": [ [ [ -98.789112877119308, 19.053363413777557 ], [ -98.785933446408663, 19.050620134980587 ], [ -98.783314642084164, 19.05151723540536 ], [ -98.779754265241507, 19.049100967297971 ], [ -98.791395286057082, 19.040248236687265 ], [ -98.797425884569165, 19.044611325194523 ], [ -98.789112877119308, 19.053363413777557 ] ] ] } },
{ "type": "Feature", "properties": { "cve_loc": "150680007", "nom_loc": "San Mateo Tecalco", "consultorios_faltantes": 0.2 }, "geometry": { "type": "Polygon", "coordinates": [ [ [ -98.798909964285357, 19.059674832343909 ], [ -98.796917170272991, 19.060446263505725 ], [ -98.788040577505328, 19.055366093779721 ], [ -98.794121046113048, 19.046840275284413 ], [ -98.801321267606809, 19.042124458771205 ], [ -98.800725933688909, 19.046161445172071 ], [ -98.805014023526979, 19.04716529521987 ], [ -98.802338515315498, 19.049496042897154 ], [ -98.801352363641797, 19.058703072210683 ], [ -98.799577874486303, 19.060818631850609 ], [ -98.798909964285357, 19.059674832343909 ] ] ] } },
{ "type": "Feature", "properties": { "cve_loc": "150690001", "nom_loc": "Papalotla", "consultorios_faltantes": 0.1 }, "geometry": { "type": "Polygon", "coordinates": [ [ [ -98.856024469573711, 19.566634185942267 ], [ -98.847138645658177, 19.56360130577864 ], [ -98.850060129745614, 19.556151378590595 ], [ -98.861159808023487, 19.556063788211961 ], [ -98.858686629227407, 19.561765487133599 ], [ -98.859795409044452, 19.5642661466125 ], [ -98.856024469573711, 19.566634185942267 ] ] ] } },
{ "type": "Feature", "properties": { "cve_loc": "150700001", "nom_loc": "Los Reyes Acaquilpan", "consultorios_faltantes": 0.5 }, "geometry": { "type": "Polygon", "coordinates": [ [ [ -98.981648698768993, 19.362246402350326 ], [ -98.97716235042445, 19.361303463014188 ], [ -98.978511120165251, 19.354932054386598 ], [ -98.98535997838357, 19.356619484390659 ], [ -98.984702147973422, 19.359262743025997 ], [ -98.982194718609037, 19.359456203366246 ], [ -98.981648698768993, 19.362246402350326 ] ] ] } },
{ "type": "Feature", "properties": { "cve_loc": "150700005", "nom_loc": "La Magdalena Atlicpac", "consultorios_faltantes": 0.1 }, "geometry": { "type": "Polygon", "coordinates": [ [ [ -98.940208418935811, 19.381816759502282 ], [ -98.945018847774548, 19.373248390675084 ], [ -98.951367156824787, 19.374759734347347 ], [ -98.950985403603852, 19.379469245729574 ], [ -98.944404808346846, 19.377120219770418 ], [ -98.942095649146722, 19.38138205914759 ], [ -98.940208418935811, 19.381816759502282 ] ] ] } },
{ "type": "Feature", "properties": { "cve_loc": "150700008", "nom_loc": "San Sebastián Chimalpa", "consultorios_faltantes": 1.9 }, "geometry": { "type": "Polygon", "coordinates": [ [ [ -98.9569494951633, 19.384096028559451 ], [ -98.950951736653892, 19.380739859067514 ], [ -98.951367156824787, 19.374759734347347 ], [ -98.955593665156698, 19.375610532079499 ], [ -98.963800733597282, 19.37371868095175 ], [ -98.9569494951633, 19.384096028559451 ] ] ] } },
{ "type": "Feature", "properties": { "cve_loc": "150700009", "nom_loc": "Tecamachalco", "consultorios_faltantes": 0.2 }, "geometry": { "type": "Polygon", "coordinates": [ [ [ -98.964917753346498, 19.370602911041935 ], [ -98.960568004629593, 19.364093623038812 ], [ -98.957432375423394, 19.3629677935965 ], [ -98.961470004026125, 19.361440193274042 ], [ -98.96316190366133, 19.362319882811285 ], [ -98.964917753346498, 19.370602911041935 ] ] ] } },
{ "type": "Feature", "properties": { "cve_loc": "150700013", "nom_loc": "Emiliano Zapata", "consultorios_faltantes": 0.1 }, "geometry": { "type": "Polygon", "coordinates": [ [ [ -98.973670261114052, 19.34857879613768 ], [ -98.967525968926878, 19.346713155671999 ], [ -98.971040673746046, 19.34665933067906 ], [ -98.9726677155912, 19.345016393073834 ], [ -98.975471040283566, 19.346806596054069 ], [ -98.973670261114052, 19.34857879613768 ] ] ] } },
{ "type": "Feature", "properties": { "cve_loc": "150700017", "nom_loc": "Profesor Carlos Hank González", "consultorios_faltantes": 0.4 }, "geometry": { "type": "Polygon", "coordinates": [ [ [ -98.940208418935811, 19.381816759502282 ], [ -98.930598221736389, 19.372810540159541 ], [ -98.931681361472343, 19.369913680899675 ], [ -98.935181240844997, 19.373299959745804 ], [ -98.943315838956323, 19.376239939965224 ], [ -98.940208418935811, 19.381816759502282 ] ] ] } },
{ "type": "Feature", "properties": { "cve_loc": "150700019", "nom_loc": "El Pino", "consultorios_faltantes": 0.3 }, "geometry": { "type": "Polygon", "coordinates": [ [ [ -98.954633266146871, 19.357257194456249 ], [ -98.95094277645255, 19.355885205368292 ], [ -98.952351556621565, 19.353573854434838 ], [ -98.951060187171521, 19.34864742602495 ], [ -98.9594259746723, 19.349530565939826 ], [ -98.96186477434037, 19.354918254137853 ], [ -98.954633266146871, 19.357257194456249 ] ] ] } },
{ "type": "Feature", "properties": { "cve_loc": "150700037", "nom_loc": "Bosques de la Magdalena", "consultorios_faltantes": 0.2 }, "geometry": { "type": "Polygon", "coordinates": [ [ [ -98.946432337817868, 19.361918973330873 ], [ -98.945243037120392, 19.358133653611983 ], [ -98.946553776830271, 19.358836793026622 ], [ -98.946957216896692, 19.357695134958814 ], [ -98.941482381517687, 19.353525012818572 ], [ -98.941867282590593, 19.352435013312405 ], [ -98.951558935582923, 19.35528088396741 ], [ -98.948062877051427, 19.359448804467355 ], [ -98.948502137341066, 19.361867563214584 ], [ -98.947556876813977, 19.360598802715312 ], [ -98.946432337817868, 19.361918973330873 ] ] ] } },
{ "type": "Feature", "properties": { "cve_loc": "150700038", "nom_loc": "Lomas de San Sebastián", "consultorios_faltantes": 0.4 }, "geometry": { "type": "Polygon", "coordinates": [ [ [ -98.940729389558612, 19.387219537528065 ], [ -98.936203913670184, 19.385321127476228 ], [ -98.936712901961897, 19.384156182839682 ], [ -98.933766990761896, 19.381560758762838 ], [ -98.936933960319081, 19.378327939422974 ], [ -98.94232500774028, 19.384665397457102 ], [ -98.940729389558612, 19.387219537528065 ] ] ] } },
{ "type": "Feature", "properties": { "cve_loc": "150700039", "nom_loc": "Lomas de Altavista", "consultorios_faltantes": 0.0 }, "geometry": { "type": "Polygon", "coordinates": [ [ [ -98.948832097312845, 19.366405262664188 ], [ -98.942674069095474, 19.362837802152384 ], [ -98.947556876813977, 19.360598802715312 ], [ -98.948502137341066, 19.361867563214584 ], [ -98.948475867062967, 19.359554854520372 ], [ -98.950890106414533, 19.362980133010705 ], [ -98.948832097312845, 19.366405262664188 ] ] ] } },
{ "type": "Feature", "properties": { "cve_loc": "150700040", "nom_loc": "San Isidro", "consultorios_faltantes": 0.2 }, "geometry": { "type": "Polygon", "coordinates": [ [ [ -98.939248809286994, 19.348650705924868 ], [ -98.945212298570709, 19.350921165098594 ], [ -98.943486978799456, 19.352856734802025 ], [ -98.937152250038551, 19.350701205099842 ], [ -98.939248809286994, 19.348650705924868 ] ] ] } },
{ "type": "Feature", "properties": { "cve_loc": "150700041", "nom_loc": "San José las Palmas", "consultorios_faltantes": 0.1 }, "geometry": { "type": "Polygon", "coordinates": [ [ [ -98.937926019811627, 19.365274821842501 ], [ -98.936503640064771, 19.36922197099123 ], [ -98.934079041178578, 19.368478020836367 ], [ -98.934211710612729, 19.363662312015339 ], [ -98.937926019811627, 19.365274821842501 ] ] ] } },
{ "type": "Feature", "properties": { "cve_loc": "150700043", "nom_loc": "Unidad Acaquilpan", "consultorios_faltantes": 0.1 }, "geometry": { "type": "Polygon", "coordinates": [ [ [ -98.936333390118463, 19.367980851173087 ], [ -98.937926019811627, 19.365274821842501 ], [ -98.943380988655605, 19.366461831900679 ], [ -98.941603738725192, 19.369063300850232 ], [ -98.936333390118463, 19.367980851173087 ] ] ] } },
{ "type": "Feature", "properties": { "cve_loc": "150730001", "nom_loc": "San Antonio la Isla", "consultorios_faltantes": 1.5 }, "geometry": { "type": "Polygon", "coordinates": [ [ [ -99.561877547702295, 19.161446809183712 ], [ -99.562839004660887, 19.153847532190508 ], [ -99.565325286258044, 19.154242670970682 ], [ -99.566193415618741, 19.157175769522897 ], [ -99.570129635399127, 19.157824789768163 ], [ -99.57008031480332, 19.159032549899035 ], [ -99.572141883491682, 19.159140909776877 ], [ -99.575133743197725, 19.155747272513921 ], [ -99.581090815671345, 19.157454600035674 ], [ -99.581101765351235, 19.159310238853148 ], [ -99.57804237187959, 19.159503028767492 ], [ -99.576084070110696, 19.157154434660811 ], [ -99.572449455061701, 19.161132809741229 ], [ -99.569762096410528, 19.161803880643902 ], [ -99.561877547702295, 19.161446809183712 ] ] ] } },
{ "type": "Feature", "properties": { "cve_loc": "150730002", "nom_loc": "Ex-Rancho San Dimas", "consultorios_faltantes": 0.4 }, "geometry": { "type": "Polygon", "coordinates": [ [ [ -99.565568286337097, 19.177192155321119 ], [ -99.563802146947509, 19.178141275684133 ], [ -99.563347756721214, 19.169465907342069 ], [ -99.565506995720312, 19.169431360394313 ], [ -99.565216806567918, 19.173189006425137 ], [ -99.56864365605243, 19.17340223676058 ], [ -99.568076185703077, 19.178342045578034 ], [ -99.565568286337097, 19.177192155321119 ] ] ] } },
{ "type": "Feature", "properties": { "cve_loc": "150740045", "nom_loc": "San Antonio de las Huertas", "consultorios_faltantes": 0.4 }, "geometry": { "type": "Polygon", "coordinates": [ [ [ -99.966374828912151, 19.559960459805946 ], [ -99.962326919636709, 19.556470277342338 ], [ -99.954776371427982, 19.557577810078605 ], [ -99.957625400186458, 19.542766863712217 ], [ -99.995033641579099, 19.549449101847863 ], [ -99.992910531981323, 19.560510919863585 ], [ -99.982685284047164, 19.559944269907906 ], [ -99.97817508587444, 19.5641519584943 ], [ -99.966365338672816, 19.566197758510768 ], [ -99.966374828912151, 19.559960459805946 ] ] ] } },
{ "type": "Feature", "properties": { "cve_loc": "150740097", "nom_loc": "San Miguel la Labor", "consultorios_faltantes": 1.3 }, "geometry": { "type": "Polygon", "coordinates": [ [ [ -99.989307381986109, 19.615789777667828 ], [ -99.989059012545084, 19.607116689725167 ], [ -99.993273392327055, 19.59898538076181 ], [ -100.001134420654438, 19.599359065832708 ], [ -100.002662182524318, 19.596478009389671 ], [ -100.005374867897771, 19.596726632757825 ], [ -100.006725008925869, 19.595244142039441 ], [ -100.008944407625677, 19.597621121203375 ], [ -100.010143147891569, 19.596040882245557 ], [ -100.014831156261877, 19.595173942154588 ], [ -100.017064545444128, 19.599597630750644 ], [ -100.013489405625791, 19.600048801153005 ], [ -100.012595647584092, 19.603389949870326 ], [ -100.018139835613809, 19.607884599020025 ], [ -100.015611475147608, 19.61435270861146 ], [ -100.008122727973117, 19.61151450844369 ], [ -100.004775208501869, 19.615868857649172 ], [ -99.989307381986109, 19.615789777667828 ] ] ] } },
{ "type": "Feature", "properties": { "cve_loc": "150740104", "nom_loc": "San Pedro el Alto", "consultorios_faltantes": 1.2 }, "geometry": { "type": "Polygon", "coordinates": [ [ [ -99.901695881940611, 19.613731477910854 ], [ -99.897780145406216, 19.612406198198467 ], [ -99.896982883561478, 19.609148339383786 ], [ -99.893141654284719, 19.605390326636712 ], [ -99.898196553747667, 19.600057811470808 ], [ -99.904293704275915, 19.605582154181391 ], [ -99.907926141896553, 19.605392679514964 ], [ -99.909793210324878, 19.609190511897236 ], [ -99.912349016056822, 19.609817474591356 ], [ -99.914237378684319, 19.6086376271349 ], [ -99.912340361368265, 19.61189288634306 ], [ -99.916203033242809, 19.612908518062465 ], [ -99.912781982159984, 19.614511504961982 ], [ -99.908866487227257, 19.620153321523105 ], [ -99.901695881940611, 19.613731477910854 ] ] ] } },
{ "type": "Feature", "properties": { "cve_loc": "150760001", "nom_loc": "San Mateo Atenco", "consultorios_faltantes": 3.2 }, "geometry": { "type": "Polygon", "coordinates": [ [ [ -99.529852815003792, 19.248468709442236 ], [ -99.525160956715638, 19.248443219728077 ], [ -99.524971525987908, 19.251523258498928 ], [ -99.521292477516354, 19.251436489246224 ], [ -99.519820047252054, 19.238972341358174 ], [ -99.537973273450262, 19.237901392085558 ], [ -99.53685715336259, 19.250797648929403 ], [ -99.535368834095536, 19.252417288595762 ], [ -99.529757394712277, 19.252570138165638 ], [ -99.529852815003792, 19.248468709442236 ] ] ] } },
{ "type": "Feature", "properties": { "cve_loc": "150760012", "nom_loc": "Santa María la Asunción", "consultorios_faltantes": 1.8 }, "geometry": { "type": "Polygon", "coordinates": [ [ [ -99.546689010858103, 19.274583153678659 ], [ -99.546759161208783, 19.267748354808024 ], [ -99.543251191482057, 19.26772098514067 ], [ -99.544625781744244, 19.260927526298158 ], [ -99.543240732295146, 19.260914996514693 ], [ -99.542758842371143, 19.25718345786315 ], [ -99.553365629802187, 19.256635857589089 ], [ -99.556014668289109, 19.27081812405811 ], [ -99.546689010858103, 19.274583153678659 ] ] ] } },
{ "type": "Feature", "properties": { "cve_loc": "150810001", "nom_loc": "Tecámac de Felipe Villanueva", "consultorios_faltantes": 0.6 }, "geometry": { "type": "Polygon", "coordinates": [ [ [ -98.971161501742799, 19.731053950614289 ], [ -98.970781309970604, 19.725019711151525 ], [ -98.959139868659605, 19.719299982368458 ], [ -98.961130010767178, 19.716278247298376 ], [ -98.958533657455277, 19.715050890946291 ], [ -98.958688303466317, 19.713608942430458 ], [ -98.964381432250462, 19.713727772487481 ], [ -98.966627771250572, 19.715074862763039 ], [ -98.966061182121493, 19.716382621826188 ], [ -98.971811429959942, 19.719276231626157 ], [ -98.974749618968204, 19.722603158580732 ], [ -98.973031632628576, 19.730816692188206 ], [ -98.971161501742799, 19.731053950614289 ] ] ] } },
{ "type": "Feature", "properties": { "cve_loc": "150810004", "nom_loc": "Los Reyes Acozac", "consultorios_faltantes": 0.0 }, "geometry": { "type": "Polygon", "coordinates": [ [ [ -99.002531061705383, 19.788670265725823 ], [ -99.005078622260413, 19.782812807038553 ], [ -99.003029602925523, 19.781277247088731 ], [ -99.002276741741724, 19.784105606909257 ], [ -98.998713882591588, 19.782002327728193 ], [ -98.998233593765576, 19.780062847799339 ], [ -99.000530011815542, 19.771211052476673 ], [ -99.007644201583233, 19.773837558945985 ], [ -99.006386652070688, 19.778110448176161 ], [ -99.009587371157238, 19.778972537336475 ], [ -99.008306621330789, 19.783557736902864 ], [ -99.009887481484597, 19.786415986048439 ], [ -99.007486361803402, 19.791615104644904 ], [ -99.002531061705383, 19.788670265725823 ] ] ] } },
{ "type": "Feature", "properties": { "cve_loc": "150810009", "nom_loc": "San Pablo Tecalco", "consultorios_faltantes": 1.2 }, "geometry": { "type": "Polygon", "coordinates": [ [ [ -98.964402522598903, 19.679184131070699 ], [ -98.955619734970128, 19.678653210188088 ], [ -98.955009445056646, 19.67634213114961 ], [ -98.951937135274363, 19.674897962187273 ], [ -98.953294244866029, 19.672972271467238 ], [ -98.950368876364308, 19.672384232590016 ], [ -98.952527355513524, 19.670740952242678 ], [ -98.951467535167069, 19.669016693158799 ], [ -98.952758704941033, 19.666167894282975 ], [ -98.959914303573598, 19.668403992868267 ], [ -98.960400583906832, 19.666698989867779 ], [ -98.961876060084862, 19.667202944470091 ], [ -98.963127432885187, 19.668470153021143 ], [ -98.961785378922229, 19.67158036075168 ], [ -98.964617661169257, 19.669975102282248 ], [ -98.968121170920284, 19.671251763015391 ], [ -98.966393582507109, 19.676075320952592 ], [ -98.964281921974759, 19.674994891867939 ], [ -98.964402522598903, 19.679184131070699 ] ] ] } },
{ "type": "Feature", "properties": { "cve_loc": "150810012", "nom_loc": "Santa María Ajoloapan", "consultorios_faltantes": 0.6 }, "geometry": { "type": "Polygon", "coordinates": [ [ [ -98.946993576412055, 19.771653479430494 ], [ -98.947768906528324, 19.770679129125437 ], [ -98.945153937406317, 19.768557189562443 ], [ -98.948955176336213, 19.768987159927402 ], [ -98.9521443354284, 19.765506470525288 ], [ -98.95067792576738, 19.764368311095421 ], [ -98.952279005618081, 19.762293441221935 ], [ -98.948296646703781, 19.761646361384951 ], [ -98.948873786569209, 19.760471211517451 ], [ -98.951381264321128, 19.758909946952119 ], [ -98.953833600662975, 19.759812298172413 ], [ -98.953876062435683, 19.758374860697774 ], [ -98.958086633742624, 19.759880611463775 ], [ -98.958805843783722, 19.758680611785373 ], [ -98.960612413158984, 19.759188301637476 ], [ -98.954437274347114, 19.771472068916953 ], [ -98.951745095152901, 19.770137739486831 ], [ -98.949768125669223, 19.7721405893632 ], [ -98.95028127590659, 19.773483469132334 ], [ -98.946993576412055, 19.771653479430494 ] ] ] } },
{ "type": "Feature", "properties": { "cve_loc": "150810025", "nom_loc": "San Martín Azcatepec", "consultorios_faltantes": 0.2 }, "geometry": { "type": "Polygon", "coordinates": [ [ [ -98.978782569102165, 19.694366786927549 ], [ -98.982042668507376, 19.689458957599427 ], [ -98.985695867361784, 19.691495377857677 ], [ -98.982972127708507, 19.694801637132681 ], [ -98.978782569102165, 19.694366786927549 ] ] ] } },
{ "type": "Feature", "properties": { "cve_loc": "150810050", "nom_loc": "Fraccionamiento Santa Cruz Tecámac", "consultorios_faltantes": 2.5 }, "geometry": { "type": "Polygon", "coordinates": [ [ [ -98.936723729289142, 19.697384156165601 ], [ -98.937560469558875, 19.692677436873339 ], [ -98.947225756431266, 19.69651360728438 ], [ -98.946496912731902, 19.698858752011329 ], [ -98.944519600090032, 19.698318530547382 ], [ -98.942889337027779, 19.703655454902147 ], [ -98.936723729289142, 19.697384156165601 ] ] ] } },
{ "type": "Feature", "properties": { "cve_loc": "150810094", "nom_loc": "Fraccionamiento Hacienda del Bosque", "consultorios_faltantes": 1.0 }, "geometry": { "type": "Polygon", "coordinates": [ [ [ -98.960159643617558, 19.724053079942458 ], [ -98.966213237793852, 19.725579374163562 ], [ -98.970781309970604, 19.725019711151525 ], [ -98.970533034569613, 19.726982755588974 ], [ -98.967255440639718, 19.726825970365514 ], [ -98.964924671949589, 19.732719767888749 ], [ -98.962283442739576, 19.731693998651139 ], [ -98.963107062859748, 19.729524548721095 ], [ -98.958954663580613, 19.727168939249918 ], [ -98.960159643617558, 19.724053079942458 ] ] ] } },
{ "type": "Feature", "properties": { "cve_loc": "150810098", "nom_loc": "Fraccionamiento Social Progresivo Santo Tomás Chiconautla", "consultorios_faltantes": 0.9 }, "geometry": { "type": "Polygon", "coordinates": [ [ [ -98.99606817451361, 19.665073553233356 ], [ -98.993146359594192, 19.664256264971687 ], [ -98.996243234899651, 19.656586165960892 ], [ -99.00074825407151, 19.658124985348579 ], [ -98.999699060644801, 19.664091256485161 ], [ -98.996568812951907, 19.663273520437084 ], [ -98.99606817451361, 19.665073553233356 ] ] ] } },
{ "type": "Feature", "properties": { "cve_loc": "150820001", "nom_loc": "Tejupilco de Hidalgo", "consultorios_faltantes": 0.6 }, "geometry": { "type": "Polygon", "coordinates": [ [ [ -100.14925583435199, 18.905953937335411 ], [ -100.149270344432622, 18.901459128887257 ], [ -100.151577844185979, 18.903130328180101 ], [ -100.153660003981003, 18.902337848315824 ], [ -100.151994894148544, 18.901990278638017 ], [ -100.152827443525112, 18.90074178864095 ], [ -100.155790482689, 18.901013448965696 ], [ -100.156239922870597, 18.908715567023584 ], [ -100.151595694049064, 18.908766007105033 ], [ -100.150593863974336, 18.908049807372056 ], [ -100.151685893834113, 18.906055507019726 ], [ -100.14925583435199, 18.905953937335411 ] ] ] } },
{ "type": "Feature", "properties": { "cve_loc": "150830001", "nom_loc": "Temamatla", "consultorios_faltantes": 0.1 }, "geometry": { "type": "Polygon", "coordinates": [ [ [ -98.860072979181837, 19.209178997962706 ], [ -98.86122779937736, 19.205667148517307 ], [ -98.862691458479276, 19.205171288366483 ], [ -98.860558599513709, 19.202222549738984 ], [ -98.861818128830535, 19.199710230264724 ], [ -98.866494998069086, 19.200844039786631 ], [ -98.866217037649776, 19.203381149389319 ], [ -98.873064166014785, 19.205205546926276 ], [ -98.87306249599969, 19.212229087271147 ], [ -98.866974778046867, 19.211113867220874 ], [ -98.868138457268117, 19.207490918273461 ], [ -98.866117637886433, 19.206995898379141 ], [ -98.867070468642424, 19.211632881359183 ], [ -98.866553592626261, 19.212975567285589 ], [ -98.866814822699425, 19.211360057316977 ], [ -98.860072979181837, 19.209178997962706 ] ] ] } },
{ "type": "Feature", "properties": { "cve_loc": "150850014", "nom_loc": "La Magdalena", "consultorios_faltantes": 0.1 }, "geometry": { "type": "Polygon", "coordinates": [ [ [ -99.995351120262697, 19.958860950628864 ], [ -99.99217914261898, 19.95211351444717 ], [ -99.986453581905707, 19.950744544191231 ], [ -99.984837256124948, 19.946206818830667 ], [ -99.987147410645505, 19.946437055554473 ], [ -99.986309437310268, 19.944347745206251 ], [ -99.988860256931559, 19.944028797607775 ], [ -99.98951794414053, 19.941900018525921 ], [ -99.994978132362149, 19.941866310089875 ], [ -99.996824718151075, 19.938197349557345 ], [ -99.999458694317568, 19.937861512547368 ], [ -99.995940280122127, 19.948344772861507 ], [ -99.99924020962888, 19.94991155253723 ], [ -100.006837862598303, 19.94982447403142 ], [ -100.006875773669051, 19.956181740809875 ], [ -100.004821133255632, 19.958323931789856 ], [ -99.999363950904353, 19.953890242444626 ], [ -99.995351120262697, 19.958860950628864 ] ] ] } },
{ "type": "Feature", "properties": { "cve_loc": "150870001", "nom_loc": "Temoaya", "consultorios_faltantes": 0.2 }, "geometry": { "type": "Polygon", "coordinates": [ [ [ -99.588152164631666, 19.470454698382873 ], [ -99.592218527078671, 19.459813994769991 ], [ -99.598206488156421, 19.464801740303848 ], [ -99.601830167386538, 19.465533979488299 ], [ -99.596695778374709, 19.468284769764704 ], [ -99.598489857739779, 19.470888058788738 ], [ -99.59553942839986, 19.471154909030481 ], [ -99.594341089483123, 19.475434148310178 ], [ -99.590644555067499, 19.477098643512665 ], [ -99.588152164631666, 19.470454698382873 ] ] ] } },
{ "type": "Feature", "properties": { "cve_loc": "150870010", "nom_loc": "Enthavi", "consultorios_faltantes": 0.6 }, "geometry": { "type": "Polygon", "coordinates": [ [ [ -99.57150718044025, 19.501027357428455 ], [ -99.570739203426456, 19.499579223109301 ], [ -99.574712322548336, 19.497477564114945 ], [ -99.578413121548678, 19.49114014410792 ], [ -99.575889605527209, 19.509901813389469 ], [ -99.567340004787923, 19.51805701837737 ], [ -99.57150718044025, 19.501027357428455 ] ] ] } },
{ "type": "Feature", "properties": { "cve_loc": "150870017", "nom_loc": "Molino Abajo", "consultorios_faltantes": 0.7 }, "geometry": { "type": "Polygon", "coordinates": [ [ [ -99.598206488156421, 19.464801740303848 ], [ -99.592218527078671, 19.459813994769991 ], [ -99.593754071610135, 19.458641069141905 ], [ -99.59347624928435, 19.455962122593544 ], [ -99.596210316423523, 19.455544245223383 ], [ -99.599512109892885, 19.447856695504761 ], [ -99.601382735889317, 19.447804109070834 ], [ -99.602247942742906, 19.446102604805606 ], [ -99.605099549471291, 19.44642708990072 ], [ -99.608891936591306, 19.43997781637669 ], [ -99.612412764684066, 19.441767246108448 ], [ -99.608457015367648, 19.446202044508041 ], [ -99.609753274830339, 19.447243727628781 ], [ -99.60814667592058, 19.449131033669641 ], [ -99.613195574572998, 19.449867493990098 ], [ -99.612331574377208, 19.451503003060349 ], [ -99.610764780029839, 19.452829182107834 ], [ -99.606073416609931, 19.452305123611591 ], [ -99.605241916229488, 19.456172292324059 ], [ -99.603237767056456, 19.458048402129123 ], [ -99.604982996605798, 19.458215261863597 ], [ -99.604501826547875, 19.460116601427782 ], [ -99.601457047757606, 19.460534911593641 ], [ -99.600173507847614, 19.46171955098108 ], [ -99.603246566661838, 19.460941151606228 ], [ -99.600775577859565, 19.464857680062693 ], [ -99.598206488156421, 19.464801740303848 ] ] ] } },
{ "type": "Feature", "properties": { "cve_loc": "150870021", "nom_loc": "San Diego Alcalá", "consultorios_faltantes": 0.3 }, "geometry": { "type": "Polygon", "coordinates": [ [ [ -99.614434532115339, 19.478378279924865 ], [ -99.608120475264656, 19.472592748937011 ], [ -99.606144135776418, 19.461308811629472 ], [ -99.608898055252482, 19.454961833125648 ], [ -99.613916024757842, 19.450309383653746 ], [ -99.616251257445356, 19.451565177211574 ], [ -99.616903543180513, 19.448643684417402 ], [ -99.618418573675243, 19.448359814560909 ], [ -99.621584976684858, 19.45281486045474 ], [ -99.613601973974781, 19.464032840971715 ], [ -99.613467254098708, 19.465245229655494 ], [ -99.616064673959997, 19.466237679990822 ], [ -99.614434532115339, 19.478378279924865 ] ] ] } },
{ "type": "Feature", "properties": { "cve_loc": "150870027", "nom_loc": "San Lorenzo Oyamel", "consultorios_faltantes": 1.3 }, "geometry": { "type": "Polygon", "coordinates": [ [ [ -99.567484345632892, 19.442521405610677 ], [ -99.570053822938249, 19.433159739591567 ], [ -99.567723745210117, 19.429957348396517 ], [ -99.568922665047054, 19.427903189739229 ], [ -99.580103152567702, 19.427905668544888 ], [ -99.579488862629546, 19.424806389523276 ], [ -99.581876582401605, 19.423595720901492 ], [ -99.587956638235553, 19.428556868846201 ], [ -99.585927181108815, 19.432281488063587 ], [ -99.584636451677454, 19.431535758100768 ], [ -99.584093647385757, 19.442251326614805 ], [ -99.581687902172462, 19.439200524196476 ], [ -99.575502679794681, 19.438182409295084 ], [ -99.571735944671047, 19.444130925248675 ], [ -99.567484345632892, 19.442521405610677 ] ] ] } },
{ "type": "Feature", "properties": { "cve_loc": "150870029", "nom_loc": "San Pedro Abajo", "consultorios_faltantes": 0.4 }, "geometry": { "type": "Polygon", "coordinates": [ [ [ -99.581802651367383, 19.491976739964837 ], [ -99.578285427052222, 19.491814714126395 ], [ -99.579000223026554, 19.485804966056335 ], [ -99.57758578343379, 19.482802876656621 ], [ -99.581676402097884, 19.478602887610421 ], [ -99.584912061364506, 19.478760547312138 ], [ -99.586409051378283, 19.477119637422106 ], [ -99.5872644610983, 19.481163377013242 ], [ -99.584948776227293, 19.483574966786001 ], [ -99.581802651367383, 19.491976739964837 ] ] ] } },
{ "type": "Feature", "properties": { "cve_loc": "150870030", "nom_loc": "San Pedro Arriba", "consultorios_faltantes": 0.0 }, "geometry": { "type": "Polygon", "coordinates": [ [ [ -99.552448589655498, 19.500253562627073 ], [ -99.555812788545367, 19.4891063448718 ], [ -99.556812068135983, 19.489194804464255 ], [ -99.555459858233746, 19.492941453910223 ], [ -99.556704347911236, 19.493470284211291 ], [ -99.558038921435369, 19.491523978889852 ], [ -99.560263895328049, 19.492272746506437 ], [ -99.561066437336237, 19.48882990526991 ], [ -99.563755896006427, 19.490121804353169 ], [ -99.558604603693141, 19.497129452204124 ], [ -99.552448589655498, 19.500253562627073 ] ] ] } },
{ "type": "Feature", "properties": { "cve_loc": "150870079", "nom_loc": "Fraccionamiento Rinconada del Valle", "consultorios_faltantes": 0.5 }, "geometry": { "type": "Polygon", "coordinates": [ [ [ -99.571657442092345, 19.415362569949774 ], [ -99.576562093312148, 19.403381304818975 ], [ -99.566109035202331, 19.402392365059981 ], [ -99.569929915241474, 19.401201454875675 ], [ -99.571443174646902, 19.402794094873535 ], [ -99.575892332720457, 19.403242390975631 ], [ -99.573504823806431, 19.400523585297744 ], [ -99.575006753892367, 19.400923874967329 ], [ -99.576507423772497, 19.398125225514406 ], [ -99.578224537150717, 19.398830581490021 ], [ -99.576302663785626, 19.402457384834243 ], [ -99.580770772601923, 19.403058904530944 ], [ -99.578326293189818, 19.404097183825041 ], [ -99.575424943739677, 19.40980404317715 ], [ -99.577147423729414, 19.409809892759856 ], [ -99.576556003951794, 19.411758762421194 ], [ -99.574539953835995, 19.410806102998844 ], [ -99.571657442092345, 19.415362569949774 ] ] ] } },
{ "type": "Feature", "properties": { "cve_loc": "150870080", "nom_loc": "Hacienda las Trojes", "consultorios_faltantes": 0.5 }, "geometry": { "type": "Polygon", "coordinates": [ [ [ -99.606360395671501, 19.411250474970881 ], [ -99.612667104412324, 19.413398992545567 ], [ -99.611065025273049, 19.414733241725141 ], [ -99.609704685655402, 19.420441500472069 ], [ -99.608477345668163, 19.420182330751782 ], [ -99.608738055717609, 19.418153331462417 ], [ -99.603140838775843, 19.416867493469159 ], [ -99.606360395671501, 19.411250474970881 ] ] ] } },
{ "type": "Feature", "properties": { "cve_loc": "150880001", "nom_loc": "Tenancingo de Degollado", "consultorios_faltantes": 0.8 }, "geometry": { "type": "Polygon", "coordinates": [ [ [ -99.597191889235418, 18.969797793239543 ], [ -99.593836170165559, 18.964947864544744 ], [ -99.59169185986481, 18.965102694233142 ], [ -99.591506819878546, 18.961884254819786 ], [ -99.598797248568346, 18.962320054901191 ], [ -99.598676778100938, 18.966045123447174 ], [ -99.601404398168583, 18.968612223529764 ], [ -99.597191889235418, 18.969797793239543 ] ] ] } },
{ "type": "Feature", "properties": { "cve_loc": "150880017", "nom_loc": "El Salitre", "consultorios_faltantes": 0.8 }, "geometry": { "type": "Polygon", "coordinates": [ [ [ -99.590038254782925, 18.955335926073932 ], [ -99.586636402163847, 18.952620961963525 ], [ -99.587217583309055, 18.949267988282315 ], [ -99.592709179570775, 18.950334518237415 ], [ -99.594235018923058, 18.948231468353409 ], [ -99.597083108436991, 18.948725398804342 ], [ -99.599085348797203, 18.956772316086436 ], [ -99.592941219686665, 18.955919255916744 ], [ -99.592856940413867, 18.954784456490806 ], [ -99.586059431509682, 18.962276294438244 ], [ -99.581153465533049, 18.962690560554755 ], [ -99.58224531521941, 18.958359231553739 ], [ -99.583255512524417, 18.959611805581545 ], [ -99.584564862235638, 18.958064755565022 ], [ -99.585678651257922, 18.959447595451394 ], [ -99.590038254782925, 18.955335926073932 ] ] ] } },
{ "type": "Feature", "properties": { "cve_loc": "150880021", "nom_loc": "San Martín Coapaxtongo", "consultorios_faltantes": 0.2 }, "geometry": { "type": "Polygon", "coordinates": [ [ [ -99.574016754818842, 19.002809345130355 ], [ -99.573067384518083, 18.996857587235759 ], [ -99.568311116019331, 18.997841386191823 ], [ -99.567689946446706, 18.996716907301654 ], [ -99.567240312978939, 18.999286676170829 ], [ -99.565289466454558, 18.995557586982631 ], [ -99.565758386957057, 18.991239337679392 ], [ -99.57146060504914, 18.986033599009328 ], [ -99.572774634560119, 18.986296749169135 ], [ -99.576165954137878, 18.995138317700121 ], [ -99.574088234572812, 18.998369856401332 ], [ -99.574016754818842, 19.002809345130355 ] ] ] } },
{ "type": "Feature", "properties": { "cve_loc": "150880024", "nom_loc": "Santa Ana Ixtlahuatzingo (Santa Ana)", "consultorios_faltantes": 0.5 }, "geometry": { "type": "Polygon", "coordinates": [ [ [ -99.620872787753228, 18.973307332338823 ], [ -99.617454813759181, 18.967793523452514 ], [ -99.620367889108422, 18.966169233784214 ], [ -99.625610241954604, 18.967840853740693 ], [ -99.625719531860796, 18.969773092970168 ], [ -99.632112340736953, 18.97110335254704 ], [ -99.630575570874555, 18.974270772137974 ], [ -99.625826251734424, 18.972466262852794 ], [ -99.626282741427659, 18.975737341435316 ], [ -99.624730851821141, 18.976321691691766 ], [ -99.620872787753228, 18.973307332338823 ] ] ] } },
{ "type": "Feature", "properties": { "cve_loc": "150880027", "nom_loc": "San Miguel Tecomatlán", "consultorios_faltantes": 0.2 }, "geometry": { "type": "Polygon", "coordinates": [ [ [ -99.523180836786779, 18.983276400330535 ], [ -99.527658333304146, 18.971352808340143 ], [ -99.529934345866039, 18.971593616905619 ], [ -99.531218104522296, 18.980895540451137 ], [ -99.526752845477702, 18.985338530721602 ], [ -99.523180836786779, 18.983276400330535 ] ] ] } },
{ "type": "Feature", "properties": { "cve_loc": "150880034", "nom_loc": "La Trinidad", "consultorios_faltantes": 0.6 }, "geometry": { "type": "Polygon", "coordinates": [ [ [ -99.581574004749058, 18.969669117198816 ], [ -99.575745645943741, 18.968757209418328 ], [ -99.576664899185502, 18.96447431728425 ], [ -99.57955377704593, 18.963451386806003 ], [ -99.576416424406432, 18.96369160397553 ], [ -99.576897544155955, 18.961756914424786 ], [ -99.586059431509682, 18.962276294438244 ], [ -99.585090234085342, 18.965761875395319 ], [ -99.581574004749058, 18.969669117198816 ] ] ] } },
{ "type": "Feature", "properties": { "cve_loc": "150880035", "nom_loc": "San Juan Xochiaca", "consultorios_faltantes": 0.4 }, "geometry": { "type": "Polygon", "coordinates": [ [ [ -99.538196563206867, 19.020650591766572 ], [ -99.536048965766852, 19.018012847894887 ], [ -99.533132874351139, 19.018392821492853 ], [ -99.532479264590947, 19.015417992263778 ], [ -99.533759703402694, 19.013395542180064 ], [ -99.53263058470786, 19.013674393069785 ], [ -99.532731274302392, 19.012517143226873 ], [ -99.535143473765388, 19.008392614025237 ], [ -99.539079582660705, 19.009066393673692 ], [ -99.541968182030416, 19.005949105144381 ], [ -99.545429790467381, 19.012866884233649 ], [ -99.545704690992267, 19.017468311973044 ], [ -99.544119096870091, 19.018673046882128 ], [ -99.541100262584195, 19.015807052532299 ], [ -99.54151110249866, 19.017872013254038 ], [ -99.538196563206867, 19.020650591766572 ] ] ] } },
{ "type": "Feature", "properties": { "cve_loc": "150880071", "nom_loc": "La Ciénega", "consultorios_faltantes": 0.7 }, "geometry": { "type": "Polygon", "coordinates": [ [ [ -99.579200344584748, 18.962260678106187 ], [ -99.579658262833064, 18.949549097259027 ], [ -99.584073308211785, 18.950923067978497 ], [ -99.584540621721544, 18.949458657922392 ], [ -99.587095141599619, 18.951008237413046 ], [ -99.586636402163847, 18.952620961963525 ], [ -99.589875151100216, 18.956130226268648 ], [ -99.586733626456862, 18.957372395519958 ], [ -99.585628892122358, 18.959466355443041 ], [ -99.584564862235638, 18.958064755565022 ], [ -99.583255512524417, 18.959611805581545 ], [ -99.58224531521941, 18.958359231553739 ], [ -99.581153465533049, 18.962690560554755 ], [ -99.579200344584748, 18.962260678106187 ] ] ] } },
{ "type": "Feature", "properties": { "cve_loc": "150880073", "nom_loc": "San José el Cuartel", "consultorios_faltantes": 0.8 }, "geometry": { "type": "Polygon", "coordinates": [ [ [ -99.579200344584748, 18.962260678106187 ], [ -99.565564066604225, 18.956594313166566 ], [ -99.565792341650422, 18.954014942951861 ], [ -99.568914189703833, 18.952935357694155 ], [ -99.573002265300218, 18.954549329283083 ], [ -99.57347976269719, 18.952025493847604 ], [ -99.5746828046167, 18.952308006937248 ], [ -99.574601548014058, 18.955068083812954 ], [ -99.578874589564748, 18.954865904994914 ], [ -99.579200344584748, 18.962260678106187 ] ] ] } },
{ "type": "Feature", "properties": { "cve_loc": "150900001", "nom_loc": "Tenango de Arista", "consultorios_faltantes": 0.5 }, "geometry": { "type": "Polygon", "coordinates": [ [ [ -99.597580798905, 19.12231570784207 ], [ -99.59128299927508, 19.121976018209484 ], [ -99.591264690162475, 19.119978709038428 ], [ -99.584045601583284, 19.119347829246024 ], [ -99.584737691610584, 19.109852111332899 ], [ -99.583605401830923, 19.109760991202432 ], [ -99.583720092047926, 19.107537711970537 ], [ -99.586668881392413, 19.107682361981706 ], [ -99.588245781070214, 19.112131660713914 ], [ -99.595879679017074, 19.112074320550921 ], [ -99.593865879634023, 19.116242309539153 ], [ -99.598534101665692, 19.116235603081602 ], [ -99.598307428097897, 19.120037219974737 ], [ -99.597580798905, 19.12231570784207 ] ] ] } },
{ "type": "Feature", "properties": { "cve_loc": "150900006", "nom_loc": "San Bartolomé Atlatlahuca", "consultorios_faltantes": 0.1 }, "geometry": { "type": "Polygon", "coordinates": [ [ [ -99.601503748235899, 19.071014970090811 ], [ -99.606112255437125, 19.069040061573055 ], [ -99.616042223842101, 19.068851060350255 ], [ -99.615086436062484, 19.071139473346232 ], [ -99.612618614438418, 19.071544059492762 ], [ -99.612648057187016, 19.073128087684886 ], [ -99.608862744920586, 19.072826712985695 ], [ -99.607778045902762, 19.07110183985197 ], [ -99.60194474411098, 19.076278501487703 ], [ -99.601100999177149, 19.074613711005405 ], [ -99.602773280787943, 19.07356009252678 ], [ -99.602683567170402, 19.071302070144231 ], [ -99.601503748235899, 19.071014970090811 ] ] ] } },
{ "type": "Feature", "properties": { "cve_loc": "150900027", "nom_loc": "San Francisco Putla", "consultorios_faltantes": 0.2 }, "geometry": { "type": "Polygon", "coordinates": [ [ [ -99.630843310915083, 19.134671335648701 ], [ -99.629896770456469, 19.132579315936553 ], [ -99.6322537428305, 19.121614040221068 ], [ -99.638227447917316, 19.118272510252684 ], [ -99.637497468879289, 19.120838048352297 ], [ -99.638832577909781, 19.120739018526489 ], [ -99.636310709741636, 19.127103507364417 ], [ -99.637746208471015, 19.127739486931524 ], [ -99.635643639357497, 19.132034055863027 ], [ -99.630843310915083, 19.134671335648701 ] ] ] } },
{ "type": "Feature", "properties": { "cve_loc": "150900028", "nom_loc": "San Francisco Tepexoxuca", "consultorios_faltantes": 0.2 }, "geometry": { "type": "Polygon", "coordinates": [ [ [ -99.544166471684051, 19.054465753922493 ], [ -99.54022503188142, 19.052399214447888 ], [ -99.541969952453584, 19.04798073520881 ], [ -99.54399195204897, 19.051606954781452 ], [ -99.545710730799485, 19.051002627196837 ], [ -99.550377730498496, 19.055887753041915 ], [ -99.551387040179179, 19.061696662202138 ], [ -99.54730821065327, 19.067124780722423 ], [ -99.543594831575319, 19.066355121414265 ], [ -99.543061331794462, 19.064666181410253 ], [ -99.545407731490343, 19.063545841236365 ], [ -99.544166471684051, 19.054465753922493 ] ] ] } },
{ "type": "Feature", "properties": { "cve_loc": "150900035", "nom_loc": "San Miguel Balderas", "consultorios_faltantes": 0.4 }, "geometry": { "type": "Polygon", "coordinates": [ [ [ -99.65753603422057, 19.113847280175474 ], [ -99.648466436187718, 19.114486399691877 ], [ -99.651381966067007, 19.111191691164439 ], [ -99.651330615856097, 19.110144391284638 ], [ -99.649194289644882, 19.110224751613362 ], [ -99.650697675900972, 19.107212221462888 ], [ -99.660742733620239, 19.106891712148389 ], [ -99.660568863310317, 19.108528621841661 ], [ -99.661846693270377, 19.107410501378471 ], [ -99.664838702318491, 19.108154001773084 ], [ -99.65753603422057, 19.113847280175474 ] ] ] } },
{ "type": "Feature", "properties": { "cve_loc": "150900036", "nom_loc": "San Pedro Tlanixco", "consultorios_faltantes": 0.9 }, "geometry": { "type": "Polygon", "coordinates": [ [ [ -99.655100760481048, 19.06792190137001 ], [ -99.650817754478666, 19.067042521826338 ], [ -99.646820167216845, 19.063674581369778 ], [ -99.648456666109567, 19.062577292275268 ], [ -99.647939956200133, 19.061148552141987 ], [ -99.649435676191999, 19.061755461736336 ], [ -99.650740505795142, 19.058383733183589 ], [ -99.655751634209878, 19.061639522057717 ], [ -99.655100760481048, 19.06792190137001 ] ] ] } },
{ "type": "Feature", "properties": { "cve_loc": "150900037", "nom_loc": "San Pedro Zictepec", "consultorios_faltantes": 1.1 }, "geometry": { "type": "Polygon", "coordinates": [ [ [ -99.577509483746368, 19.041998636176473 ], [ -99.574006484160137, 19.043056527251991 ], [ -99.574154724739941, 19.040498986843527 ], [ -99.569726344358386, 19.033654478934686 ], [ -99.573323924905736, 19.034505538624298 ], [ -99.570790664951616, 19.033034678987921 ], [ -99.571522804535903, 19.031795779511651 ], [ -99.578204342627316, 19.032640838377301 ], [ -99.578728373697928, 19.030499979920705 ], [ -99.582400252082138, 19.032754418957925 ], [ -99.581054482666389, 19.033580778157699 ], [ -99.582156122122882, 19.034507448191096 ], [ -99.581049432693206, 19.034107878407223 ], [ -99.578234983847821, 19.04367301649463 ], [ -99.577509483746368, 19.041998636176473 ] ] ] } },
{ "type": "Feature", "properties": { "cve_loc": "150900038", "nom_loc": "Santa María Jajalpa", "consultorios_faltantes": 0.5 }, "geometry": { "type": "Polygon", "coordinates": [ [ [ -99.540694534205471, 19.120499429110673 ], [ -99.530279304123539, 19.115167969382846 ], [ -99.530296935281925, 19.114019680284411 ], [ -99.539236521643161, 19.113088290853195 ], [ -99.539181832929529, 19.114886450605621 ], [ -99.541919094791538, 19.115176478921523 ], [ -99.540694534205471, 19.120499429110673 ] ] ] } },
{ "type": "Feature", "properties": { "cve_loc": "150910001", "nom_loc": "Teoloyucan", "consultorios_faltantes": 1.4 }, "geometry": { "type": "Polygon", "coordinates": [ [ [ -99.174774750572908, 19.754452713576992 ], [ -99.171747671405896, 19.750286594540615 ], [ -99.16114695416212, 19.750366024723146 ], [ -99.16575481329815, 19.744117195789435 ], [ -99.165283612894072, 19.74258793658867 ], [ -99.168516682144855, 19.743289536120663 ], [ -99.17166982138076, 19.738404117827258 ], [ -99.169291918733052, 19.737522207510757 ], [ -99.170563701758013, 19.731332109422567 ], [ -99.184773153987834, 19.733525927149955 ], [ -99.184207855698048, 19.734557827586045 ], [ -99.185761648406043, 19.735629137997488 ], [ -99.177675210147939, 19.745139905608365 ], [ -99.180693679716086, 19.753736013930862 ], [ -99.178142790323804, 19.753725853921445 ], [ -99.176898409915495, 19.747932045563797 ], [ -99.177675949910252, 19.754848073248109 ], [ -99.174774750572908, 19.754452713576992 ] ] ] } },
{ "type": "Feature", "properties": { "cve_loc": "150920001", "nom_loc": "Teotihuacán de Arista", "consultorios_faltantes": 0.9 }, "geometry": { "type": "Polygon", "coordinates": [ [ [ -98.891885409727408, 19.69181057726259 ], [ -98.883476202170229, 19.691295987384901 ], [ -98.880776003203579, 19.684285608850207 ], [ -98.881367653121274, 19.679916269594717 ], [ -98.885122352551321, 19.679251689781605 ], [ -98.886422491514679, 19.68064234957712 ], [ -98.886739652136498, 19.679323559707598 ], [ -98.895876049315078, 19.677626210831491 ], [ -98.891885409727408, 19.69181057726259 ] ] ] } },
{ "type": "Feature", "properties": { "cve_loc": "150920013", "nom_loc": "San Francisco Mazapa", "consultorios_faltantes": 0.1 }, "geometry": { "type": "Polygon", "coordinates": [ [ [ -98.836266564524067, 19.695576836190831 ], [ -98.828634275530334, 19.693309036391717 ], [ -98.830623895541379, 19.688763857635976 ], [ -98.839799303287208, 19.683774438503033 ], [ -98.843060411986102, 19.684536989120776 ], [ -98.842091662248976, 19.689376127589526 ], [ -98.838336363886626, 19.690729267165541 ], [ -98.836266564524067, 19.695576836190831 ] ] ] } },
{ "type": "Feature", "properties": { "cve_loc": "150920019", "nom_loc": "San Lorenzo Tlalmimilolpan", "consultorios_faltantes": 0.0 }, "geometry": { "type": "Polygon", "coordinates": [ [ [ -98.87180050535332, 19.662518443818353 ], [ -98.87817368403131, 19.659958694301501 ], [ -98.879226663462703, 19.661508904024714 ], [ -98.877898793497977, 19.666940792950424 ], [ -98.875745203963518, 19.669397922638275 ], [ -98.869533975990677, 19.667103663221347 ], [ -98.87180050535332, 19.662518443818353 ] ] ] } },
{ "type": "Feature", "properties": { "cve_loc": "150920020", "nom_loc": "San Sebastián Xolalpa", "consultorios_faltantes": 0.2 }, "geometry": { "type": "Polygon", "coordinates": [ [ [ -98.826920075627427, 19.688541358594769 ], [ -98.827700325824125, 19.684884148484457 ], [ -98.83358690445236, 19.681383439447213 ], [ -98.833864865160734, 19.678922920295445 ], [ -98.844393351681134, 19.672115241496115 ], [ -98.842495322257207, 19.677491750469816 ], [ -98.847572271244687, 19.679031329872821 ], [ -98.84439760252728, 19.679967729615225 ], [ -98.843060411986102, 19.684536989120776 ], [ -98.83769104330969, 19.684545668798449 ], [ -98.830200355748502, 19.689596097691986 ], [ -98.826920075627427, 19.688541358594769 ] ] ] } },
{ "type": "Feature", "properties": { "cve_loc": "150930014", "nom_loc": "Santo Tomás Apipilhuasco (Santo Tomás)", "consultorios_faltantes": 0.5 }, "geometry": { "type": "Polygon", "coordinates": [ [ [ -98.742794586100487, 19.55057629921906 ], [ -98.741352556524959, 19.551230499232631 ], [ -98.743684326217036, 19.544687560402629 ], [ -98.734162400904097, 19.538743283054828 ], [ -98.732219779757159, 19.535204162323254 ], [ -98.734129778297344, 19.534992413250169 ], [ -98.736145027904485, 19.531493824064221 ], [ -98.740764896688631, 19.535500692904474 ], [ -98.74533165555421, 19.535196612775977 ], [ -98.748226376593252, 19.53710493338 ], [ -98.751690155566735, 19.539869332177386 ], [ -98.753313353635093, 19.543783690314314 ], [ -98.756769653177528, 19.545950070605624 ], [ -98.756895743561913, 19.547300041037722 ], [ -98.755714493603705, 19.546457620658597 ], [ -98.752626181461409, 19.548032995547555 ], [ -98.752484211301663, 19.55018366985551 ], [ -98.7442997673257, 19.55153155558871 ], [ -98.743104203929136, 19.553904618480512 ], [ -98.742794586100487, 19.55057629921906 ] ] ] } },
{ "type": "Feature", "properties": { "cve_loc": "150940001", "nom_loc": "Tepetlixpa", "consultorios_faltantes": 0.7 }, "geometry": { "type": "Polygon", "coordinates": [ [ [ -98.826238927467003, 19.030431279148907 ], [ -98.819374369821801, 19.026760219873534 ], [ -98.81783493956975, 19.028944329456436 ], [ -98.814319760997208, 19.026643510052626 ], [ -98.811478481389059, 19.021797070419101 ], [ -98.813121931474726, 19.019080761072544 ], [ -98.81329087123811, 19.021575940664345 ], [ -98.815363370706478, 19.022797390975015 ], [ -98.831391207022747, 19.026779190355349 ], [ -98.828733567581651, 19.030058679332004 ], [ -98.826238927467003, 19.030431279148907 ] ] ] } },
{ "type": "Feature", "properties": { "cve_loc": "150950001", "nom_loc": "Tepotzotlán", "consultorios_faltantes": 0.5 }, "geometry": { "type": "Polygon", "coordinates": [ [ [ -99.2302558273568, 19.721675741646489 ], [ -99.228940467599315, 19.720011281999504 ], [ -99.229386347803015, 19.717155402731894 ], [ -99.22708040786361, 19.716636552485006 ], [ -99.228745837284833, 19.705424385011373 ], [ -99.224116239065154, 19.70424218544003 ], [ -99.224899318262345, 19.702570825631227 ], [ -99.233461626701924, 19.700617666805314 ], [ -99.235430105282262, 19.70198914597194 ], [ -99.236136006075043, 19.70629637534083 ], [ -99.238906715005783, 19.705673895773565 ], [ -99.239278942099219, 19.706895882530571 ], [ -99.236478976794089, 19.708508329300031 ], [ -99.238480705191904, 19.713739293288892 ], [ -99.237716591048724, 19.714798891388273 ], [ -99.234762976694597, 19.713618093551787 ], [ -99.233270686441927, 19.714584623370854 ], [ -99.232736037171122, 19.716510182046104 ], [ -99.235307395972228, 19.721309951858391 ], [ -99.2302558273568, 19.721675741646489 ] ] ] } },
{ "type": "Feature", "properties": { "cve_loc": "150950005", "nom_loc": "Cañada de Cisneros", "consultorios_faltantes": 0.4 }, "geometry": { "type": "Polygon", "coordinates": [ [ [ -99.329551373332151, 19.692792697944572 ], [ -99.331142482599134, 19.693595728288791 ], [ -99.333049632462419, 19.690952788376833 ], [ -99.334807492010711, 19.692100788017189 ], [ -99.335730401901088, 19.689613588870376 ], [ -99.337205841709761, 19.690723388670239 ], [ -99.33954097083307, 19.68875200929407 ], [ -99.340512260507481, 19.690138948665307 ], [ -99.342265009737673, 19.689140638897101 ], [ -99.345891918815553, 19.690732628402397 ], [ -99.342799860234507, 19.692199518798148 ], [ -99.350808807741572, 19.70120329672211 ], [ -99.348684998709061, 19.70100971650454 ], [ -99.348913548707046, 19.703536255388457 ], [ -99.345256778904826, 19.702613146252396 ], [ -99.339080201185936, 19.700221636085576 ], [ -99.335470640247408, 19.696682527905157 ], [ -99.334061602007935, 19.697996257367841 ], [ -99.340670630003302, 19.702881225934018 ], [ -99.336869520843422, 19.706864125301227 ], [ -99.335810011432059, 19.710752264464041 ], [ -99.33420769247283, 19.712034719676744 ], [ -99.330506012594711, 19.711847123808198 ], [ -99.331296462242108, 19.708836434736938 ], [ -99.329900402651944, 19.70866758435124 ], [ -99.330055643012784, 19.704780065290059 ], [ -99.327536723408713, 19.698978696318953 ], [ -99.329551373332151, 19.692792697944572 ] ] ] } },
{ "type": "Feature", "properties": { "cve_loc": "150950026", "nom_loc": "Santiago Cuautlalpan", "consultorios_faltantes": 0.6 }, "geometry": { "type": "Polygon", "coordinates": [ [ [ -99.29689244061538, 19.696727072350093 ], [ -99.288070923152844, 19.690546788735809 ], [ -99.286283474065314, 19.684672380100057 ], [ -99.293503921779276, 19.678498071700833 ], [ -99.297104040827733, 19.677674961326382 ], [ -99.29929112045339, 19.684777760037399 ], [ -99.298654560538807, 19.687960299326797 ], [ -99.302559449259803, 19.68888152861253 ], [ -99.303196639819561, 19.691242488765017 ], [ -99.3008789205591, 19.694617427441557 ], [ -99.301534360326158, 19.696263727609825 ], [ -99.29689244061538, 19.696727072350093 ] ] ] } },
{ "type": "Feature", "properties": { "cve_loc": "150950073", "nom_loc": "Santa Cruz del Monte", "consultorios_faltantes": 0.4 }, "geometry": { "type": "Polygon", "coordinates": [ [ [ -99.227413106813344, 19.772331589725479 ], [ -99.228659337343359, 19.767011022021112 ], [ -99.236448656029026, 19.768166271670896 ], [ -99.238819260175674, 19.770241359345953 ], [ -99.236988607161152, 19.7708573153364 ], [ -99.236625833458532, 19.773929581683237 ], [ -99.227413106813344, 19.772331589725479 ] ] ] } },
{ "type": "Feature", "properties": { "cve_loc": "150950074", "nom_loc": "Ejido de Coyotepec", "consultorios_faltantes": 0.6 }, "geometry": { "type": "Polygon", "coordinates": [ [ [ -99.221908287998787, 19.785678247244896 ], [ -99.217907150264452, 19.777375098232952 ], [ -99.226948738388558, 19.774935989176718 ], [ -99.231020337282345, 19.782225476687366 ], [ -99.225560608580537, 19.784237897025896 ], [ -99.224085118463236, 19.786030557168793 ], [ -99.224917257250439, 19.787302896249599 ], [ -99.221908287998787, 19.785678247244896 ] ] ] } },
{ "type": "Feature", "properties": { "cve_loc": "150960001", "nom_loc": "Tequixquiac", "consultorios_faltantes": 1.2 }, "geometry": { "type": "Polygon", "coordinates": [ [ [ -99.125204372629071, 19.907210958605731 ], [ -99.120597863577913, 19.902165020120712 ], [ -99.120834313625167, 19.896066741716542 ], [ -99.129802831314436, 19.894025441854819 ], [ -99.131285390597995, 19.895546411533577 ], [ -99.130736791333007, 19.892690142371681 ], [ -99.146642457241427, 19.908583208479996 ], [ -99.14203964723788, 19.909525938635579 ], [ -99.141346129086202, 19.911509449507204 ], [ -99.144310088154128, 19.911579407822803 ], [ -99.143856478034223, 19.913444067604953 ], [ -99.141474197921681, 19.911714677851595 ], [ -99.136714589540659, 19.912292268210173 ], [ -99.135304879550404, 19.910831327829733 ], [ -99.131883680288681, 19.912178447747049 ], [ -99.125204372629071, 19.907210958605731 ] ] ] } },
{ "type": "Feature", "properties": { "cve_loc": "150990001", "nom_loc": "Texcoco de Mora", "consultorios_faltantes": 0.7 }, "geometry": { "type": "Polygon", "coordinates": [ [ [ -98.873438264915464, 19.522467246935665 ], [ -98.867755975475191, 19.522063326443121 ], [ -98.869748796703988, 19.513798819080982 ], [ -98.875876724768489, 19.513269420197357 ], [ -98.873438264915464, 19.522467246935665 ] ] ] } },
{ "type": "Feature", "properties": { "cve_loc": "150990007", "nom_loc": "San Luis Huexotla", "consultorios_faltantes": 0.3 }, "geometry": { "type": "Polygon", "coordinates": [ [ [ -98.882514773593229, 19.488928543132452 ], [ -98.873129405963354, 19.486763764729346 ], [ -98.874132655818229, 19.475398396241086 ], [ -98.879442773138891, 19.476269909081573 ], [ -98.879885694374835, 19.478185306489191 ], [ -98.877143974961939, 19.477163336671953 ], [ -98.877409094988764, 19.480814375308988 ], [ -98.88067017315926, 19.481247935299827 ], [ -98.880315142381008, 19.479782306916849 ], [ -98.882504353085238, 19.480769536713748 ], [ -98.884504732093291, 19.479560972191745 ], [ -98.889134141415994, 19.480553965495417 ], [ -98.885726062500524, 19.484834234928002 ], [ -98.881397753196396, 19.484206435876384 ], [ -98.882514773593229, 19.488928543132452 ] ] ] } },
{ "type": "Feature", "properties": { "cve_loc": "150990008", "nom_loc": "La Magdalena Panoaya", "consultorios_faltantes": 0.0 }, "geometry": { "type": "Polygon", "coordinates": [ [ [ -98.909715516468168, 19.532239793297801 ], [ -98.915014105486051, 19.530433813790061 ], [ -98.914542424751104, 19.539767502731131 ], [ -98.913088216152573, 19.542825551630589 ], [ -98.909715516468168, 19.532239793297801 ] ] ] } },
{ "type": "Feature", "properties": { "cve_loc": "150990012", "nom_loc": "Montecillo", "consultorios_faltantes": 0.6 }, "geometry": { "type": "Polygon", "coordinates": [ [ [ -98.901563548423482, 19.467732638212908 ], [ -98.895077799959211, 19.466222738586829 ], [ -98.900870768545701, 19.45179728171604 ], [ -98.906816303384375, 19.452666381891543 ], [ -98.907671954101332, 19.450683901375712 ], [ -98.907366935574814, 19.452915379044128 ], [ -98.915603273878006, 19.45509554204336 ], [ -98.915203085352729, 19.456238290747795 ], [ -98.91110345658835, 19.455180631973313 ], [ -98.907716116647222, 19.466102009046235 ], [ -98.904195138308921, 19.465255999172893 ], [ -98.901563548423482, 19.467732638212908 ] ] ] } },
{ "type": "Feature", "properties": { "cve_loc": "150990014", "nom_loc": "Colonia Nezahualcóyotl (Boyeros)", "consultorios_faltantes": 0.4 }, "geometry": { "type": "Polygon", "coordinates": [ [ [ -98.909111751190665, 19.501449895741544 ], [ -98.904937997889988, 19.501272360387635 ], [ -98.905295308099326, 19.498043361406612 ], [ -98.896040570334449, 19.496810270153546 ], [ -98.898303018924494, 19.488647683788741 ], [ -98.906375907202715, 19.489635563053643 ], [ -98.905884477940972, 19.493327962692145 ], [ -98.909851786932109, 19.49385540256289 ], [ -98.909111751190665, 19.501449895741544 ] ] ] } },
{ "type": "Feature", "properties": { "cve_loc": "150990020", "nom_loc": "San Bernardino", "consultorios_faltantes": 2.1 }, "geometry": { "type": "Polygon", "coordinates": [ [ [ -98.900411930578059, 19.469703913426336 ], [ -98.904959677572549, 19.468906508470344 ], [ -98.904755147571379, 19.471094577911256 ], [ -98.914642595214701, 19.472359287055045 ], [ -98.914884715654736, 19.4813733153401 ], [ -98.907791967436069, 19.479855946088932 ], [ -98.899455308914497, 19.483207774927251 ], [ -98.889449703979963, 19.480439855671623 ], [ -98.890606971056386, 19.474596706925098 ], [ -98.89431473247933, 19.468162440142951 ], [ -98.900411930578059, 19.469703913426336 ] ] ] } },
{ "type": "Feature", "properties": { "cve_loc": "150990021", "nom_loc": "San Diego", "consultorios_faltantes": 1.6 }, "geometry": { "type": "Polygon", "coordinates": [ [ [ -98.858795529430893, 19.509977138457707 ], [ -98.855269209664684, 19.501135571037281 ], [ -98.864469027563658, 19.491045192920449 ], [ -98.868339027207767, 19.491985943277982 ], [ -98.866854927141262, 19.4967546518894 ], [ -98.869778955996438, 19.497806371776079 ], [ -98.868825686136503, 19.50077093106098 ], [ -98.870026856339848, 19.501547880606289 ], [ -98.865618257747698, 19.508355999011435 ], [ -98.867693146941832, 19.510221908621507 ], [ -98.858795529430893, 19.509977138457707 ] ] ] } },
{ "type": "Feature", "properties": { "cve_loc": "150990023", "nom_loc": "San Felipe", "consultorios_faltantes": 0.3 }, "geometry": { "type": "Polygon", "coordinates": [ [ [ -98.89938248864425, 19.512270968389011 ], [ -98.894190590500543, 19.511949107924906 ], [ -98.894234359912517, 19.504623646807978 ], [ -98.903437308487611, 19.505922959091873 ], [ -98.906944876987382, 19.504822100065471 ], [ -98.904434014692484, 19.510880878310296 ], [ -98.899868389124151, 19.50954579864035 ], [ -98.89938248864425, 19.512270968389011 ] ] ] } },
{ "type": "Feature", "properties": { "cve_loc": "150990024", "nom_loc": "San Jerónimo Amanalco", "consultorios_faltantes": 0.3 }, "geometry": { "type": "Polygon", "coordinates": [ [ [ -98.761446923402048, 19.525438955368664 ], [ -98.7576610628916, 19.521231426315367 ], [ -98.753515804903145, 19.523302025721613 ], [ -98.754344113404159, 19.519051936938197 ], [ -98.759970852951639, 19.50945382839663 ], [ -98.764614491834308, 19.51275150786061 ], [ -98.761775032318837, 19.514212557992273 ], [ -98.763497382846822, 19.516912727029453 ], [ -98.766384222118106, 19.51938933624486 ], [ -98.769982711175345, 19.519171096653412 ], [ -98.767343650351791, 19.520551615604912 ], [ -98.7682233215926, 19.524087785308527 ], [ -98.763811322140995, 19.523361955007271 ], [ -98.761446923402048, 19.525438955368664 ] ] ] } },
{ "type": "Feature", "properties": { "cve_loc": "150990025", "nom_loc": "San Joaquín Coapango", "consultorios_faltantes": 0.0 }, "geometry": { "type": "Polygon", "coordinates": [ [ [ -98.821752158407349, 19.54777784003236 ], [ -98.822244568379304, 19.543859730949599 ], [ -98.818411208850677, 19.545432690860071 ], [ -98.817940789458703, 19.543409621201 ], [ -98.822041837119698, 19.540918472174418 ], [ -98.824439107481965, 19.537436472612935 ], [ -98.82807930625512, 19.537105223387485 ], [ -98.826369015527618, 19.5331991244101 ], [ -98.827320065589149, 19.532692353232488 ], [ -98.832909355331381, 19.534522954147711 ], [ -98.831402874610461, 19.537761212913445 ], [ -98.837622383275985, 19.54039261234529 ], [ -98.821752158407349, 19.54777784003236 ] ] ] } },
{ "type": "Feature", "properties": { "cve_loc": "150990029", "nom_loc": "San Miguel Coatlinchán", "consultorios_faltantes": 1.5 }, "geometry": { "type": "Polygon", "coordinates": [ [ [ -98.878955234611581, 19.457208061674578 ], [ -98.873674154461469, 19.453011972630836 ], [ -98.868907456896252, 19.451857552162373 ], [ -98.86001415817212, 19.455456091118819 ], [ -98.864637514820402, 19.450943469484059 ], [ -98.863622977887147, 19.450397914741469 ], [ -98.866943996497852, 19.442661894822699 ], [ -98.868170006630152, 19.442125614516016 ], [ -98.869721156468003, 19.447661434018038 ], [ -98.874089878242543, 19.445872074853895 ], [ -98.873806654590908, 19.450961641826847 ], [ -98.879968524233746, 19.451743112966561 ], [ -98.878955234611581, 19.457208061674578 ] ] ] } },
{ "type": "Feature", "properties": { "cve_loc": "150990034", "nom_loc": "San Simón", "consultorios_faltantes": 0.3 }, "geometry": { "type": "Polygon", "coordinates": [ [ [ -98.873130425354091, 19.542942361317508 ], [ -98.868146956364271, 19.539997981999342 ], [ -98.867538526864337, 19.541528151456362 ], [ -98.865373627157155, 19.540944411158833 ], [ -98.865777116943406, 19.538851301763756 ], [ -98.863655127640399, 19.538547642394558 ], [ -98.864857394013058, 19.533683422791942 ], [ -98.874937354724452, 19.535202353118148 ], [ -98.875913684290552, 19.541085991353018 ], [ -98.873130425354091, 19.542942361317508 ] ] ] } },
{ "type": "Feature", "properties": { "cve_loc": "150990035", "nom_loc": "Santa Catarina del Monte", "consultorios_faltantes": 0.1 }, "geometry": { "type": "Polygon", "coordinates": [ [ [ -98.786817567197772, 19.499242160654106 ], [ -98.769224090744643, 19.486177704182257 ], [ -98.772587490424669, 19.48074614646481 ], [ -98.771986150347843, 19.478964936133654 ], [ -98.778756418695735, 19.481074805423795 ], [ -98.782518057004239, 19.488288603460919 ], [ -98.785356455812646, 19.489905304126939 ], [ -98.783910847856276, 19.49357316349646 ], [ -98.786920277050186, 19.496389131252212 ], [ -98.785122316152226, 19.496909051376807 ], [ -98.786817567197772, 19.499242160654106 ] ] ] } },
{ "type": "Feature", "properties": { "cve_loc": "150990040", "nom_loc": "Santa María Nativitas", "consultorios_faltantes": 0.0 }, "geometry": { "type": "Polygon", "coordinates": [ [ [ -98.842916017557457, 19.493306321921551 ], [ -98.845245387096227, 19.49615689369805 ], [ -98.844735976911338, 19.496976727355321 ], [ -98.842882953484633, 19.495322391751994 ], [ -98.841662003581163, 19.500675100381482 ], [ -98.837816693779743, 19.497691601328096 ], [ -98.837240984067932, 19.498580280939457 ], [ -98.836649274270258, 19.496773281902094 ], [ -98.835179335325336, 19.499626591141325 ], [ -98.827705536819948, 19.494260972439967 ], [ -98.832971165294282, 19.488038764058878 ], [ -98.842916017557457, 19.493306321921551 ] ] ] } },
{ "type": "Feature", "properties": { "cve_loc": "150990041", "nom_loc": "Santa María Tecuanulco", "consultorios_faltantes": 0.3 }, "geometry": { "type": "Polygon", "coordinates": [ [ [ -98.763158202915562, 19.511993568716026 ], [ -98.758709662677845, 19.5088665392609 ], [ -98.758326293068833, 19.506819249544943 ], [ -98.754111775282922, 19.505377629513191 ], [ -98.760088369281561, 19.499830544121796 ], [ -98.759946353880082, 19.495449001882069 ], [ -98.763774553175992, 19.495955159215665 ], [ -98.765909261629758, 19.493326032031934 ], [ -98.775954449840782, 19.499825190595164 ], [ -98.770189241706291, 19.501506482380378 ], [ -98.775198248245033, 19.503052140763025 ], [ -98.773688250022829, 19.505341619554638 ], [ -98.774680089463345, 19.506427669582838 ], [ -98.770148821317747, 19.505454829881735 ], [ -98.769277482362298, 19.506668852563607 ], [ -98.771102110560918, 19.507462139702067 ], [ -98.769645479687739, 19.510685739241456 ], [ -98.771758970509396, 19.511549708099999 ], [ -98.763158202915562, 19.511993568716026 ] ] ] } },
{ "type": "Feature", "properties": { "cve_loc": "150990042", "nom_loc": "Villa Santiago Cuautlalpan", "consultorios_faltantes": 0.8 }, "geometry": { "type": "Polygon", "coordinates": [ [ [ -98.895541689701545, 19.44069754501832 ], [ -98.897118549907304, 19.435347345510912 ], [ -98.899549738743829, 19.434166036395137 ], [ -98.903677618116589, 19.434514296302662 ], [ -98.904031288173925, 19.436539865991389 ], [ -98.906066517679918, 19.437494175213747 ], [ -98.904002538138386, 19.44268888402582 ], [ -98.895541689701545, 19.44069754501832 ] ] ] } },
{ "type": "Feature", "properties": { "cve_loc": "150990043", "nom_loc": "Tequexquináhuac", "consultorios_faltantes": 0.3 }, "geometry": { "type": "Polygon", "coordinates": [ [ [ -98.817849159194537, 19.479933745786177 ], [ -98.819492167980869, 19.476568506636916 ], [ -98.816876848015568, 19.475776947710298 ], [ -98.817176559260417, 19.474819976212192 ], [ -98.820757127497899, 19.475311346719 ], [ -98.822038987524309, 19.474138936850704 ], [ -98.829656236468537, 19.475026657981488 ], [ -98.833428465714718, 19.476344377264581 ], [ -98.834947235385783, 19.478427137036284 ], [ -98.832827385895953, 19.484363235312184 ], [ -98.817849159194537, 19.479933745786177 ] ] ] } },
{ "type": "Feature", "properties": { "cve_loc": "150990044", "nom_loc": "San Miguel Tocuila", "consultorios_faltantes": 1.4 }, "geometry": { "type": "Polygon", "coordinates": [ [ [ -98.905960487225741, 19.528302935008718 ], [ -98.900990458914762, 19.525495594925527 ], [ -98.905123228032579, 19.525598695018427 ], [ -98.905231087409291, 19.512953338048725 ], [ -98.91260007548675, 19.513185188252177 ], [ -98.912036245836234, 19.52091621606969 ], [ -98.915364045062162, 19.522411895641248 ], [ -98.914790855725329, 19.52443935512936 ], [ -98.913504825261938, 19.525781875056875 ], [ -98.909811226494909, 19.525685075064075 ], [ -98.9092988765304, 19.527052724893231 ], [ -98.906198427502915, 19.526325895493525 ], [ -98.905960487225741, 19.528302935008718 ] ] ] } },
{ "type": "Feature", "properties": { "cve_loc": "150990045", "nom_loc": "Santa María Tulantongo", "consultorios_faltantes": 0.6 }, "geometry": { "type": "Polygon", "coordinates": [ [ [ -98.882190063481744, 19.541734791398046 ], [ -98.875913684290552, 19.541085991353018 ], [ -98.874937354724452, 19.535202353118148 ], [ -98.87047651591088, 19.534759755802924 ], [ -98.873686320719884, 19.5277578133975 ], [ -98.880394558409179, 19.524496566896065 ], [ -98.881722753668512, 19.525158961023983 ], [ -98.883180462686255, 19.533950353206809 ], [ -98.892762921060665, 19.53693022217087 ], [ -98.882681572827408, 19.535929872632831 ], [ -98.882190063481744, 19.541734791398046 ] ] ] } },
{ "type": "Feature", "properties": { "cve_loc": "150990047", "nom_loc": "Vicente Riva Palacio", "consultorios_faltantes": 0.2 }, "geometry": { "type": "Polygon", "coordinates": [ [ [ -98.909653136912766, 19.532098733375705 ], [ -98.904850707262625, 19.528236124732018 ], [ -98.905960487225741, 19.528302935008718 ], [ -98.906198427502915, 19.526325895493525 ], [ -98.9092988765304, 19.527052724893231 ], [ -98.909811226494909, 19.525685075064075 ], [ -98.914188515820982, 19.525578735031818 ], [ -98.915167115518656, 19.523339365559298 ], [ -98.915014105486051, 19.530433813790061 ], [ -98.909653136912766, 19.532098733375705 ] ] ] } },
{ "type": "Feature", "properties": { "cve_loc": "150990052", "nom_loc": "Lomas de Cristo", "consultorios_faltantes": 0.3 }, "geometry": { "type": "Polygon", "coordinates": [ [ [ -98.883288453149163, 19.471178948016671 ], [ -98.878059174077649, 19.470967138048941 ], [ -98.875912865136286, 19.461891769511176 ], [ -98.885408772976916, 19.463909549315776 ], [ -98.883288453149163, 19.471178948016671 ] ] ] } },
{ "type": "Feature", "properties": { "cve_loc": "150990063", "nom_loc": "Fraccionamiento el Tejocote", "consultorios_faltantes": 0.3 }, "geometry": { "type": "Polygon", "coordinates": [ [ [ -98.903273747833907, 19.444411884022315 ], [ -98.908338567452432, 19.434733325839687 ], [ -98.913797415845522, 19.434979556751578 ], [ -98.913242785789038, 19.438615634833891 ], [ -98.91931665446009, 19.439225184997852 ], [ -98.91892261453124, 19.440931374321721 ], [ -98.91428061529075, 19.442150684375264 ], [ -98.913738185679748, 19.44506441353202 ], [ -98.903273747833907, 19.444411884022315 ] ] ] } },
{ "type": "Feature", "properties": { "cve_loc": "150990109", "nom_loc": "Santa Martha", "consultorios_faltantes": 1.0 }, "geometry": { "type": "Polygon", "coordinates": [ [ [ -98.92086504114414, 19.431485907954546 ], [ -98.914663124320057, 19.431270386654386 ], [ -98.914576215155691, 19.429826297302768 ], [ -98.911354146514611, 19.429801928330615 ], [ -98.914335395567704, 19.42520348788074 ], [ -98.923181133036209, 19.427584059185833 ], [ -98.920620951300478, 19.427218290608842 ], [ -98.92086504114414, 19.431485907954546 ] ] ] } },
{ "type": "Feature", "properties": { "cve_loc": "150990171", "nom_loc": "Colonia Leyes de Reforma", "consultorios_faltantes": 0.1 }, "geometry": { "type": "Polygon", "coordinates": [ [ [ -98.880382803473807, 19.47622031623877 ], [ -98.878059174077649, 19.470967138048941 ], [ -98.882196343218823, 19.471096998000917 ], [ -98.880382803473807, 19.47622031623877 ] ] ] } },
{ "type": "Feature", "properties": { "cve_loc": "150990172", "nom_loc": "Colonia Wenceslao Victoria", "consultorios_faltantes": 0.5 }, "geometry": { "type": "Polygon", "coordinates": [ [ [ -98.909855415446799, 19.458353581574212 ], [ -98.915597424568347, 19.459928490043495 ], [ -98.915289615050398, 19.460991680111988 ], [ -98.91956251433686, 19.462180030374409 ], [ -98.919136934035521, 19.463563680579206 ], [ -98.909564076643846, 19.460779510357568 ], [ -98.909855415446799, 19.458353581574212 ] ] ] } },
{ "type": "Feature", "properties": { "cve_loc": "151000001", "nom_loc": "Tezoyuca", "consultorios_faltantes": 0.6 }, "geometry": { "type": "Polygon", "coordinates": [ [ [ -98.917224704111362, 19.60803802676806 ], [ -98.913666674046283, 19.606513567118633 ], [ -98.915839483684337, 19.601370197598278 ], [ -98.911334338238404, 19.600680904447707 ], [ -98.91071618599284, 19.6029837178977 ], [ -98.907376145585005, 19.600574208077113 ], [ -98.906768477102545, 19.602629518113062 ], [ -98.903745947879727, 19.602122918699735 ], [ -98.905307815959546, 19.594879280299743 ], [ -98.907359385790343, 19.596186430060076 ], [ -98.908359716227309, 19.593990410150347 ], [ -98.914655783944312, 19.594232000680812 ], [ -98.916790014881599, 19.599172578298905 ], [ -98.918484963758956, 19.599310608737273 ], [ -98.917224704111362, 19.60803802676806 ] ] ] } },
{ "type": "Feature", "properties": { "cve_loc": "151000007", "nom_loc": "Ejido de Tequisistlán Primero", "consultorios_faltantes": 0.1 }, "geometry": { "type": "Polygon", "coordinates": [ [ [ -98.964189992729814, 19.609080299658551 ], [ -98.963279833140533, 19.602689627669346 ], [ -98.972065131277063, 19.603959537797817 ], [ -98.969504231489907, 19.608695686146586 ], [ -98.964189992729814, 19.609080299658551 ] ] ] } },
{ "type": "Feature", "properties": { "cve_loc": "151010003", "nom_loc": "Villa de San Nicolás Coatepec de las Bateas", "consultorios_faltantes": 0.5 }, "geometry": { "type": "Polygon", "coordinates": [ [ [ -99.430916889186477, 19.14365338946299 ], [ -99.429872097049468, 19.14037733414348 ], [ -99.426616790661768, 19.140146483726852 ], [ -99.426312820485862, 19.138853854785939 ], [ -99.42702660191371, 19.135103275380956 ], [ -99.428792530032808, 19.133683475539026 ], [ -99.427776557505069, 19.13104247597709 ], [ -99.430163529848826, 19.129638186830466 ], [ -99.432492888714748, 19.132171255485453 ], [ -99.431830238854218, 19.134459675179581 ], [ -99.437485257565001, 19.137105854872452 ], [ -99.433546988758494, 19.138125274786223 ], [ -99.430631819361679, 19.141183784011197 ], [ -99.430916889186477, 19.14365338946299 ] ] ] } },
{ "type": "Feature", "properties": { "cve_loc": "151010014", "nom_loc": "San Pedro Tlaltizapan", "consultorios_faltantes": 1.2 }, "geometry": { "type": "Polygon", "coordinates": [ [ [ -99.501485972417171, 19.202728839801207 ], [ -99.495180853621179, 19.200634230714403 ], [ -99.496093903176316, 19.198650940824038 ], [ -99.494694073815907, 19.198181230734804 ], [ -99.494386743654815, 19.195527571288217 ], [ -99.49070799894622, 19.195083121992177 ], [ -99.492603104727081, 19.191293472429141 ], [ -99.504349911047882, 19.195050571255585 ], [ -99.501485972417171, 19.202728839801207 ] ] ] } },
{ "type": "Feature", "properties": { "cve_loc": "151010015", "nom_loc": "Santiago Tilapa", "consultorios_faltantes": 0.3 }, "geometry": { "type": "Polygon", "coordinates": [ [ [ -99.426487559109006, 19.201055601213692 ], [ -99.425603580291849, 19.192439292095749 ], [ -99.421774691803193, 19.190439402774334 ], [ -99.422306561905188, 19.186374773268824 ], [ -99.434259688336141, 19.187015893254127 ], [ -99.43004914980709, 19.190877742501574 ], [ -99.426487559109006, 19.201055601213692 ] ] ] } },
{ "type": "Feature", "properties": { "cve_loc": "151030001", "nom_loc": "Tlalmanalco de Velázquez", "consultorios_faltantes": 0.6 }, "geometry": { "type": "Polygon", "coordinates": [ [ [ -98.802128133860435, 19.210143007759051 ], [ -98.801257733594667, 19.195692380512767 ], [ -98.804374323738685, 19.199109339928533 ], [ -98.803910358040199, 19.2029786078926 ], [ -98.813868057596508, 19.204217035789423 ], [ -98.812012329333271, 19.205399184725302 ], [ -98.817536669720226, 19.211061257258276 ], [ -98.811031731391836, 19.210377237277729 ], [ -98.809081732121754, 19.212353687283297 ], [ -98.811186391646544, 19.216658406081418 ], [ -98.802128133860435, 19.210143007759051 ] ] ] } },
{ "type": "Feature", "properties": { "cve_loc": "151030005", "nom_loc": "San Rafael", "consultorios_faltantes": 0.0 }, "geometry": { "type": "Polygon", "coordinates": [ [ [ -98.75243085694018, 19.216259747308957 ], [ -98.74888632129894, 19.216480441700654 ], [ -98.744791321219182, 19.21402054426353 ], [ -98.742536794823494, 19.215369638654607 ], [ -98.74494254361413, 19.213142985740511 ], [ -98.74893309364758, 19.215469181686004 ], [ -98.756714927014727, 19.209247501924139 ], [ -98.753643503178253, 19.214486576109149 ], [ -98.754941688617109, 19.215613177357355 ], [ -98.756333141257642, 19.213619974608644 ], [ -98.755764782649933, 19.217192082908017 ], [ -98.754132169810589, 19.217994391895797 ], [ -98.75243085694018, 19.216259747308957 ] ] ] } },
{ "type": "Feature", "properties": { "cve_loc": "151040105", "nom_loc": "Puerto Escondido (Tepeolulco Puerto Escondido)", "consultorios_faltantes": 3.1 }, "geometry": { "type": "Polygon", "coordinates": [ [ [ -99.097132090354961, 19.558291548032468 ], [ -99.09408961152171, 19.556152988784163 ], [ -99.092698741236902, 19.552387789094062 ], [ -99.091160411943392, 19.552165319028401 ], [ -99.092131861188278, 19.54815733057373 ], [ -99.101352838240032, 19.548249471253516 ], [ -99.102178409357649, 19.556752328414923 ], [ -99.099561135468676, 19.55595147334504 ], [ -99.097132090354961, 19.558291548032468 ] ] ] } },
{ "type": "Feature", "properties": { "cve_loc": "151060043", "nom_loc": "Cacalomacán", "consultorios_faltantes": 0.4 }, "geometry": { "type": "Polygon", "coordinates": [ [ [ -99.71277698237914, 19.25347487578496 ], [ -99.711546460642154, 19.254159078670462 ], [ -99.711896990720675, 19.256170428347854 ], [ -99.703826882413153, 19.256744588204892 ], [ -99.703987342678062, 19.247625830216389 ], [ -99.71277698237914, 19.25347487578496 ] ] ] } },
{ "type": "Feature", "properties": { "cve_loc": "151060044", "nom_loc": "Calixtlahuaca", "consultorios_faltantes": 0.3 }, "geometry": { "type": "Polygon", "coordinates": [ [ [ -99.686580557240958, 19.335104170115216 ], [ -99.685867487218701, 19.331537690926091 ], [ -99.688002466916288, 19.332712660691929 ], [ -99.690987755908679, 19.33164452071086 ], [ -99.694410634737963, 19.332378720212184 ], [ -99.692585575501255, 19.335442490106001 ], [ -99.693920625205109, 19.335313780082487 ], [ -99.694768255039634, 19.337870139005208 ], [ -99.686580557240958, 19.335104170115216 ] ] ] } },
{ "type": "Feature", "properties": { "cve_loc": "151060046", "nom_loc": "Capultitlán", "consultorios_faltantes": 0.6 }, "geometry": { "type": "Polygon", "coordinates": [ [ [ -99.665149522040537, 19.245533329873517 ], [ -99.670423350966075, 19.245853930462715 ], [ -99.667559931745572, 19.256567077677971 ], [ -99.663130132945611, 19.256402537483343 ], [ -99.665149522040537, 19.245533329873517 ] ] ] } },
{ "type": "Feature", "properties": { "cve_loc": "151060049", "nom_loc": "Arroyo Vista Hermosa", "consultorios_faltantes": 0.7 }, "geometry": { "type": "Polygon", "coordinates": [ [ [ -99.535200444115262, 19.344194637409402 ], [ -99.531431664309196, 19.332441109984071 ], [ -99.549323550289927, 19.325184432288211 ], [ -99.554083869817347, 19.336456719103712 ], [ -99.535200444115262, 19.344194637409402 ] ] ] } },
{ "type": "Feature", "properties": { "cve_loc": "151060050", "nom_loc": "El Cerrillo Vista Hermosa", "consultorios_faltantes": 1.7 }, "geometry": { "type": "Polygon", "coordinates": [ [ [ -99.534127394423749, 19.325346952316043 ], [ -99.536343673494571, 19.323845892262781 ], [ -99.535095833902957, 19.319604292994185 ], [ -99.537045593688021, 19.319340013610013 ], [ -99.537744628237959, 19.321631423559417 ], [ -99.541379642593554, 19.320618773345196 ], [ -99.539416452135953, 19.317520230025927 ], [ -99.54529340853891, 19.31666627451213 ], [ -99.549323550289927, 19.325184432288211 ], [ -99.536451093832468, 19.330398661315726 ], [ -99.534127394423749, 19.325346952316043 ] ] ] } },
{ "type": "Feature", "properties": { "cve_loc": "151060051", "nom_loc": "La Constitución Toltepec", "consultorios_faltantes": 0.2 }, "geometry": { "type": "Polygon", "coordinates": [ [ [ -99.549781229756945, 19.371045941714488 ], [ -99.541559231914746, 19.357875964263354 ], [ -99.55851111914312, 19.350898605885739 ], [ -99.561860116748221, 19.362545763666954 ], [ -99.556559328504875, 19.364095252811065 ], [ -99.549781229756945, 19.371045941714488 ] ] ] } },
{ "type": "Feature", "properties": { "cve_loc": "151060055", "nom_loc": "Jicaltepec Cuexcontitlán", "consultorios_faltantes": 0.9 }, "geometry": { "type": "Polygon", "coordinates": [ [ [ -99.62040042394753, 19.379455916245398 ], [ -99.624357285181631, 19.364371513412561 ], [ -99.634658469795468, 19.364101593806936 ], [ -99.633753849988508, 19.367534972542334 ], [ -99.631336650587983, 19.369029222118673 ], [ -99.632799619900609, 19.37026986164641 ], [ -99.62955896060673, 19.373787231144473 ], [ -99.62746882770989, 19.380711244305854 ], [ -99.62040042394753, 19.379455916245398 ] ] ] } },
{ "type": "Feature", "properties": { "cve_loc": "151060062", "nom_loc": "San Andrés Cuexcontitlán", "consultorios_faltantes": 0.9 }, "geometry": { "type": "Polygon", "coordinates": [ [ [ -99.624357285181631, 19.364371513412561 ], [ -99.625240742202422, 19.355729305032131 ], [ -99.637278768643725, 19.356876864865107 ], [ -99.637583009149623, 19.364064223686569 ], [ -99.624357285181631, 19.364371513412561 ] ] ] } },
{ "type": "Feature", "properties": { "cve_loc": "151060063", "nom_loc": "San Antonio Buenavista", "consultorios_faltantes": 1.0 }, "geometry": { "type": "Polygon", "coordinates": [ [ [ -99.708500261235429, 19.257546387179126 ], [ -99.719364289113869, 19.259067127551425 ], [ -99.719301138763001, 19.2620602863649 ], [ -99.71530782982623, 19.267502305515961 ], [ -99.704811312292435, 19.266244655874591 ], [ -99.705253112499136, 19.260304996858963 ], [ -99.708500261235429, 19.257546387179126 ] ] ] } },
{ "type": "Feature", "properties": { "cve_loc": "151060064", "nom_loc": "San Buenaventura", "consultorios_faltantes": 0.7 }, "geometry": { "type": "Polygon", "coordinates": [ [ [ -99.692810544960523, 19.272752523768293 ], [ -99.69480103531474, 19.264632455629314 ], [ -99.699502493604285, 19.260553167144685 ], [ -99.70512961738261, 19.260857612649954 ], [ -99.704843832672765, 19.266214685643046 ], [ -99.692810544960523, 19.272752523768293 ] ] ] } },
{ "type": "Feature", "properties": { "cve_loc": "151060066", "nom_loc": "San Cristóbal Huichochitlán", "consultorios_faltantes": 0.7 }, "geometry": { "type": "Polygon", "coordinates": [ [ [ -99.640075278111638, 19.344198167813925 ], [ -99.632596500171516, 19.340965178723341 ], [ -99.634847079680696, 19.335705059821596 ], [ -99.637643168889184, 19.335834169740988 ], [ -99.637688648682101, 19.33444821014983 ], [ -99.64597232695003, 19.336483069830493 ], [ -99.645834447039505, 19.337808509677345 ], [ -99.641941647442891, 19.337514999558742 ], [ -99.642910931425973, 19.341633923371596 ], [ -99.640089467966334, 19.341452748203867 ], [ -99.640075278111638, 19.344198167813925 ] ] ] } },
{ "type": "Feature", "properties": { "cve_loc": "151060068", "nom_loc": "San Diego de los Padres Cuexcontitlán", "consultorios_faltantes": 0.4 }, "geometry": { "type": "Polygon", "coordinates": [ [ [ -99.605418580776231, 19.381050519003391 ], [ -99.607752285808573, 19.376015280413668 ], [ -99.605635516776402, 19.375120860908314 ], [ -99.607166136493404, 19.372240931258297 ], [ -99.600823057876624, 19.370553261463751 ], [ -99.595369578997719, 19.366633762889567 ], [ -99.598629613357076, 19.360392376372818 ], [ -99.601122211640075, 19.361682061399307 ], [ -99.607390136105366, 19.357583404774214 ], [ -99.605277737044588, 19.363687333203476 ], [ -99.612163774639725, 19.366368592673197 ], [ -99.609816055746393, 19.376301600190349 ], [ -99.606769016220454, 19.381217679207701 ], [ -99.605418580776231, 19.381050519003391 ] ] ] } },
{ "type": "Feature", "properties": { "cve_loc": "151060070", "nom_loc": "San Felipe Tlalmimilolpan", "consultorios_faltantes": 0.7 }, "geometry": { "type": "Polygon", "coordinates": [ [ [ -99.63864708999526, 19.244646162259702 ], [ -99.636722758886137, 19.240038081651882 ], [ -99.634699419425644, 19.240695141745828 ], [ -99.635003569712211, 19.238216362115075 ], [ -99.645162647106559, 19.236360452606185 ], [ -99.646110676558038, 19.241608201350672 ], [ -99.641959327974178, 19.241464690995784 ], [ -99.64148487811616, 19.245373399918947 ], [ -99.639984068383484, 19.245924370285774 ], [ -99.640277698566877, 19.243838990263281 ], [ -99.63864708999526, 19.244646162259702 ] ] ] } },
{ "type": "Feature", "properties": { "cve_loc": "151060071", "nom_loc": "San Francisco Totoltepec", "consultorios_faltantes": 0.1 }, "geometry": { "type": "Polygon", "coordinates": [ [ [ -99.555956979084243, 19.329790800935218 ], [ -99.551959129505931, 19.331440170469065 ], [ -99.547230391058221, 19.320289293619435 ], [ -99.556201728535598, 19.318740753694474 ], [ -99.567798035553096, 19.313907674846593 ], [ -99.571709235245294, 19.319794773709653 ], [ -99.571194894606478, 19.325413382050726 ], [ -99.568776915916899, 19.325761711630665 ], [ -99.56843538532965, 19.330029941071412 ], [ -99.578757153324787, 19.338514379517232 ], [ -99.573260884467956, 19.346309367695522 ], [ -99.576249233928237, 19.353095656091263 ], [ -99.575423924052757, 19.354434865658192 ], [ -99.576739663448521, 19.357362304805843 ], [ -99.574946254022919, 19.360097144051633 ], [ -99.572816984369041, 19.35892282482234 ], [ -99.573449604604349, 19.357747774775614 ], [ -99.56989321958801, 19.351306226346765 ], [ -99.56921149213747, 19.352224642759531 ], [ -99.563615717234299, 19.339970908838119 ], [ -99.561042497505454, 19.340972198708311 ], [ -99.555956979084243, 19.329790800935218 ] ] ] } },
{ "type": "Feature", "properties": { "cve_loc": "151060072", "nom_loc": "San José Guadalupe Otzacatipan", "consultorios_faltantes": 1.8 }, "geometry": { "type": "Polygon", "coordinates": [ [ [ -99.600959907551058, 19.35454619506708 ], [ -99.591497720056267, 19.348586716903263 ], [ -99.587373648317097, 19.35193205865512 ], [ -99.584085561458252, 19.349795206037737 ], [ -99.587468781046596, 19.345416567387904 ], [ -99.583939481935289, 19.342643058255053 ], [ -99.594670199302612, 19.335949229254037 ], [ -99.601386277654825, 19.340601259045677 ], [ -99.596802578585596, 19.344304167604303 ], [ -99.604685226813174, 19.351103346143876 ], [ -99.600959907551058, 19.35454619506708 ] ] ] } },
{ "type": "Feature", "properties": { "cve_loc": "151060073", "nom_loc": "San Juan Tilapa", "consultorios_faltantes": 0.9 }, "geometry": { "type": "Polygon", "coordinates": [ [ [ -99.664960432012165, 19.224009425120808 ], [ -99.65946313324676, 19.222757865842262 ], [ -99.659128138297945, 19.219501751762685 ], [ -99.657010614317585, 19.218242196763747 ], [ -99.663192292517905, 19.216464136557693 ], [ -99.665811630188628, 19.221145241949319 ], [ -99.664960432012165, 19.224009425120808 ] ] ] } },
{ "type": "Feature", "properties": { "cve_loc": "151060075", "nom_loc": "San Lorenzo Tepaltitlán", "consultorios_faltantes": 0.3 }, "geometry": { "type": "Polygon", "coordinates": [ [ [ -99.622670472487286, 19.322577542847586 ], [ -99.623104052583059, 19.314352754623727 ], [ -99.633336840196094, 19.314773664608669 ], [ -99.623783142375515, 19.32254694249043 ], [ -99.622670472487286, 19.322577542847586 ] ] ] } },
{ "type": "Feature", "properties": { "cve_loc": "151060077", "nom_loc": "San Marcos Yachihuacaltepec", "consultorios_faltantes": 0.1 }, "geometry": { "type": "Polygon", "coordinates": [ [ [ -99.677410059271907, 19.327083722221307 ], [ -99.671442210323548, 19.322606493165555 ], [ -99.682905872987703, 19.322063732311854 ], [ -99.684901406142416, 19.323356237053542 ], [ -99.683216144920877, 19.32703163277403 ], [ -99.677410059271907, 19.327083722221307 ] ] ] } },
{ "type": "Feature", "properties": { "cve_loc": "151060079", "nom_loc": "San Mateo Otzacatipan", "consultorios_faltantes": 1.6 }, "geometry": { "type": "Polygon", "coordinates": [ [ [ -99.603286677023519, 19.339063108612869 ], [ -99.603049117248375, 19.322498582427922 ], [ -99.609358275668313, 19.3225696329452 ], [ -99.611376254918341, 19.320797832976336 ], [ -99.623783142375515, 19.32254694249043 ], [ -99.603286677023519, 19.339063108612869 ] ] ] } },
{ "type": "Feature", "properties": { "cve_loc": "151060080", "nom_loc": "San Mateo Oxtotitlán", "consultorios_faltantes": 0.0 }, "geometry": { "type": "Polygon", "coordinates": [ [ [ -99.695189344477129, 19.30592138621957 ], [ -99.683632797443508, 19.306734046406167 ], [ -99.686496956512357, 19.302203717641014 ], [ -99.694727035021714, 19.301885607479267 ], [ -99.695189344477129, 19.30592138621957 ] ] ] } },
{ "type": "Feature", "properties": { "cve_loc": "151060082", "nom_loc": "San Nicolás Tolentino", "consultorios_faltantes": 1.9 }, "geometry": { "type": "Polygon", "coordinates": [ [ [ -99.569127715552398, 19.366513742582868 ], [ -99.561774897209986, 19.362201164065908 ], [ -99.56989321958801, 19.351306226346765 ], [ -99.573449604604349, 19.357747774775614 ], [ -99.572816984369041, 19.35892282482234 ], [ -99.574946254022919, 19.360097144051633 ], [ -99.57644679669643, 19.358449711486855 ], [ -99.576249233928237, 19.353095656091263 ], [ -99.573260884467956, 19.346309367695522 ], [ -99.578757153324787, 19.338514379517232 ], [ -99.587468781046596, 19.345416567387904 ], [ -99.584085561458252, 19.349795206037737 ], [ -99.587373648317097, 19.35193205865512 ], [ -99.569127715552398, 19.366513742582868 ] ] ] } },
{ "type": "Feature", "properties": { "cve_loc": "151060083", "nom_loc": "San Pablo Autopan", "consultorios_faltantes": 1.7 }, "geometry": { "type": "Polygon", "coordinates": [ [ [ -99.668876560878445, 19.367236102671296 ], [ -99.655912474601976, 19.368382342497526 ], [ -99.656204583890869, 19.363555003854405 ], [ -99.656711864041952, 19.364617263069906 ], [ -99.661999382904156, 19.36472765319024 ], [ -99.661378812663912, 19.356600665476321 ], [ -99.671065300747429, 19.356521035353701 ], [ -99.671159871012009, 19.359137534225965 ], [ -99.681797051506209, 19.360534056853695 ], [ -99.681381695252213, 19.363628984180625 ], [ -99.675439345675642, 19.363302074339312 ], [ -99.674809796841046, 19.369132415117104 ], [ -99.668876560878445, 19.367236102671296 ] ] ] } },
{ "type": "Feature", "properties": { "cve_loc": "151060084", "nom_loc": "San Pedro Totoltepec", "consultorios_faltantes": 0.7 }, "geometry": { "type": "Polygon", "coordinates": [ [ [ -99.572571664582199, 19.312511295108003 ], [ -99.572367694654545, 19.307390206541612 ], [ -99.570686033678371, 19.305692517305385 ], [ -99.573084833858914, 19.304167776572974 ], [ -99.572299404876091, 19.300787078159178 ], [ -99.574940824116965, 19.301115527695703 ], [ -99.574830055899653, 19.304665161839431 ], [ -99.577316712866761, 19.305302746356226 ], [ -99.58100991133368, 19.309424095910561 ], [ -99.583808720613519, 19.309495876846647 ], [ -99.582752540795099, 19.312445605368065 ], [ -99.572571664582199, 19.312511295108003 ] ] ] } },
{ "type": "Feature", "properties": { "cve_loc": "151060086", "nom_loc": "Santa Ana Tlapaltitlán", "consultorios_faltantes": 0.5 }, "geometry": { "type": "Polygon", "coordinates": [ [ [ -99.6246583120747, 19.287619480758288 ], [ -99.62455028188954, 19.280551192486257 ], [ -99.631503300630456, 19.28103072241759 ], [ -99.631529790693349, 19.28530655142308 ], [ -99.627591071160595, 19.287676920259329 ], [ -99.6246583120747, 19.287619480758288 ] ] ] } },
{ "type": "Feature", "properties": { "cve_loc": "151060088", "nom_loc": "Santa Cruz Otzacatipan", "consultorios_faltantes": 0.3 }, "geometry": { "type": "Polygon", "coordinates": [ [ [ -99.604333077047116, 19.350853766372879 ], [ -99.596802578585596, 19.344304167604303 ], [ -99.608751285694936, 19.334677000098964 ], [ -99.613845274650217, 19.337574139592036 ], [ -99.604333077047116, 19.350853766372879 ] ] ] } },
{ "type": "Feature", "properties": { "cve_loc": "151060090", "nom_loc": "Santa María Totoltepec", "consultorios_faltantes": 0.5 }, "geometry": { "type": "Polygon", "coordinates": [ [ [ -99.585924801800601, 19.309052895596345 ], [ -99.586324541319101, 19.303188847134383 ], [ -99.593856469518542, 19.302532001910059 ], [ -99.59228524975687, 19.308136605912317 ], [ -99.585924801800601, 19.309052895596345 ] ] ] } },
{ "type": "Feature", "properties": { "cve_loc": "151060092", "nom_loc": "Santiago Miltepec", "consultorios_faltantes": 0.6 }, "geometry": { "type": "Polygon", "coordinates": [ [ [ -99.651577105784483, 19.31763238437733 ], [ -99.647108036541368, 19.311490045579792 ], [ -99.649306986239822, 19.308551845702343 ], [ -99.648706816139679, 19.306276726139131 ], [ -99.657875882999761, 19.30667313541084 ], [ -99.652092308642892, 19.310813327810408 ], [ -99.651730335688811, 19.315802775231969 ], [ -99.652826214429282, 19.316163097156625 ], [ -99.651577105784483, 19.31763238437733 ] ] ] } },
{ "type": "Feature", "properties": { "cve_loc": "151060097", "nom_loc": "Santiago Tlacotepec", "consultorios_faltantes": 1.4 }, "geometry": { "type": "Polygon", "coordinates": [ [ [ -99.669741500653856, 19.233703023389662 ], [ -99.670728610367092, 19.225661994410075 ], [ -99.673034999784448, 19.225721605092488 ], [ -99.673372286560905, 19.223264649155066 ], [ -99.676867724528989, 19.224723737316708 ], [ -99.677584464380757, 19.228185031454334 ], [ -99.68176752624322, 19.227456147331345 ], [ -99.679312208565108, 19.23358257341518 ], [ -99.669741500653856, 19.233703023389662 ] ] ] } },
{ "type": "Feature", "properties": { "cve_loc": "151060098", "nom_loc": "Tlachaloya", "consultorios_faltantes": 0.5 }, "geometry": { "type": "Polygon", "coordinates": [ [ [ -99.664523472230215, 19.445059615195976 ], [ -99.665971061705022, 19.45040895341495 ], [ -99.664416641878105, 19.4533306127326 ], [ -99.660031303509783, 19.449750694320091 ], [ -99.658342933706734, 19.443119845163388 ], [ -99.664523472230215, 19.445059615195976 ] ] ] } },
{ "type": "Feature", "properties": { "cve_loc": "151060099", "nom_loc": "Tlachaloya Segunda Sección", "consultorios_faltantes": 1.4 }, "geometry": { "type": "Polygon", "coordinates": [ [ [ -99.653130243414367, 19.476461278740164 ], [ -99.641947847544429, 19.474267738655357 ], [ -99.643885277249069, 19.457944082408297 ], [ -99.649035475707706, 19.459070980400732 ], [ -99.649730615892565, 19.45750304200585 ], [ -99.654348184217866, 19.459466081710964 ], [ -99.654954904348614, 19.457280042026088 ], [ -99.658490693488545, 19.456617312662924 ], [ -99.664385125466069, 19.461545449307653 ], [ -99.662961494522463, 19.467578551720631 ], [ -99.66476821900703, 19.466979740714667 ], [ -99.666041229711325, 19.463987570180294 ], [ -99.664850602239497, 19.463741010770082 ], [ -99.666553361187027, 19.463493400825485 ], [ -99.666743260276149, 19.467340169689699 ], [ -99.668800860537687, 19.467554519639808 ], [ -99.668390229328679, 19.471189954226158 ], [ -99.666323667294435, 19.473042363967462 ], [ -99.663296909564451, 19.469877086466131 ], [ -99.661760252997425, 19.475746741082627 ], [ -99.654267704292408, 19.474217495566144 ], [ -99.653130243414367, 19.476461278740164 ] ] ] } },
{ "type": "Feature", "properties": { "cve_loc": "151060112", "nom_loc": "San Miguel Totoltepec", "consultorios_faltantes": 1.8 }, "geometry": { "type": "Polygon", "coordinates": [ [ [ -99.578757153324787, 19.338514379517232 ], [ -99.584660661693434, 19.33740816945258 ], [ -99.582141712621564, 19.331081340494919 ], [ -99.576847204029121, 19.328741521545812 ], [ -99.569900744967242, 19.332229370195794 ], [ -99.568300945307641, 19.329627830679076 ], [ -99.568776915916899, 19.325761711630665 ], [ -99.571194894606478, 19.325413382050726 ], [ -99.571709235245294, 19.319794773709653 ], [ -99.585921201595937, 19.319688433563851 ], [ -99.585911951805272, 19.321617723075907 ], [ -99.587603515930056, 19.321491252552569 ], [ -99.586151010564848, 19.341247993289894 ], [ -99.583939481935289, 19.342643058255053 ], [ -99.578757153324787, 19.338514379517232 ] ] ] } },
{ "type": "Feature", "properties": { "cve_loc": "151060127", "nom_loc": "Jicaltepec Autopan", "consultorios_faltantes": 1.1 }, "geometry": { "type": "Polygon", "coordinates": [ [ [ -99.62746882770989, 19.380711244305854 ], [ -99.62955896060673, 19.373787231144473 ], [ -99.632799619900609, 19.37026986164641 ], [ -99.631336650587983, 19.369029222118673 ], [ -99.633939420017015, 19.366774193017903 ], [ -99.637528868825413, 19.367950052455505 ], [ -99.638538328527787, 19.364000912973037 ], [ -99.645068617071203, 19.363684633139677 ], [ -99.65518036362613, 19.379042534329223 ], [ -99.643741722115351, 19.376692232534094 ], [ -99.634018410020218, 19.382306859430898 ], [ -99.62746882770989, 19.380711244305854 ] ] ] } },
{ "type": "Feature", "properties": { "cve_loc": "151060131", "nom_loc": "Hacienda Santín (Rancho Santín)", "consultorios_faltantes": 0.0 }, "geometry": { "type": "Polygon", "coordinates": [ [ [ -99.581475277053102, 19.362519279654919 ], [ -99.58430872043445, 19.357475908671365 ], [ -99.588203991902304, 19.359209160933734 ], [ -99.589112284710239, 19.357639662256833 ], [ -99.591135350071809, 19.359330264013298 ], [ -99.590512399882485, 19.361528203789906 ], [ -99.588939490540241, 19.362750203221015 ], [ -99.586923060844171, 19.36159288408782 ], [ -99.584963959303508, 19.364494702397039 ], [ -99.581475277053102, 19.362519279654919 ] ] ] } },
{ "type": "Feature", "properties": { "cve_loc": "151060188", "nom_loc": "Ejido de la Y Sección Siete A Revolución", "consultorios_faltantes": 0.5 }, "geometry": { "type": "Polygon", "coordinates": [ [ [ -99.604420691203856, 19.387357131825052 ], [ -99.597497904592913, 19.385671848128421 ], [ -99.596828672904365, 19.387217252270577 ], [ -99.591172806087258, 19.385217091710157 ], [ -99.586345951728262, 19.39035466727022 ], [ -99.584163930128639, 19.39049569831187 ], [ -99.591225125124268, 19.379731117190769 ], [ -99.599351617646192, 19.382596369558208 ], [ -99.606347746151528, 19.380962169132623 ], [ -99.615333775285649, 19.386216906883398 ], [ -99.606369951104995, 19.392383857638237 ], [ -99.602267236200817, 19.391059702529734 ], [ -99.604420691203856, 19.387357131825052 ] ] ] } },
{ "type": "Feature", "properties": { "cve_loc": "151060211", "nom_loc": "Galaxias Toluca", "consultorios_faltantes": 0.1 }, "geometry": { "type": "Polygon", "coordinates": [ [ [ -99.658777892684071, 19.403648034417632 ], [ -99.644200417166175, 19.401545361005653 ], [ -99.645791636592023, 19.395812756604933 ], [ -99.658715431454354, 19.40298178477774 ], [ -99.658777892684071, 19.403648034417632 ] ] ] } },
{ "type": "Feature", "properties": { "cve_loc": "151060220", "nom_loc": "Fraccionamiento Real de San Pablo", "consultorios_faltantes": 0.4 }, "geometry": { "type": "Polygon", "coordinates": [ [ [ -99.643867187241113, 19.393133416797305 ], [ -99.643325898305747, 19.388792595385461 ], [ -99.649610215967996, 19.386071787973844 ], [ -99.65016301576091, 19.391554596975233 ], [ -99.643867187241113, 19.393133416797305 ] ] ] } },
{ "type": "Feature", "properties": { "cve_loc": "151060221", "nom_loc": "Fraccionamiento San Diego", "consultorios_faltantes": 0.3 }, "geometry": { "type": "Polygon", "coordinates": [ [ [ -99.64181048688512, 19.378616083331099 ], [ -99.64141440038108, 19.381437414509762 ], [ -99.640044640523072, 19.381713999443861 ], [ -99.642320337638154, 19.385691211346256 ], [ -99.634097099913191, 19.382599939617197 ], [ -99.637931278358181, 19.380828759256886 ], [ -99.640264206958605, 19.377810109100654 ], [ -99.64181048688512, 19.378616083331099 ] ] ] } },
{ "type": "Feature", "properties": { "cve_loc": "151060228", "nom_loc": "Paseos San Martín [Conjunto Urbano]", "consultorios_faltantes": 0.5 }, "geometry": { "type": "Polygon", "coordinates": [ [ [ -99.710649141078449, 19.348641516714668 ], [ -99.716512449593623, 19.350120107030907 ], [ -99.714677949587212, 19.353426805822636 ], [ -99.705347452305745, 19.344541737441261 ], [ -99.707376951294492, 19.343540688300948 ], [ -99.711430891050554, 19.344823798187136 ], [ -99.710649141078449, 19.348641516714668 ] ] ] } },
{ "type": "Feature", "properties": { "cve_loc": "151060233", "nom_loc": "Crespa Floresta", "consultorios_faltantes": 0.1 }, "geometry": { "type": "Polygon", "coordinates": [ [ [ -99.59228524975687, 19.308136605912317 ], [ -99.593856469518542, 19.302532001910059 ], [ -99.599968978188073, 19.303193342034621 ], [ -99.605384231638226, 19.301047732637127 ], [ -99.60475556643415, 19.305924926678756 ], [ -99.59228524975687, 19.308136605912317 ] ] ] } },
{ "type": "Feature", "properties": { "cve_loc": "151060235", "nom_loc": "Sauces", "consultorios_faltantes": 1.3 }, "geometry": { "type": "Polygon", "coordinates": [ [ [ -99.594895109091567, 19.359413463921857 ], [ -99.591774470490549, 19.357536611338013 ], [ -99.596144569229025, 19.351616975901806 ], [ -99.600959907551058, 19.35454619506708 ], [ -99.594895109091567, 19.359413463921857 ] ] ] } },
{ "type": "Feature", "properties": { "cve_loc": "151070001", "nom_loc": "Tonatico", "consultorios_faltantes": 0.1 }, "geometry": { "type": "Polygon", "coordinates": [ [ [ -99.675223284102515, 18.807675957344475 ], [ -99.67198654372875, 18.813700446850575 ], [ -99.673520699234913, 18.813752708052313 ], [ -99.674258410254339, 18.816216989448627 ], [ -99.679101628397532, 18.815506076914509 ], [ -99.679301006804394, 18.818305747144255 ], [ -99.672498517489998, 18.818432261174419 ], [ -99.671223955156947, 18.814249459596002 ], [ -99.669095010568242, 18.816076038953348 ], [ -99.664897912106937, 18.816018094730417 ], [ -99.665593841383753, 18.811384646930517 ], [ -99.662610903080804, 18.809998526081575 ], [ -99.66563664083202, 18.80996410028839 ], [ -99.664725761325059, 18.805627300697257 ], [ -99.674354541270617, 18.804549575150059 ], [ -99.675223284102515, 18.807675957344475 ] ] ] } },
{ "type": "Feature", "properties": { "cve_loc": "151080001", "nom_loc": "Tultepec", "consultorios_faltantes": 0.7 }, "geometry": { "type": "Polygon", "coordinates": [ [ [ -99.134151820683812, 19.682653089663578 ], [ -99.140038649471279, 19.681010950069453 ], [ -99.139107709700667, 19.684670189314883 ], [ -99.135146460437767, 19.686676008828393 ], [ -99.13027848182864, 19.685783888827942 ], [ -99.12961968213753, 19.683743299590137 ], [ -99.12670928254299, 19.683232460144374 ], [ -99.127364132248985, 19.679939490238109 ], [ -99.134151820683812, 19.682653089663578 ] ] ] } },
{ "type": "Feature", "properties": { "cve_loc": "151080014", "nom_loc": "Santiago Teyahualco", "consultorios_faltantes": 0.2 }, "geometry": { "type": "Polygon", "coordinates": [ [ [ -99.142912859237043, 19.659745470270945 ], [ -99.120269804431757, 19.653129187906401 ], [ -99.121609563713108, 19.649461637728507 ], [ -99.130419601668024, 19.65218249705223 ], [ -99.132353361711793, 19.646899768188263 ], [ -99.137680190330769, 19.648067537880866 ], [ -99.140278358959478, 19.645782508663324 ], [ -99.145195981856133, 19.647271488645909 ], [ -99.136528820124155, 19.654707015949324 ], [ -99.143930338415899, 19.655930545892986 ], [ -99.142912859237043, 19.659745470270945 ] ] ] } },
{ "type": "Feature", "properties": { "cve_loc": "151080063", "nom_loc": "Fraccionamiento Paseos de Tultepec II", "consultorios_faltantes": 2.0 }, "geometry": { "type": "Polygon", "coordinates": [ [ [ -99.144878248513351, 19.672740702398357 ], [ -99.134994420501528, 19.669923352840009 ], [ -99.135369251017337, 19.666450903355539 ], [ -99.145979187742626, 19.669198692643771 ], [ -99.144878248513351, 19.672740702398357 ] ] ] } },
{ "type": "Feature", "properties": { "cve_loc": "151090001", "nom_loc": "Tultitlán de Mariano Escobedo", "consultorios_faltantes": 0.2 }, "geometry": { "type": "Polygon", "coordinates": [ [ [ -99.163629423502442, 19.650714787718297 ], [ -99.163525813410573, 19.648476018004146 ], [ -99.172603211799512, 19.6455677584567 ], [ -99.172489561733144, 19.649406238058294 ], [ -99.174188560890499, 19.650066937053399 ], [ -99.172129301974053, 19.653739446756141 ], [ -99.171330221503837, 19.652345397194868 ], [ -99.163629423502442, 19.650714787718297 ] ] ] } },
{ "type": "Feature", "properties": { "cve_loc": "151090068", "nom_loc": "Fuentes del Valle", "consultorios_faltantes": 1.8 }, "geometry": { "type": "Polygon", "coordinates": [ [ [ -99.13209539135616, 19.629494792460765 ], [ -99.12669823318808, 19.631352401224166 ], [ -99.125510493708546, 19.625360142724574 ], [ -99.132922251797694, 19.623057363485159 ], [ -99.132048431585929, 19.61944102392053 ], [ -99.133878091459607, 19.619379404428621 ], [ -99.136237310280265, 19.620598603767583 ], [ -99.136961760577847, 19.623779403511232 ], [ -99.13505940089135, 19.634883591076782 ], [ -99.13209539135616, 19.629494792460765 ] ] ] } },
{ "type": "Feature", "properties": { "cve_loc": "151090069", "nom_loc": "Ampliación San Mateo (Colonia Solidaridad)", "consultorios_faltantes": 0.9 }, "geometry": { "type": "Polygon", "coordinates": [ [ [ -99.143226139035676, 19.617846564912423 ], [ -99.144671658130534, 19.610218316637777 ], [ -99.154092056535447, 19.616669534667668 ], [ -99.154436756462559, 19.620320714565608 ], [ -99.143226139035676, 19.617846564912423 ] ] ] } },
{ "type": "Feature", "properties": { "cve_loc": "151090072", "nom_loc": "Colonia Lázaro Cárdenas (Los Hornos)", "consultorios_faltantes": 0.5 }, "geometry": { "type": "Polygon", "coordinates": [ [ [ -99.155078085675214, 19.640678499995232 ], [ -99.153015755939791, 19.640191469243629 ], [ -99.152869898240382, 19.631651209628107 ], [ -99.146969040547987, 19.628983419499814 ], [ -99.148793368017351, 19.625859842708479 ], [ -99.163416123792018, 19.622103334213893 ], [ -99.166195042958023, 19.635692441725542 ], [ -99.163755563555185, 19.635722072752639 ], [ -99.155078085675214, 19.640678499995232 ] ] ] } },
{ "type": "Feature", "properties": { "cve_loc": "151100001", "nom_loc": "Valle de Bravo", "consultorios_faltantes": 1.2 }, "geometry": { "type": "Polygon", "coordinates": [ [ [ -100.126042650285285, 19.202617630200649 ], [ -100.131898648813745, 19.197244381786568 ], [ -100.133410888162686, 19.197883781544835 ], [ -100.134063178046176, 19.196365141455818 ], [ -100.137402147782396, 19.199159001581403 ], [ -100.133451438894554, 19.204381889888175 ], [ -100.132251039115587, 19.202275840112193 ], [ -100.129783299683268, 19.202681459971146 ], [ -100.126438609877539, 19.205877099910573 ], [ -100.126042650285285, 19.202617630200649 ] ] ] } },
{ "type": "Feature", "properties": { "cve_loc": "151100012", "nom_loc": "Colorines", "consultorios_faltantes": 0.1 }, "geometry": { "type": "Polygon", "coordinates": [ [ [ -100.217452996874954, 19.182081375568941 ], [ -100.214017278835428, 19.17707555646771 ], [ -100.209697790370697, 19.176010296837759 ], [ -100.214214928557041, 19.17520900676854 ], [ -100.217662308299666, 19.172165477397595 ], [ -100.216636068153804, 19.175413356765482 ], [ -100.219283448007801, 19.179493895522718 ], [ -100.218578828430552, 19.181928975263926 ], [ -100.222577077074533, 19.179817205289343 ], [ -100.219036767418743, 19.187322374211021 ], [ -100.215025068444803, 19.189753523333206 ], [ -100.217452996874954, 19.182081375568941 ] ] ] } },
{ "type": "Feature", "properties": { "cve_loc": "151110026", "nom_loc": "San Felipe Santiago", "consultorios_faltantes": 0.3 }, "geometry": { "type": "Polygon", "coordinates": [ [ [ -100.105643754767229, 19.396298656738768 ], [ -100.094321458263394, 19.389974727972561 ], [ -100.0952612272702, 19.383946789554201 ], [ -100.097930657175738, 19.384490539143922 ], [ -100.105783134896129, 19.382295099694616 ], [ -100.108843654130837, 19.384442589743767 ], [ -100.111564393270498, 19.383567709374766 ], [ -100.113111993407273, 19.385282759202738 ], [ -100.112936823372408, 19.390886328133938 ], [ -100.11583573267616, 19.39246442728972 ], [ -100.115808242153435, 19.395446246831259 ], [ -100.10943824391228, 19.395062156768805 ], [ -100.109565123619916, 19.398819256405993 ], [ -100.105896874834173, 19.395380816755363 ], [ -100.105643754767229, 19.396298656738768 ] ] ] } },
{ "type": "Feature", "properties": { "cve_loc": "151120011", "nom_loc": "Loma Alta", "consultorios_faltantes": 0.7 }, "geometry": { "type": "Polygon", "coordinates": [ [ [ -99.444896114511337, 19.702135266308268 ], [ -99.443023545475469, 19.696540528810875 ], [ -99.444908613996091, 19.695832748197553 ], [ -99.444136694232384, 19.693488118757891 ], [ -99.449458114083171, 19.685621961050089 ], [ -99.44989923341204, 19.68023279163608 ], [ -99.454616312683385, 19.681760071168913 ], [ -99.4593101709563, 19.680207321666483 ], [ -99.457274451712038, 19.684891580440706 ], [ -99.452269183024342, 19.685029500521093 ], [ -99.453688797657179, 19.686555315397481 ], [ -99.450459173141141, 19.690719668925823 ], [ -99.448287693776351, 19.699187787953814 ], [ -99.444896114511337, 19.702135266308268 ] ] ] } },
{ "type": "Feature", "properties": { "cve_loc": "151130001", "nom_loc": "Villa Guerrero", "consultorios_faltantes": 0.4 }, "geometry": { "type": "Polygon", "coordinates": [ [ [ -99.638643187353736, 18.968027514222907 ], [ -99.635093818936852, 18.966094114784951 ], [ -99.6311911405963, 18.966310323681508 ], [ -99.632858968975839, 18.964404125550661 ], [ -99.632536099925971, 18.961549254580202 ], [ -99.642241885462312, 18.962404231408279 ], [ -99.644072031252747, 18.960264339353714 ], [ -99.644231126690059, 18.968257404664719 ], [ -99.641211986221748, 18.967117744914862 ], [ -99.638643187353736, 18.968027514222907 ] ] ] } },
{ "type": "Feature", "properties": { "cve_loc": "151130028", "nom_loc": "Santiago Oxtotitlán", "consultorios_faltantes": 0.6 }, "geometry": { "type": "Polygon", "coordinates": [ [ [ -99.683259008257579, 18.996778107222553 ], [ -99.676655089940539, 18.990573447888181 ], [ -99.67506965980796, 18.987221118618773 ], [ -99.67181700111631, 18.987833219148438 ], [ -99.670089241115889, 18.97268409206135 ], [ -99.665458602718758, 18.969186402935758 ], [ -99.663419462739085, 18.969215143187999 ], [ -99.663983602701578, 18.965689494055596 ], [ -99.660679382643409, 18.960195295561519 ], [ -99.662922272712223, 18.960216115639536 ], [ -99.664134982608431, 18.947252797963589 ], [ -99.667712121621193, 18.937414320550101 ], [ -99.668319073805236, 18.930640432415565 ], [ -99.668993601079521, 18.933777810806447 ], [ -99.673698240631197, 18.939769729584938 ], [ -99.675127659508874, 18.952523097273616 ], [ -99.673134530487488, 18.956270236423808 ], [ -99.676993899184495, 18.959393155308067 ], [ -99.678273378661842, 18.971021003003397 ], [ -99.682008028048628, 18.97698939132918 ], [ -99.683147627967642, 18.983388939593386 ], [ -99.692551055459319, 18.998040366307006 ], [ -99.689399176758712, 19.000011255919183 ], [ -99.683259008257579, 18.996778107222553 ] ] ] } },
{ "type": "Feature", "properties": { "cve_loc": "151150001", "nom_loc": "Xonacatlán", "consultorios_faltantes": 2.9 }, "geometry": { "type": "Polygon", "coordinates": [ [ [ -99.521616726881604, 19.414254521587953 ], [ -99.517284697922889, 19.420444930594076 ], [ -99.517493928084761, 19.422647041270697 ], [ -99.513490959277675, 19.423877390581701 ], [ -99.51393106882017, 19.420295580737356 ], [ -99.515856542460824, 19.418243886053951 ], [ -99.512608782228284, 19.418366301613606 ], [ -99.511271109071927, 19.4155440711686 ], [ -99.513141328575244, 19.41446921146597 ], [ -99.511845619340093, 19.411542332400494 ], [ -99.539731407592996, 19.400399467660012 ], [ -99.536791183301204, 19.40500342351023 ], [ -99.538004503146112, 19.407683992902047 ], [ -99.534661754146043, 19.409487223002166 ], [ -99.532453124096548, 19.408736762844374 ], [ -99.531576414532353, 19.410886612242521 ], [ -99.521616726881604, 19.414254521587953 ] ] ] } },
{ "type": "Feature", "properties": { "cve_loc": "151150006", "nom_loc": "Santa María Zolotepec", "consultorios_faltantes": 1.0 }, "geometry": { "type": "Polygon", "coordinates": [ [ [ -99.489105104459753, 19.421144300358652 ], [ -99.488750044797754, 19.419332820607735 ], [ -99.483738785246516, 19.420001360864429 ], [ -99.481797503868194, 19.418395292695152 ], [ -99.48588293514031, 19.416363155912087 ], [ -99.485763766055939, 19.413329241912333 ], [ -99.48791354466357, 19.410013052926764 ], [ -99.493074802586989, 19.408155723330275 ], [ -99.494285430629418, 19.418975685264236 ], [ -99.489105104459753, 19.421144300358652 ] ] ] } },
{ "type": "Feature", "properties": { "cve_loc": "151180001", "nom_loc": "San Miguel Zinacantepec", "consultorios_faltantes": 0.2 }, "geometry": { "type": "Polygon", "coordinates": [ [ [ -99.748740672527703, 19.294335526638211 ], [ -99.747280052523564, 19.295533640097901 ], [ -99.739183214404804, 19.288079840662643 ], [ -99.736328054358879, 19.287418480611006 ], [ -99.735134455099654, 19.285664131668469 ], [ -99.736779855054237, 19.279371222747248 ], [ -99.740620984025256, 19.280252022684163 ], [ -99.739779884385541, 19.28369128131024 ], [ -99.748451053970356, 19.282696583999396 ], [ -99.748740672527703, 19.294335526638211 ] ] ] } },
{ "type": "Feature", "properties": { "cve_loc": "151180014", "nom_loc": "El Cóporo", "consultorios_faltantes": 1.7 }, "geometry": { "type": "Polygon", "coordinates": [ [ [ -99.832910821292586, 19.292628989454546 ], [ -99.826798222656464, 19.299808007902904 ], [ -99.827337832401199, 19.295960278900701 ], [ -99.826142001474281, 19.293995826528903 ], [ -99.827472362193845, 19.287026650980778 ], [ -99.841291769262668, 19.273206653936985 ], [ -99.84536655843263, 19.271007304983399 ], [ -99.844613998489891, 19.273296363960274 ], [ -99.848533737933593, 19.272313424736652 ], [ -99.840857249361846, 19.27998990250029 ], [ -99.846044188196274, 19.279098822600194 ], [ -99.842633558482788, 19.282193962112814 ], [ -99.840233539652019, 19.28741631131512 ], [ -99.832910821292586, 19.292628989454546 ] ] ] } },
{ "type": "Feature", "properties": { "cve_loc": "151180053", "nom_loc": "San Antonio Acahualco", "consultorios_faltantes": 2.9 }, "geometry": { "type": "Polygon", "coordinates": [ [ [ -99.77835298072317, 19.285708411211484 ], [ -99.772658356184692, 19.284621901208595 ], [ -99.772329705637929, 19.281587072593268 ], [ -99.770589956844049, 19.284598731494615 ], [ -99.766747347194809, 19.284594501614716 ], [ -99.767868626013154, 19.279149244784097 ], [ -99.765824668005351, 19.277641593094071 ], [ -99.765884707560076, 19.273808421210536 ], [ -99.767628076899356, 19.267769154969162 ], [ -99.778092724217501, 19.26633892590861 ], [ -99.77593817506235, 19.274105223963261 ], [ -99.778707384599457, 19.279204853158191 ], [ -99.77835298072317, 19.285708411211484 ] ] ] } },
{ "type": "Feature", "properties": { "cve_loc": "151180054", "nom_loc": "San Cristóbal Tecolit", "consultorios_faltantes": 1.3 }, "geometry": { "type": "Polygon", "coordinates": [ [ [ -99.737982344716485, 19.278414423318704 ], [ -99.741046483738103, 19.261392826728052 ], [ -99.746636142196238, 19.261712727095379 ], [ -99.745043242976337, 19.271048224377392 ], [ -99.746236332160521, 19.270411704949471 ], [ -99.74594378201752, 19.272548054486563 ], [ -99.752173994451283, 19.273370465718216 ], [ -99.743474413447231, 19.278377533120413 ], [ -99.737982344716485, 19.278414423318704 ] ] ] } },
{ "type": "Feature", "properties": { "cve_loc": "151180058", "nom_loc": "San Juan de las Huertas", "consultorios_faltantes": 2.6 }, "geometry": { "type": "Polygon", "coordinates": [ [ [ -99.750607591811146, 19.246803389874618 ], [ -99.760345219193198, 19.242283491301922 ], [ -99.761722808304754, 19.242763620882702 ], [ -99.764905277925408, 19.236893882598061 ], [ -99.7660232378133, 19.242307371416526 ], [ -99.763383958021265, 19.246681940172387 ], [ -99.761917048269837, 19.246204489969319 ], [ -99.759337955418232, 19.254961537368686 ], [ -99.756107598160625, 19.254969716813523 ], [ -99.757244100003902, 19.250823509446192 ], [ -99.753465450515179, 19.251235968956919 ], [ -99.754922464917428, 19.248579471682074 ], [ -99.754167803079099, 19.247130617013397 ], [ -99.750607591811146, 19.246803389874618 ] ] ] } },
{ "type": "Feature", "properties": { "cve_loc": "151180059", "nom_loc": "Ejido San Lorenzo Cuauhtenco", "consultorios_faltantes": 1.3 }, "geometry": { "type": "Polygon", "coordinates": [ [ [ -99.756765043775388, 19.31261944190771 ], [ -99.746242671839696, 19.312328696917582 ], [ -99.746066042366564, 19.310938295371958 ], [ -99.743523839860956, 19.310669856285777 ], [ -99.745666672518965, 19.30841358954482 ], [ -99.745257424367566, 19.305498113343621 ], [ -99.750633301832281, 19.302211284581517 ], [ -99.74952916114475, 19.300678898422348 ], [ -99.751886840963465, 19.298760588640224 ], [ -99.748003911687789, 19.295251929998166 ], [ -99.753214700811938, 19.293235759240329 ], [ -99.753563309659228, 19.290220991320005 ], [ -99.755937409673379, 19.29048389999479 ], [ -99.756930009393557, 19.2887801006821 ], [ -99.759906207976144, 19.291040760331025 ], [ -99.759682157803766, 19.293312549406512 ], [ -99.757881779804435, 19.29321543992085 ], [ -99.757175559437556, 19.303573406837554 ], [ -99.760698527864449, 19.303648358049958 ], [ -99.759600498476843, 19.313858094900592 ], [ -99.756765043775388, 19.31261944190771 ] ] ] } },
{ "type": "Feature", "properties": { "cve_loc": "151180060", "nom_loc": "San Luis Mextepec", "consultorios_faltantes": 0.2 }, "geometry": { "type": "Polygon", "coordinates": [ [ [ -99.742017022069732, 19.308826310155052 ], [ -99.742227912284577, 19.312750293725827 ], [ -99.737676761368476, 19.305067709819284 ], [ -99.740555702704938, 19.299931838412348 ], [ -99.745164181793882, 19.297877078379639 ], [ -99.745666672518965, 19.30841358954482 ], [ -99.743523839860956, 19.310669856285777 ], [ -99.742017022069732, 19.308826310155052 ] ] ] } },
{ "type": "Feature", "properties": { "cve_loc": "151180064", "nom_loc": "Santa Cruz Cuauhtenco", "consultorios_faltantes": 0.4 }, "geometry": { "type": "Polygon", "coordinates": [ [ [ -99.729675407773399, 19.255148955291777 ], [ -99.722811384408317, 19.254898966879296 ], [ -99.722271687834578, 19.247236829874371 ], [ -99.733407335368128, 19.248814489264735 ], [ -99.731908765540879, 19.25375713890223 ], [ -99.736927615007289, 19.253224888198336 ], [ -99.730805426080977, 19.261655587718394 ], [ -99.729675407773399, 19.255148955291777 ] ] ] } },
{ "type": "Feature", "properties": { "cve_loc": "151180075", "nom_loc": "Tejalpa", "consultorios_faltantes": 0.3 }, "geometry": { "type": "Polygon", "coordinates": [ [ [ -99.760849508847315, 19.251664709062883 ], [ -99.7660232378133, 19.242307371416526 ], [ -99.765464037702117, 19.238837311859946 ], [ -99.76999233673628, 19.240000851291384 ], [ -99.770044984131573, 19.241915989969961 ], [ -99.772921896217554, 19.238556401569451 ], [ -99.77841697420655, 19.242324481427339 ], [ -99.779366874315969, 19.247184890452466 ], [ -99.782983212785055, 19.251946016996055 ], [ -99.780219614626162, 19.257304457701132 ], [ -99.77759063505998, 19.256511108133623 ], [ -99.771623896129171, 19.257940597797578 ], [ -99.773709265582028, 19.25432081810688 ], [ -99.769246616178748, 19.255175868691627 ], [ -99.765754514544355, 19.253761395848031 ], [ -99.76312952147336, 19.255004726972398 ], [ -99.764167797831746, 19.253135478717429 ], [ -99.760849508847315, 19.251664709062883 ] ] ] } },
{ "type": "Feature", "properties": { "cve_loc": "151180087", "nom_loc": "Barrio de México", "consultorios_faltantes": 0.4 }, "geometry": { "type": "Polygon", "coordinates": [ [ [ -99.82059746676417, 19.288147481326117 ], [ -99.818364525116181, 19.286399361146792 ], [ -99.824348923678727, 19.278436102626493 ], [ -99.824501373564217, 19.274933783494991 ], [ -99.826463593007915, 19.275857903993572 ], [ -99.834427260965555, 19.273134854110769 ], [ -99.833189881579329, 19.274499414063758 ], [ -99.834914110414772, 19.275769383199961 ], [ -99.826982852358356, 19.28043995214632 ], [ -99.824800962967686, 19.285515351207788 ], [ -99.822723803633764, 19.284600501180385 ], [ -99.82059746676417, 19.288147481326117 ] ] ] } },
{ "type": "Feature", "properties": { "cve_loc": "151180134", "nom_loc": "Conjunto Urbano la Loma I", "consultorios_faltantes": 0.8 }, "geometry": { "type": "Polygon", "coordinates": [ [ [ -99.739182780459274, 19.329731870931383 ], [ -99.734745313904213, 19.329183312327412 ], [ -99.733478823886941, 19.323811180209727 ], [ -99.739082333950677, 19.324073842869737 ], [ -99.739182780459274, 19.329731870931383 ] ] ] } },
{ "type": "Feature", "properties": { "cve_loc": "151200001", "nom_loc": "Zumpango de Ocampo", "consultorios_faltantes": 1.3 }, "geometry": { "type": "Polygon", "coordinates": [ [ [ -99.088905601347307, 19.79342687421094 ], [ -99.098911489584552, 19.795820103687369 ], [ -99.100812699059105, 19.798135583298095 ], [ -99.100862448162033, 19.804807634519349 ], [ -99.097611047475084, 19.802284087595567 ], [ -99.097340941324447, 19.804026318132749 ], [ -99.094088032155682, 19.803008291135693 ], [ -99.09446225991563, 19.800837803218492 ], [ -99.092650290819478, 19.800526732872594 ], [ -99.093503660352141, 19.799274433391837 ], [ -99.08793278153874, 19.797581923564145 ], [ -99.088905601347307, 19.79342687421094 ] ] ] } },
{ "type": "Feature", "properties": { "cve_loc": "151200003", "nom_loc": "Santa Isabel [Conjunto Urbano]", "consultorios_faltantes": 0.6 }, "geometry": { "type": "Polygon", "coordinates": [ [ [ -99.022637307464322, 19.814740559814393 ], [ -99.024062447279888, 19.809336871015461 ], [ -99.030191915661021, 19.809849520574943 ], [ -99.028149816882291, 19.816120579740424 ], [ -99.022637307464322, 19.814740559814393 ] ] ] } },
{ "type": "Feature", "properties": { "cve_loc": "151200007", "nom_loc": "Paseos del Lago [Fraccionamiento]", "consultorios_faltantes": 0.8 }, "geometry": { "type": "Polygon", "coordinates": [ [ [ -99.057625651070552, 19.7951222090635 ], [ -99.050891730758693, 19.793906324209352 ], [ -99.052492560254279, 19.787380865926014 ], [ -99.059187937822202, 19.788946162971623 ], [ -99.057625651070552, 19.7951222090635 ] ] ] } },
{ "type": "Feature", "properties": { "cve_loc": "151200013", "nom_loc": "Santa María Cuevas", "consultorios_faltantes": 0.3 }, "geometry": { "type": "Polygon", "coordinates": [ [ [ -99.092639170752108, 19.873948026299491 ], [ -99.094992239652484, 19.86971001704423 ], [ -99.093697770462782, 19.868771347134629 ], [ -99.087547071938118, 19.871432646588595 ], [ -99.087592571526699, 19.869986486843924 ], [ -99.092672060165341, 19.866247307688635 ], [ -99.089028663438185, 19.865105525750163 ], [ -99.093386695463209, 19.86425010199202 ], [ -99.091590900107292, 19.862863789217229 ], [ -99.092872135005791, 19.859392510404135 ], [ -99.095524889892317, 19.862031659205478 ], [ -99.097210868957688, 19.857980320273789 ], [ -99.108999035762025, 19.859240879809722 ], [ -99.109869535591969, 19.862439250086378 ], [ -99.107391136838785, 19.863130120100994 ], [ -99.108921225332708, 19.865505337918496 ], [ -99.106971207150636, 19.870216966938688 ], [ -99.102460427077901, 19.872972187617734 ], [ -99.099551893140955, 19.869969338607209 ], [ -99.097969429396969, 19.872052493560012 ], [ -99.097384029703051, 19.870706597484254 ], [ -99.094575919560739, 19.87478318577039 ], [ -99.092639170752108, 19.873948026299491 ] ] ] } },
{ "type": "Feature", "properties": { "cve_loc": "151200014", "nom_loc": "Arbolada los Sauces", "consultorios_faltantes": 3.8 }, "geometry": { "type": "Polygon", "coordinates": [ [ [ -99.039697745467961, 19.820026314157779 ], [ -99.042417902908511, 19.811874730012715 ], [ -99.039216594009162, 19.811329580530472 ], [ -99.040263753753564, 19.808206580722501 ], [ -99.047087950895659, 19.80904975220254 ], [ -99.047968681773241, 19.805624201407106 ], [ -99.050298381536138, 19.805915731846923 ], [ -99.048131560570965, 19.816937890199423 ], [ -99.039697745467961, 19.820026314157779 ] ] ] } },
{ "type": "Feature", "properties": { "cve_loc": "151200031", "nom_loc": "Nuevo Paseos de San Juan [Conjunto Urbano]", "consultorios_faltantes": 0.7 }, "geometry": { "type": "Polygon", "coordinates": [ [ [ -99.066553467501194, 19.808717132108633 ], [ -99.057978848612038, 19.806903101545224 ], [ -99.059717298077857, 19.800799752779415 ], [ -99.068060836074892, 19.802160563782351 ], [ -99.066553467501194, 19.808717132108633 ] ] ] } },
{ "type": "Feature", "properties": { "cve_loc": "151200041", "nom_loc": "San Bartolo Cuautlalpan", "consultorios_faltantes": 1.9 }, "geometry": { "type": "Polygon", "coordinates": [ [ [ -99.011208260907125, 19.824821428314053 ], [ -99.002488942560944, 19.81058601075992 ], [ -99.006908682075704, 19.811767920275301 ], [ -99.008692631742548, 19.807972781073982 ], [ -99.010887493542626, 19.808678859701441 ], [ -99.0143777586391, 19.805587201661972 ], [ -99.018208538396351, 19.80640266174963 ], [ -99.016887859462742, 19.809372210585909 ], [ -99.018933058757582, 19.809412030552807 ], [ -99.016801393553976, 19.817478696383255 ], [ -99.014850618917066, 19.817349327084688 ], [ -99.011208260907125, 19.824821428314053 ] ] ] } },
{ "type": "Feature", "properties": { "cve_loc": "151200045", "nom_loc": "San José de la Loma", "consultorios_faltantes": 1.0 }, "geometry": { "type": "Polygon", "coordinates": [ [ [ -99.16146419261446, 19.81756251995883 ], [ -99.158426876990518, 19.81862038620212 ], [ -99.154438705651472, 19.816554239767385 ], [ -99.154148825972868, 19.809850381837879 ], [ -99.157187334546052, 19.808356922680897 ], [ -99.156842155300282, 19.805780443250963 ], [ -99.155671734051893, 19.806052762905317 ], [ -99.157513533684991, 19.803356212361162 ], [ -99.166281613110826, 19.800338613225069 ], [ -99.167289212210449, 19.801261213280601 ], [ -99.165670622950245, 19.803903872839406 ], [ -99.172451471635057, 19.80739049171514 ], [ -99.170062681778717, 19.811488041023448 ], [ -99.174435161120556, 19.813752491193014 ], [ -99.169972250647547, 19.821918621512449 ], [ -99.16146419261446, 19.81756251995883 ] ] ] } },
{ "type": "Feature", "properties": { "cve_loc": "151200046", "nom_loc": "San Juan Zitlaltepec", "consultorios_faltantes": 2.5 }, "geometry": { "type": "Polygon", "coordinates": [ [ [ -99.150605108282463, 19.823818715762641 ], [ -99.146453335695753, 19.823027910537963 ], [ -99.144496028283044, 19.808735891227666 ], [ -99.157513533684991, 19.803356212361162 ], [ -99.155671734051893, 19.806052762905317 ], [ -99.156842155300282, 19.805780443250963 ], [ -99.157187334546052, 19.808356922680897 ], [ -99.154148825972868, 19.809850381837879 ], [ -99.154239875346889, 19.815944720331185 ], [ -99.155518884969595, 19.817259319833219 ], [ -99.151226756405734, 19.817746239270583 ], [ -99.154612200349177, 19.821559214634711 ], [ -99.150605108282463, 19.823818715762641 ] ] ] } },
{ "type": "Feature", "properties": { "cve_loc": "151200054", "nom_loc": "San Sebastián", "consultorios_faltantes": 0.2 }, "geometry": { "type": "Polygon", "coordinates": [ [ [ -99.05611689894755, 19.788237306965588 ], [ -99.047300251620825, 19.78621123741453 ], [ -99.0457368957955, 19.787283876207763 ], [ -99.045602903600255, 19.786017256530492 ], [ -99.043112211977785, 19.785481697302924 ], [ -99.043555583038142, 19.782791606563212 ], [ -99.047781960744643, 19.78347524683997 ], [ -99.048717211674244, 19.777314739068782 ], [ -99.047573326330749, 19.771210820017799 ], [ -99.050062532291719, 19.764037722378756 ], [ -99.064636946697618, 19.769185300524224 ], [ -99.059983099138265, 19.773758019525523 ], [ -99.056438978429796, 19.782968246726817 ], [ -99.05611689894755, 19.788237306965588 ] ] ] } },
{ "type": "Feature", "properties": { "cve_loc": "151200057", "nom_loc": "Santa Lucía", "consultorios_faltantes": 0.3 }, "geometry": { "type": "Polygon", "coordinates": [ [ [ -99.017941259240644, 19.77138458925603 ], [ -99.019850248829428, 19.769602510165935 ], [ -99.020481448943301, 19.771201709322082 ], [ -99.021686448357983, 19.770081009388615 ], [ -99.023140567980278, 19.771914308896395 ], [ -99.024606677662987, 19.770440769342141 ], [ -99.027377166474437, 19.773435738808541 ], [ -99.02304199822315, 19.7769194081948 ], [ -99.017941259240644, 19.77138458925603 ] ] ] } },
{ "type": "Feature", "properties": { "cve_loc": "151200076", "nom_loc": "Hacienda los Encinos", "consultorios_faltantes": 2.6 }, "geometry": { "type": "Polygon", "coordinates": [ [ [ -99.041883473338871, 19.803220842073245 ], [ -99.039284853389404, 19.811134780255887 ], [ -99.031628395634087, 19.809270461050183 ], [ -99.033337615021566, 19.80763624113235 ], [ -99.033525475566222, 19.803732102546693 ], [ -99.036018674491373, 19.804063811788687 ], [ -99.036516214845292, 19.8025264420558 ], [ -99.041883473338871, 19.803220842073245 ] ] ] } },
{ "type": "Feature", "properties": { "cve_loc": "151200161", "nom_loc": "Las Plazas", "consultorios_faltantes": 3.1 }, "geometry": { "type": "Polygon", "coordinates": [ [ [ -99.042417902908511, 19.811874730012715 ], [ -99.04005901398844, 19.819005688998583 ], [ -99.028149816882291, 19.816120579740424 ], [ -99.030191915661021, 19.809849520574943 ], [ -99.042417902908511, 19.811874730012715 ] ] ] } },
{ "type": "Feature", "properties": { "cve_loc": "151200165", "nom_loc": "Paseos del Lago II", "consultorios_faltantes": 0.3 }, "geometry": { "type": "Polygon", "coordinates": [ [ [ -99.06809398724036, 19.793424464682477 ], [ -99.070282816403136, 19.793894874559808 ], [ -99.068988046862515, 19.799192532844312 ], [ -99.065085564970161, 19.798792078703524 ], [ -99.06809398724036, 19.793424464682477 ] ] ] } },
{ "type": "Feature", "properties": { "cve_loc": "151200171", "nom_loc": "La Esmeralda [Conjunto Urbano]", "consultorios_faltantes": 0.9 }, "geometry": { "type": "Polygon", "coordinates": [ [ [ -98.98208802639455, 19.81642804009741 ], [ -98.979225517575031, 19.815123030475551 ], [ -98.983930637014353, 19.810111580564602 ], [ -98.988800566073351, 19.813203599812557 ], [ -98.987571577576247, 19.816054007826402 ], [ -98.983166237201729, 19.813938299309775 ], [ -98.98208802639455, 19.81642804009741 ] ] ] } },
{ "type": "Feature", "properties": { "cve_loc": "151200175", "nom_loc": "La Trinidad [Fraccionamiento]", "consultorios_faltantes": 4.7 }, "geometry": { "type": "Polygon", "coordinates": [ [ [ -99.084993572368617, 19.838156454460446 ], [ -99.076750504175052, 19.836407345216422 ], [ -99.07775997832502, 19.832238265604822 ], [ -99.07501499624081, 19.832446582787863 ], [ -99.083562183230939, 19.819951128246139 ], [ -99.090906010861801, 19.823421867846903 ], [ -99.084993572368617, 19.838156454460446 ] ] ] } },
{ "type": "Feature", "properties": { "cve_loc": "151200198", "nom_loc": "Paseos de San Juan", "consultorios_faltantes": 0.8 }, "geometry": { "type": "Polygon", "coordinates": [ [ [ -99.019025389110894, 19.777388668057686 ], [ -99.027483616506316, 19.781821187387425 ], [ -99.025979167577518, 19.783761096946652 ], [ -99.018820339282414, 19.783929836373357 ], [ -99.017081086977456, 19.782334055158291 ], [ -99.019025389110894, 19.777388668057686 ] ] ] } },
{ "type": "Feature", "properties": { "cve_loc": "151200204", "nom_loc": "Villas de la Laguna", "consultorios_faltantes": 2.0 }, "geometry": { "type": "Polygon", "coordinates": [ [ [ -99.094696259697656, 19.83472771488815 ], [ -99.095332570032582, 19.837263594965879 ], [ -99.092449201007256, 19.841849150990893 ], [ -99.090255320847007, 19.842521953712279 ], [ -99.085789702416577, 19.839894574274041 ], [ -99.089159171945951, 19.832907995440127 ], [ -99.094696259697656, 19.83472771488815 ] ] ] } },
{ "type": "Feature", "properties": { "cve_loc": "151200205", "nom_loc": "Conjunto Urbano Santa Fe", "consultorios_faltantes": 1.7 }, "geometry": { "type": "Polygon", "coordinates": [ [ [ -99.011829400784265, 19.800269522471222 ], [ -99.017059679610497, 19.801414532167069 ], [ -99.010887493542626, 19.808678859701441 ], [ -99.008692631742548, 19.807972781073982 ], [ -99.011829400784265, 19.800269522471222 ] ] ] } },
{ "type": "Feature", "properties": { "cve_loc": "151200206", "nom_loc": "Villas de Zumpango [Conjunto Urbano]", "consultorios_faltantes": 0.4 }, "geometry": { "type": "Polygon", "coordinates": [ [ [ -99.099959957913924, 19.822330792722976 ], [ -99.094230453302941, 19.821343258470641 ], [ -99.095707981099338, 19.816958710292742 ], [ -99.099908499005792, 19.817095748872244 ], [ -99.099959957913924, 19.822330792722976 ] ] ] } },
{ "type": "Feature", "properties": { "cve_loc": "151220008", "nom_loc": "Colonia San Miguel las Tablas", "consultorios_faltantes": 0.1 }, "geometry": { "type": "Polygon", "coordinates": [ [ [ -98.968234698484792, 19.299153855295518 ], [ -98.958810129813358, 19.297918571379437 ], [ -98.959403873907831, 19.293925838945196 ], [ -98.968828316510283, 19.295258346979843 ], [ -98.968234698484792, 19.299153855295518 ] ] ] } },
{ "type": "Feature", "properties": { "cve_loc": "151250001", "nom_loc": "Santa María Tonanitla", "consultorios_faltantes": 0.0 }, "geometry": { "type": "Polygon", "coordinates": [ [ [ -99.049784681436932, 19.686652008404927 ], [ -99.055989989858915, 19.687061038930498 ], [ -99.055810390129594, 19.690040528551826 ], [ -99.051193161677887, 19.691017187497408 ], [ -99.051432760948757, 19.689188457828497 ], [ -99.049502501548901, 19.688937298097446 ], [ -99.049784681436932, 19.686652008404927 ] ] ] } },
{ "type": "Feature", "properties": { "cve_loc": "160110004", "nom_loc": "Paso de Hidalgo (Paso de Álamos)", "consultorios_faltantes": 0.4 }, "geometry": { "type": "Polygon", "coordinates": [ [ [ -102.53542829607747, 20.272509739708624 ], [ -102.530338267110054, 20.26834106108662 ], [ -102.552401491109649, 20.261471983257209 ], [ -102.547081602781546, 20.277880578896799 ], [ -102.544109573624354, 20.280556288042582 ], [ -102.535486955226858, 20.278663178898785 ], [ -102.534289185690753, 20.276441059042547 ], [ -102.53542829607747, 20.272509739708624 ] ] ] } },
{ "type": "Feature", "properties": { "cve_loc": "160190001", "nom_loc": "Cotija de la Paz", "consultorios_faltantes": 0.0 }, "geometry": { "type": "Polygon", "coordinates": [ [ [ -102.701833718230517, 19.811136769221815 ], [ -102.694225239665542, 19.809963969702473 ], [ -102.69628968944015, 19.80367685066124 ], [ -102.701417568250889, 19.805489450801836 ], [ -102.701939398618194, 19.804180590644911 ], [ -102.703459137403982, 19.804570190837442 ], [ -102.701833718230517, 19.811136769221815 ] ] ] } },
{ "type": "Feature", "properties": { "cve_loc": "160200001", "nom_loc": "Cuitzeo del Porvenir", "consultorios_faltantes": 0.3 }, "geometry": { "type": "Polygon", "coordinates": [ [ [ -101.142433416697855, 19.976177145944181 ], [ -101.144494204428426, 19.966328581870815 ], [ -101.143002944446138, 19.965616901836118 ], [ -101.143312674466586, 19.963979502945076 ], [ -101.146261424357533, 19.96565500255053 ], [ -101.146008514201398, 19.967053802204358 ], [ -101.150452280180801, 19.966871862488311 ], [ -101.150574963397943, 19.968393841340877 ], [ -101.152876332227279, 19.968361061738843 ], [ -101.152794542350904, 19.969836410848156 ], [ -101.158615701273362, 19.97012895167234 ], [ -101.158169677063015, 19.973309775494357 ], [ -101.156236931961658, 19.972761120909855 ], [ -101.150037203495685, 19.975225730097897 ], [ -101.144017334737285, 19.974956690136857 ], [ -101.143351667921735, 19.977002639264661 ], [ -101.142433416697855, 19.976177145944181 ] ] ] } },
{ "type": "Feature", "properties": { "cve_loc": "160200011", "nom_loc": "Mariano Escobedo (San Lorenzo)", "consultorios_faltantes": 0.6 }, "geometry": { "type": "Polygon", "coordinates": [ [ [ -101.064479993929311, 19.967985132513391 ], [ -101.05659062581185, 19.967572041936144 ], [ -101.054473074519663, 19.966307551886754 ], [ -101.057752335157502, 19.963509672347211 ], [ -101.066870638545353, 19.960581659050792 ], [ -101.067108963250575, 19.963312802204022 ], [ -101.064683983462288, 19.965370002592639 ], [ -101.064479993929311, 19.967985132513391 ] ] ] } },
{ "type": "Feature", "properties": { "cve_loc": "160200016", "nom_loc": "San Agustín del Pulque", "consultorios_faltantes": 0.4 }, "geometry": { "type": "Polygon", "coordinates": [ [ [ -101.072575811094268, 19.972070090986946 ], [ -101.064554487598571, 19.967576650289256 ], [ -101.064683983462288, 19.965370002592639 ], [ -101.067108963250575, 19.963312802204022 ], [ -101.066870638545353, 19.960581659050792 ], [ -101.080798219276531, 19.958474953434052 ], [ -101.080771859946751, 19.963507102224693 ], [ -101.077203350882868, 19.963949972771204 ], [ -101.077414820181417, 19.965490401954689 ], [ -101.074396321241693, 19.96577600166756 ], [ -101.072431871199029, 19.967797151654757 ], [ -101.073701351429719, 19.970287370557138 ], [ -101.072575811094268, 19.972070090986946 ] ] ] } },
{ "type": "Feature", "properties": { "cve_loc": "160210002", "nom_loc": "Cocucho", "consultorios_faltantes": 0.1 }, "geometry": { "type": "Polygon", "coordinates": [ [ [ -102.186438408196011, 19.696358829750793 ], [ -102.184784205922682, 19.694324153582645 ], [ -102.186727216745936, 19.690119332280421 ], [ -102.189553045731486, 19.688526423741457 ], [ -102.189969006288436, 19.690387252101807 ], [ -102.194717245207784, 19.69143135630258 ], [ -102.192635065168247, 19.692400082414292 ], [ -102.192760075381543, 19.695715761254966 ], [ -102.190851815836083, 19.699106970855645 ], [ -102.191784164734983, 19.700401461109116 ], [ -102.18867393538666, 19.700961310641695 ], [ -102.186061305741646, 19.699347680861784 ], [ -102.186438408196011, 19.696358829750793 ] ] ] } },
{ "type": "Feature", "properties": { "cve_loc": "160210004", "nom_loc": "Ocumicho", "consultorios_faltantes": 0.0 }, "geometry": { "type": "Polygon", "coordinates": [ [ [ -102.224230539385673, 19.801384740477761 ], [ -102.217227221520687, 19.799717940860425 ], [ -102.217687191672781, 19.798024571037992 ], [ -102.22210273965598, 19.788552483153467 ], [ -102.224230539385673, 19.801384740477761 ] ] ] } },
{ "type": "Feature", "properties": { "cve_loc": "160240001", "nom_loc": "Cherán", "consultorios_faltantes": 0.3 }, "geometry": { "type": "Polygon", "coordinates": [ [ [ -101.954015039534184, 19.689651391998716 ], [ -101.950772414482984, 19.690930094107433 ], [ -101.948379665196896, 19.686194644787506 ], [ -101.959185741496981, 19.687144995890865 ], [ -101.95885352249033, 19.690003274307447 ], [ -101.954015039534184, 19.689651391998716 ] ] ] } },
{ "type": "Feature", "properties": { "cve_loc": "160250003", "nom_loc": "Carapan", "consultorios_faltantes": 0.3 }, "geometry": { "type": "Polygon", "coordinates": [ [ [ -102.02246306885813, 19.856846655472211 ], [ -102.039868514772294, 19.857758114941525 ], [ -102.043001213874291, 19.859639824242809 ], [ -102.038641174826367, 19.863883363702342 ], [ -102.033054746639209, 19.865555363041153 ], [ -102.03156386657507, 19.864612593712714 ], [ -102.03103976425939, 19.865852768919869 ], [ -102.029965917382015, 19.863822163290955 ], [ -102.026421898197313, 19.863880593445181 ], [ -102.02246306885813, 19.856846655472211 ] ] ] } },
{ "type": "Feature", "properties": { "cve_loc": "160250005", "nom_loc": "Huáncito", "consultorios_faltantes": 0.5 }, "geometry": { "type": "Polygon", "coordinates": [ [ [ -102.063353318525898, 19.846545673435706 ], [ -102.067684409725572, 19.846134872128001 ], [ -102.067287037173131, 19.844648534787289 ], [ -102.069628580023902, 19.84303901745238 ], [ -102.069797452441776, 19.844334093329792 ], [ -102.073827032030792, 19.844191993963467 ], [ -102.072342976018177, 19.850295653381938 ], [ -102.067907406224236, 19.852793362017838 ], [ -102.064649978468012, 19.851749051965243 ], [ -102.063802997196902, 19.853084022716626 ], [ -102.063557717844162, 19.850959012992419 ], [ -102.061314748944611, 19.85093684349042 ], [ -102.061300828085123, 19.849631212626733 ], [ -102.063329867381995, 19.84845225342999 ], [ -102.063353318525898, 19.846545673435706 ] ] ] } },
{ "type": "Feature", "properties": { "cve_loc": "160250007", "nom_loc": "Ichán", "consultorios_faltantes": 0.4 }, "geometry": { "type": "Polygon", "coordinates": [ [ [ -102.056799717611966, 19.855591398674999 ], [ -102.056521548679697, 19.860770008623238 ], [ -102.053168443115936, 19.861471784735738 ], [ -102.052810967240433, 19.862750856531054 ], [ -102.051077456152967, 19.861146129218024 ], [ -102.052137753165511, 19.855436260776241 ], [ -102.05004618319893, 19.854237355837771 ], [ -102.052563790050627, 19.851485438867385 ], [ -102.05166477902155, 19.850893580763543 ], [ -102.057822097644433, 19.849138400048055 ], [ -102.059536638130751, 19.849729460099255 ], [ -102.059336067857046, 19.851692379533848 ], [ -102.056799717611966, 19.855591398674999 ] ] ] } },
{ "type": "Feature", "properties": { "cve_loc": "160340001", "nom_loc": "Ciudad Hidalgo", "consultorios_faltantes": 0.6 }, "geometry": { "type": "Polygon", "coordinates": [ [ [ -100.55805723239628, 19.697378615214436 ], [ -100.561952053732952, 19.694750359083418 ], [ -100.560599751953049, 19.693729578329393 ], [ -100.561317857642194, 19.68804307234452 ], [ -100.564783413030014, 19.689517039613467 ], [ -100.563359057493045, 19.691968701405965 ], [ -100.568428592857686, 19.692949809248866 ], [ -100.564917223657076, 19.694694072653938 ], [ -100.563896229988686, 19.700486399281381 ], [ -100.561618967741097, 19.697688382261987 ], [ -100.55805723239628, 19.697378615214436 ] ] ] } },
{ "type": "Feature", "properties": { "cve_loc": "160340041", "nom_loc": "San Bartolo Cuitareo", "consultorios_faltantes": 0.0 }, "geometry": { "type": "Polygon", "coordinates": [ [ [ -100.602065160691041, 19.660303903364483 ], [ -100.59882671019291, 19.657905153070512 ], [ -100.591856243233309, 19.659023484021652 ], [ -100.591062380084722, 19.656223429096361 ], [ -100.587415590976505, 19.655452901511904 ], [ -100.578965646760665, 19.658479224709364 ], [ -100.576749047176719, 19.658210884048081 ], [ -100.576229936784074, 19.656400074351872 ], [ -100.578425283860057, 19.655066382189585 ], [ -100.577858506296494, 19.652659085389356 ], [ -100.580371075713003, 19.653318874782915 ], [ -100.583851905417674, 19.648114876335924 ], [ -100.588234254586581, 19.647754992214278 ], [ -100.58717548500158, 19.646243316778662 ], [ -100.591955913359769, 19.64230785750242 ], [ -100.598147381545118, 19.648622025970145 ], [ -100.598598532252893, 19.65005784552234 ], [ -100.596693901764894, 19.650817445697843 ], [ -100.596813717546866, 19.656190277411433 ], [ -100.602805622518005, 19.658933886890757 ], [ -100.602065160691041, 19.660303903364483 ] ] ] } },
{ "type": "Feature", "properties": { "cve_loc": "160400001", "nom_loc": "Indaparapeo", "consultorios_faltantes": 0.1 }, "geometry": { "type": "Polygon", "coordinates": [ [ [ -100.968906902977565, 19.797421661650588 ], [ -100.967747437178573, 19.791683105812258 ], [ -100.963052867938757, 19.790951439851707 ], [ -100.966114011256224, 19.789046317533245 ], [ -100.975524285579453, 19.788033530757588 ], [ -100.975093262496671, 19.786496726097909 ], [ -100.978472430288178, 19.787190743936069 ], [ -100.978882744441066, 19.788800272028794 ], [ -100.973358232023443, 19.791102327288712 ], [ -100.972456064254303, 19.796408983461351 ], [ -100.968906902977565, 19.797421661650588 ] ] ] } },
{ "type": "Feature", "properties": { "cve_loc": "160400018", "nom_loc": "San Lucas Pío", "consultorios_faltantes": 0.4 }, "geometry": { "type": "Polygon", "coordinates": [ [ [ -100.922395673927326, 19.796209682416446 ], [ -100.919041938466933, 19.796670039226214 ], [ -100.919050676294418, 19.791124788839181 ], [ -100.920949242032464, 19.788276982555061 ], [ -100.92409702775582, 19.788594340673583 ], [ -100.924975151733008, 19.790380702474256 ], [ -100.926463408806399, 19.78982524610073 ], [ -100.926994504990162, 19.791528463727392 ], [ -100.932441855286626, 19.791570929684099 ], [ -100.932184910826791, 19.790290279678825 ], [ -100.933972034811674, 19.790321126620778 ], [ -100.937259973416531, 19.794823541378239 ], [ -100.939375037980554, 19.795484972528733 ], [ -100.938296466215959, 19.797097829904761 ], [ -100.940218783946378, 19.800256468426593 ], [ -100.937107009831578, 19.797073235702562 ], [ -100.93280421523005, 19.799356868089674 ], [ -100.923087668646531, 19.800117484341843 ], [ -100.922395673927326, 19.796209682416446 ] ] ] } },
{ "type": "Feature", "properties": { "cve_loc": "160430001", "nom_loc": "Jacona de Plancarte", "consultorios_faltantes": 0.0 }, "geometry": { "type": "Polygon", "coordinates": [ [ [ -102.307491463298859, 19.963966737660066 ], [ -102.303019425162361, 19.962222777540479 ], [ -102.305531773961704, 19.956307259546115 ], [ -102.309674482632062, 19.959199009407843 ], [ -102.307491463298859, 19.963966737660066 ] ] ] } },
{ "type": "Feature", "properties": { "cve_loc": "160450001", "nom_loc": "Jiquilpan de Juárez", "consultorios_faltantes": 0.4 }, "geometry": { "type": "Polygon", "coordinates": [ [ [ -102.717325684452177, 20.002415888303418 ], [ -102.708965836418301, 20.000907868876848 ], [ -102.709724623574104, 19.995279842068921 ], [ -102.711432855964532, 19.994995439981182 ], [ -102.714894595160274, 19.989980920385491 ], [ -102.717183274658751, 19.989555461219311 ], [ -102.717325684452177, 20.002415888303418 ] ] ] } },
{ "type": "Feature", "properties": { "cve_loc": "160500001", "nom_loc": "Maravatío de Ocampo", "consultorios_faltantes": 0.9 }, "geometry": { "type": "Polygon", "coordinates": [ [ [ -100.444810646939331, 19.88865234880296 ], [ -100.440070733379159, 19.887646307099732 ], [ -100.444012991047728, 19.883275804417426 ], [ -100.44802522046443, 19.883352893640197 ], [ -100.451501209218463, 19.879986473654839 ], [ -100.457882078278288, 19.878642452572347 ], [ -100.457695964038706, 19.887193203977628 ], [ -100.455217519925412, 19.88720034304853 ], [ -100.455060175528388, 19.888727212067465 ], [ -100.44990437108153, 19.887771705774128 ], [ -100.444810646939331, 19.88865234880296 ] ] ] } },
{ "type": "Feature", "properties": { "cve_loc": "160520001", "nom_loc": "Ciudad Lázaro Cárdenas", "consultorios_faltantes": 0.3 }, "geometry": { "type": "Polygon", "coordinates": [ [ [ -102.20502085053613, 17.96139501733888 ], [ -102.204424304590006, 17.958883789863041 ], [ -102.206690869631714, 17.95850678569467 ], [ -102.213475993853024, 17.960403921398999 ], [ -102.213689003192229, 17.962816780761614 ], [ -102.211035249351653, 17.965813133083582 ], [ -102.20502085053613, 17.96139501733888 ] ] ] } },
{ "type": "Feature", "properties": { "cve_loc": "160520077", "nom_loc": "Las Guacamayas", "consultorios_faltantes": 0.0 }, "geometry": { "type": "Polygon", "coordinates": [ [ [ -102.211145509881675, 18.022706030431788 ], [ -102.214816749214577, 18.022350919894961 ], [ -102.214603079629157, 18.02362196032486 ], [ -102.217770688731491, 18.024502129419549 ], [ -102.212942859456717, 18.027033659542891 ], [ -102.211145509881675, 18.022706030431788 ] ] ] } },
{ "type": "Feature", "properties": { "cve_loc": "160530074", "nom_loc": "Jesús del Monte (La Capilla)", "consultorios_faltantes": 2.3 }, "geometry": { "type": "Polygon", "coordinates": [ [ [ -101.159013474211903, 19.664046776822548 ], [ -101.153788992536747, 19.660970479753363 ], [ -101.153646854631674, 19.658242267920098 ], [ -101.148137623560856, 19.65470339037951 ], [ -101.149470762753424, 19.653387880558537 ], [ -101.147323574831518, 19.652302672544423 ], [ -101.149008243594992, 19.650674272790592 ], [ -101.147445874693773, 19.648708882977491 ], [ -101.149502424330407, 19.649055371683435 ], [ -101.149636023774335, 19.64712751312728 ], [ -101.148255504065602, 19.646456623810305 ], [ -101.147853733508768, 19.642860513727612 ], [ -101.157838649438048, 19.643923477372507 ], [ -101.159652321501326, 19.645911700461117 ], [ -101.158586154610461, 19.647657339624065 ], [ -101.161041052157543, 19.647253754822501 ], [ -101.160784931579641, 19.649146754862794 ], [ -101.163202375149666, 19.650023366160287 ], [ -101.163319991047771, 19.65319965902977 ], [ -101.167702430414963, 19.655679347019326 ], [ -101.164123834180486, 19.658653513129611 ], [ -101.164059399103678, 19.664969339232535 ], [ -101.160414881798971, 19.662219961621229 ], [ -101.159319974188293, 19.666593208513333 ], [ -101.159013474211903, 19.664046776822548 ] ] ] } },
{ "type": "Feature", "properties": { "cve_loc": "160530086", "nom_loc": "Morelos", "consultorios_faltantes": 0.2 }, "geometry": { "type": "Polygon", "coordinates": [ [ [ -101.236502343210887, 19.653164361039995 ], [ -101.23621565380202, 19.649540851800733 ], [ -101.232529204073757, 19.646526282562764 ], [ -101.240227782127775, 19.645843022468895 ], [ -101.241117432170029, 19.651643681914393 ], [ -101.243463922067718, 19.650811071967521 ], [ -101.243484121695857, 19.652494601205472 ], [ -101.236502343210887, 19.653164361039995 ] ] ] } },
{ "type": "Feature", "properties": { "cve_loc": "160560002", "nom_loc": "Arantepacua", "consultorios_faltantes": 0.1 }, "geometry": { "type": "Polygon", "coordinates": [ [ [ -101.965855145279434, 19.599345353147932 ], [ -101.963115005045978, 19.596617454167344 ], [ -101.961148636636494, 19.597024314175954 ], [ -101.961206565042076, 19.59530303287578 ], [ -101.97039843422958, 19.592327554282338 ], [ -101.971515254229615, 19.594443344866274 ], [ -101.97278854295962, 19.59412723497897 ], [ -101.972422671895671, 19.596426620607247 ], [ -101.969829098655509, 19.596967906718497 ], [ -101.970797174011921, 19.598758524222248 ], [ -101.96911877000214, 19.597189014731583 ], [ -101.965855145279434, 19.599345353147932 ] ] ] } },
{ "type": "Feature", "properties": { "cve_loc": "160560003", "nom_loc": "Comachuén", "consultorios_faltantes": 1.2 }, "geometry": { "type": "Polygon", "coordinates": [ [ [ -101.904668095177996, 19.577889008363364 ], [ -101.903511585788621, 19.574139899398428 ], [ -101.89981044656524, 19.572088220243792 ], [ -101.901155426397608, 19.568262060677448 ], [ -101.899937190773713, 19.565100096511649 ], [ -101.903498065404207, 19.568329060846516 ], [ -101.911156520793313, 19.568794323224839 ], [ -101.909374333796166, 19.570153150384016 ], [ -101.910446043956071, 19.573193839348491 ], [ -101.908126380437508, 19.573459231214638 ], [ -101.910425473611454, 19.574670949177605 ], [ -101.910960093683812, 19.575870119449831 ], [ -101.909861663813558, 19.575255215567996 ], [ -101.909231111462745, 19.576709573799416 ], [ -101.904668095177996, 19.577889008363364 ] ] ] } },
{ "type": "Feature", "properties": { "cve_loc": "160560009", "nom_loc": "Turícuaro", "consultorios_faltantes": 0.5 }, "geometry": { "type": "Polygon", "coordinates": [ [ [ -101.937026166883371, 19.577550636327917 ], [ -101.932358797269956, 19.573635117414231 ], [ -101.932469967870176, 19.571270888338681 ], [ -101.934024907043749, 19.570761798054548 ], [ -101.933470037827121, 19.568100978757222 ], [ -101.936153658222338, 19.563619491999724 ], [ -101.941545166003309, 19.56268894978696 ], [ -101.939407735959804, 19.565487599559837 ], [ -101.941355612996546, 19.567836822305907 ], [ -101.940685059463675, 19.569347648417011 ], [ -101.943376143442975, 19.570011054361366 ], [ -101.94279115504574, 19.573178797476881 ], [ -101.940957815468622, 19.576320746620599 ], [ -101.937026166883371, 19.577550636327917 ] ] ] } },
{ "type": "Feature", "properties": { "cve_loc": "160580001", "nom_loc": "Nuevo San Juan Parangaricutiro", "consultorios_faltantes": 0.9 }, "geometry": { "type": "Polygon", "coordinates": [ [ [ -102.134288331634195, 19.418024093720103 ], [ -102.125916107125462, 19.416913001150903 ], [ -102.121235462216603, 19.413146177176692 ], [ -102.129723037286212, 19.414841284510118 ], [ -102.13712887296802, 19.411263315525652 ], [ -102.137226310492679, 19.41625973532361 ], [ -102.134288331634195, 19.418024093720103 ] ] ] } },
{ "type": "Feature", "properties": { "cve_loc": "160650001", "nom_loc": "Paracho de Verduzco", "consultorios_faltantes": 0.0 }, "geometry": { "type": "Polygon", "coordinates": [ [ [ -102.058803388169125, 19.635815996716421 ], [ -102.057243662302781, 19.640983055171112 ], [ -102.058680749193385, 19.647177023342461 ], [ -102.054384060258755, 19.647991003518214 ], [ -102.054270589232317, 19.650376563207907 ], [ -102.051090830272202, 19.650238883452385 ], [ -102.051050760562987, 19.642823915033258 ], [ -102.058803388169125, 19.635815996716421 ] ] ] } },
{ "type": "Feature", "properties": { "cve_loc": "160650006", "nom_loc": "Nurio", "consultorios_faltantes": 0.5 }, "geometry": { "type": "Polygon", "coordinates": [ [ [ -102.129304172273379, 19.662815080299943 ], [ -102.126631072920148, 19.660081110726242 ], [ -102.125010103613889, 19.660585191474237 ], [ -102.126531042537081, 19.658481942651338 ], [ -102.124374133216349, 19.658364371144966 ], [ -102.123163162440861, 19.656134242224631 ], [ -102.12417865273683, 19.654944732785644 ], [ -102.121217484480894, 19.653748703605721 ], [ -102.131547942141808, 19.650280473341049 ], [ -102.130923851030161, 19.65321299229905 ], [ -102.132534870733537, 19.653053513487343 ], [ -102.134405850292524, 19.649875043528912 ], [ -102.134505680412701, 19.65420317225712 ], [ -102.136358390073099, 19.654421421968078 ], [ -102.135124650618195, 19.655601202740499 ], [ -102.136270010303491, 19.655350542357706 ], [ -102.135225251107613, 19.656789452891545 ], [ -102.136282973571767, 19.659130391243128 ], [ -102.130471992156743, 19.658138361440905 ], [ -102.13019014156211, 19.661054052017764 ], [ -102.132716880262436, 19.663684101049547 ], [ -102.129304172273379, 19.662815080299943 ] ] ] } },
{ "type": "Feature", "properties": { "cve_loc": "160660001", "nom_loc": "Pátzcuaro", "consultorios_faltantes": 0.1 }, "geometry": { "type": "Polygon", "coordinates": [ [ [ -101.60196157614044, 19.514871482312131 ], [ -101.596891978391, 19.509103703305353 ], [ -101.598354967878109, 19.508102053812227 ], [ -101.603039017901978, 19.508819161814319 ], [ -101.603027765755797, 19.510218143709587 ], [ -101.604713864992135, 19.509687833479887 ], [ -101.60369083508084, 19.512872603263276 ], [ -101.602101086683263, 19.512385082838925 ], [ -101.60321659601064, 19.514592771855884 ], [ -101.60196157614044, 19.514871482312131 ] ] ] } },
{ "type": "Feature", "properties": { "cve_loc": "160660079", "nom_loc": "Colonia Vista Bella (Lomas del Peaje)", "consultorios_faltantes": 0.1 }, "geometry": { "type": "Polygon", "coordinates": [ [ [ -101.593351349068541, 19.492434997246768 ], [ -101.5915154995877, 19.490413827223236 ], [ -101.596008298615089, 19.487664908385032 ], [ -101.598025167777664, 19.491295997086809 ], [ -101.593351349068541, 19.492434997246768 ] ] ] } },
{ "type": "Feature", "properties": { "cve_loc": "160680001", "nom_loc": "Peribán de Ramos", "consultorios_faltantes": 0.3 }, "geometry": { "type": "Polygon", "coordinates": [ [ [ -102.417112520015095, 19.52620627793392 ], [ -102.413396668435482, 19.525287775266403 ], [ -102.414849374901692, 19.517000301098033 ], [ -102.420719874507171, 19.518252332173795 ], [ -102.417318014616143, 19.522638324991334 ], [ -102.420431985678135, 19.524539744069806 ], [ -102.422279578819001, 19.527941476650291 ], [ -102.4217159580339, 19.529852389539677 ], [ -102.417112520015095, 19.52620627793392 ] ] ] } },
{ "type": "Feature", "properties": { "cve_loc": "160690001", "nom_loc": "La Piedad de Cabadas", "consultorios_faltantes": 1.1 }, "geometry": { "type": "Polygon", "coordinates": [ [ [ -102.026214264099309, 20.341193362929534 ], [ -102.030098472352904, 20.335362325013474 ], [ -102.03341415153686, 20.335989215469482 ], [ -102.034683992962243, 20.339190473962788 ], [ -102.03292135343969, 20.342278334063561 ], [ -102.026214264099309, 20.341193362929534 ] ] ] } },
{ "type": "Feature", "properties": { "cve_loc": "160700001", "nom_loc": "Purépero de Echáiz", "consultorios_faltantes": 0.1 }, "geometry": { "type": "Polygon", "coordinates": [ [ [ -102.004853511109388, 19.914213145575921 ], [ -102.006623759358646, 19.906606168409276 ], [ -102.011872849328796, 19.904216078064383 ], [ -102.011329969929193, 19.906537348459675 ], [ -102.014252907737728, 19.907316817302874 ], [ -102.01447450734203, 19.909562287217184 ], [ -102.016172588386084, 19.909945027256008 ], [ -102.009422819436892, 19.91555330566268 ], [ -102.004853511109388, 19.914213145575921 ] ] ] } },
{ "type": "Feature", "properties": { "cve_loc": "160710001", "nom_loc": "Puruándiro", "consultorios_faltantes": 0.4 }, "geometry": { "type": "Polygon", "coordinates": [ [ [ -101.507751507422796, 20.09014038575711 ], [ -101.506021107986797, 20.088601746514378 ], [ -101.519835905393052, 20.089666956254469 ], [ -101.5193420547362, 20.096230144831129 ], [ -101.515605445778377, 20.096385294951705 ], [ -101.507188198172656, 20.092472985551947 ], [ -101.507751507422796, 20.09014038575711 ] ] ] } },
{ "type": "Feature", "properties": { "cve_loc": "160720001", "nom_loc": "Queréndaro", "consultorios_faltantes": 0.3 }, "geometry": { "type": "Polygon", "coordinates": [ [ [ -100.898318633925456, 19.816130564784668 ], [ -100.885816176586019, 19.808856135953565 ], [ -100.885939936823604, 19.806497302225885 ], [ -100.892258714858315, 19.807256356556397 ], [ -100.899508852859867, 19.803995807128036 ], [ -100.898318633925456, 19.816130564784668 ] ] ] } },
{ "type": "Feature", "properties": { "cve_loc": "160730001", "nom_loc": "Quiroga", "consultorios_faltantes": 0.1 }, "geometry": { "type": "Polygon", "coordinates": [ [ [ -101.532466363450482, 19.670178238007836 ], [ -101.521669796040285, 19.663735899239864 ], [ -101.522473484100971, 19.662666820843775 ], [ -101.520510885181764, 19.660952200528349 ], [ -101.52337413390714, 19.661552280484738 ], [ -101.524772933716022, 19.659526600517783 ], [ -101.525966243942804, 19.660016930012983 ], [ -101.525286515108746, 19.66095891100619 ], [ -101.529362362662084, 19.66316563913211 ], [ -101.528465352831148, 19.66440404997109 ], [ -101.535088072362626, 19.668639218121516 ], [ -101.532466363450482, 19.670178238007836 ] ] ] } },
{ "type": "Feature", "properties": { "cve_loc": "160730011", "nom_loc": "Santa Fe de la Laguna", "consultorios_faltantes": 0.1 }, "geometry": { "type": "Polygon", "coordinates": [ [ [ -101.552570838467886, 19.67551844708262 ], [ -101.548896449088915, 19.672516907283772 ], [ -101.547762879084559, 19.673408307557672 ], [ -101.551399848321296, 19.669305927940588 ], [ -101.555879377891983, 19.671172398195019 ], [ -101.561454155920885, 19.671242637893723 ], [ -101.560623496060416, 19.673621817663069 ], [ -101.556672496835859, 19.673866756928049 ], [ -101.552229358261485, 19.677182526357306 ], [ -101.552570838467886, 19.67551844708262 ] ] ] } },
{ "type": "Feature", "properties": { "cve_loc": "160750001", "nom_loc": "Los Reyes de Salgado", "consultorios_faltantes": 0.3 }, "geometry": { "type": "Polygon", "coordinates": [ [ [ -102.480027430431434, 19.592488666411466 ], [ -102.476739327082385, 19.586994683210733 ], [ -102.471867841903673, 19.587104517606438 ], [ -102.473242803216905, 19.583973097796161 ], [ -102.474285046647253, 19.584701094094125 ], [ -102.476385171070135, 19.581838748477502 ], [ -102.476932161448275, 19.583390498002 ], [ -102.478736450784837, 19.583469757837378 ], [ -102.478830260752304, 19.588640176412614 ], [ -102.483214429273502, 19.590112186248053 ], [ -102.479768650183644, 19.588970586894881 ], [ -102.480027430431434, 19.592488666411466 ] ] ] } },
{ "type": "Feature", "properties": { "cve_loc": "160760001", "nom_loc": "Sahuayo de Morelos", "consultorios_faltantes": 0.8 }, "geometry": { "type": "Polygon", "coordinates": [ [ [ -102.718689194107583, 20.063687285211895 ], [ -102.724234872293835, 20.063509884862491 ], [ -102.724624622714984, 20.061661305125423 ], [ -102.729384991162775, 20.064861194876659 ], [ -102.727709591566011, 20.065071794896362 ], [ -102.725064222417387, 20.06881330394511 ], [ -102.718420973363905, 20.068191643912233 ], [ -102.718689194107583, 20.063687285211895 ] ] ] } },
{ "type": "Feature", "properties": { "cve_loc": "160790001", "nom_loc": "Santa Clara del Cobre", "consultorios_faltantes": 1.0 }, "geometry": { "type": "Polygon", "coordinates": [ [ [ -101.646177566299343, 19.408563455151331 ], [ -101.633598768919867, 19.412702455104267 ], [ -101.631661599038054, 19.407876415732257 ], [ -101.648391755678603, 19.402748096485659 ], [ -101.651485014074069, 19.410541124610447 ], [ -101.647455135987599, 19.41110336549777 ], [ -101.646177566299343, 19.408563455151331 ] ] ] } },
{ "type": "Feature", "properties": { "cve_loc": "160790045", "nom_loc": "Opopeo", "consultorios_faltantes": 0.2 }, "geometry": { "type": "Polygon", "coordinates": [ [ [ -101.604768396454105, 19.405521196705738 ], [ -101.606437335098519, 19.408662595068837 ], [ -101.610551774856006, 19.41014847504351 ], [ -101.609836543953151, 19.413128825305193 ], [ -101.599460436630793, 19.41114562523218 ], [ -101.599453627336004, 19.409677734874997 ], [ -101.602521065576184, 19.410114706175797 ], [ -101.60314617592465, 19.408232565742747 ], [ -101.599625049267573, 19.405680052564701 ], [ -101.599667607545854, 19.401121216863004 ], [ -101.602465737025241, 19.402885847455114 ], [ -101.602819935305931, 19.406194165867458 ], [ -101.604768396454105, 19.405521196705738 ] ] ] } },
{ "type": "Feature", "properties": { "cve_loc": "160820001", "nom_loc": "Tacámbaro de Codallos", "consultorios_faltantes": 0.3 }, "geometry": { "type": "Polygon", "coordinates": [ [ [ -101.459959351010099, 19.239237402767461 ], [ -101.460450200660901, 19.231568624334475 ], [ -101.467811578431451, 19.236433653585582 ], [ -101.462218068732696, 19.235952974487887 ], [ -101.464571338892924, 19.238604259810732 ], [ -101.466363970351026, 19.23847360401663 ], [ -101.466819572435355, 19.2387556201714 ], [ -101.466846293949629, 19.23906755491938 ], [ -101.466419363723659, 19.23867327464642 ], [ -101.46481634478485, 19.238866581882021 ], [ -101.462366769871224, 19.238054423274697 ], [ -101.459959351010099, 19.239237402767461 ] ] ] } },
{ "type": "Feature", "properties": { "cve_loc": "160820066", "nom_loc": "Pedernales", "consultorios_faltantes": 0.5 }, "geometry": { "type": "Polygon", "coordinates": [ [ [ -101.480470486024075, 19.13251758599543 ], [ -101.479315366036431, 19.132253966803741 ], [ -101.477189486242722, 19.136225135537064 ], [ -101.47379363738888, 19.13859599534203 ], [ -101.472374497665939, 19.14383139411304 ], [ -101.470510568007299, 19.144766903965543 ], [ -101.470377117727111, 19.148272213044727 ], [ -101.472444658106966, 19.152213582293971 ], [ -101.469470808712373, 19.149970852257841 ], [ -101.469121030178272, 19.146957885457681 ], [ -101.466004077447792, 19.14515969297096 ], [ -101.464136039805979, 19.145970423314836 ], [ -101.463600690104542, 19.143814953584666 ], [ -101.466352229216241, 19.13968908495109 ], [ -101.480091297392235, 19.131216556650742 ], [ -101.480470486024075, 19.13251758599543 ] ] ] } },
{ "type": "Feature", "properties": { "cve_loc": "160830001", "nom_loc": "Tancítaro", "consultorios_faltantes": 1.0 }, "geometry": { "type": "Polygon", "coordinates": [ [ [ -102.368950347256913, 19.336753626356632 ], [ -102.365515976276896, 19.336863651322549 ], [ -102.366196135583252, 19.344609959352766 ], [ -102.358947517886676, 19.344377929792309 ], [ -102.357467197811644, 19.33269787254314 ], [ -102.359890547119392, 19.334504602285005 ], [ -102.369176405276235, 19.334745511409629 ], [ -102.368950347256913, 19.336753626356632 ] ] ] } },
{ "type": "Feature", "properties": { "cve_loc": "160840004", "nom_loc": "La Cantera", "consultorios_faltantes": 0.1 }, "geometry": { "type": "Polygon", "coordinates": [ [ [ -102.401279470840663, 19.866032969573176 ], [ -102.403450486996135, 19.860296883580222 ], [ -102.406191879034026, 19.861342807740421 ], [ -102.407144267005634, 19.859622557974866 ], [ -102.407858437507329, 19.860578849821717 ], [ -102.409532387038652, 19.859550922157823 ], [ -102.413262192801781, 19.862845285852476 ], [ -102.417430494558928, 19.861378777845839 ], [ -102.417170093822818, 19.863978867559972 ], [ -102.414061097114882, 19.864653874364944 ], [ -102.40433090116268, 19.863781754273518 ], [ -102.401279470840663, 19.866032969573176 ] ] ] } },
{ "type": "Feature", "properties": { "cve_loc": "160840020", "nom_loc": "Tarecuato", "consultorios_faltantes": 0.1 }, "geometry": { "type": "Polygon", "coordinates": [ [ [ -102.460848133901109, 19.842367401993503 ], [ -102.461633893925367, 19.838564123242346 ], [ -102.470329311279201, 19.842299132837585 ], [ -102.468106262812171, 19.8445377615136 ], [ -102.460848133901109, 19.842367401993503 ] ] ] } },
{ "type": "Feature", "properties": { "cve_loc": "160850001", "nom_loc": "Tangancícuaro de Arista", "consultorios_faltantes": 0.1 }, "geometry": { "type": "Polygon", "coordinates": [ [ [ -102.211782172549292, 19.891082970594557 ], [ -102.211667022285411, 19.892584091623959 ], [ -102.207523813624803, 19.891996666752245 ], [ -102.205185663366564, 19.894554139993783 ], [ -102.207143573127212, 19.896733949813459 ], [ -102.202393994992534, 19.898139460240646 ], [ -102.200603324962913, 19.887930682212879 ], [ -102.211782172549292, 19.891082970594557 ] ] ] } },
{ "type": "Feature", "properties": { "cve_loc": "160850040", "nom_loc": "Las Malvinas (Antorcha)[Colonia]", "consultorios_faltantes": 0.0 }, "geometry": { "type": "Polygon", "coordinates": [ [ [ -102.223920854603364, 19.87186933866327 ], [ -102.225053257550201, 19.874924014654425 ], [ -102.223392509906873, 19.875735714055129 ], [ -102.22802147731322, 19.877233604975171 ], [ -102.228128919056985, 19.881869123317017 ], [ -102.220747510704982, 19.879100543995431 ], [ -102.223015798846191, 19.875792685160313 ], [ -102.219873099434835, 19.874993086274671 ], [ -102.219720880151684, 19.87366432636016 ], [ -102.223920854603364, 19.87186933866327 ] ] ] } },
{ "type": "Feature", "properties": { "cve_loc": "160880001", "nom_loc": "Tarímbaro", "consultorios_faltantes": 0.4 }, "geometry": { "type": "Polygon", "coordinates": [ [ [ -101.179389881449623, 19.798446630978678 ], [ -101.176962642583106, 19.796930231842417 ], [ -101.173226492574358, 19.796737851792269 ], [ -101.172409583723862, 19.791050482829437 ], [ -101.182915350909582, 19.791172742416801 ], [ -101.187369879391866, 19.793046822478075 ], [ -101.183567920219815, 19.793231512649879 ], [ -101.181949980598546, 19.796217461952381 ], [ -101.17914898190439, 19.796336341510134 ], [ -101.179389881449623, 19.798446630978678 ] ] ] } },
{ "type": "Feature", "properties": { "cve_loc": "160880017", "nom_loc": "Cuto del Porvenir", "consultorios_faltantes": 0.3 }, "geometry": { "type": "Polygon", "coordinates": [ [ [ -101.145551852312607, 19.872544650843302 ], [ -101.145373852082798, 19.871342132254856 ], [ -101.142760842156761, 19.871494422112757 ], [ -101.142245952894683, 19.869830830936472 ], [ -101.145149102711912, 19.858517535109538 ], [ -101.146190582193029, 19.858895194982594 ], [ -101.145010012686839, 19.860842532826911 ], [ -101.146782331022919, 19.861496682916297 ], [ -101.145271541241115, 19.866378109031672 ], [ -101.148911207237177, 19.867528115864939 ], [ -101.146950652347073, 19.87007942243622 ], [ -101.147996618988714, 19.872982718043875 ], [ -101.145551852312607, 19.872544650843302 ] ] ] } },
{ "type": "Feature", "properties": { "cve_loc": "160880114", "nom_loc": "Real Hacienda (Metrópolis)", "consultorios_faltantes": 0.7 }, "geometry": { "type": "Polygon", "coordinates": [ [ [ -101.194799882959373, 19.753617165244261 ], [ -101.195034193113926, 19.748873180867747 ], [ -101.201396721901503, 19.751532949450439 ], [ -101.200885852137134, 19.75320009416566 ], [ -101.196611271110058, 19.752535185265732 ], [ -101.196358573129203, 19.75389814076409 ], [ -101.194799882959373, 19.753617165244261 ] ] ] } },
{ "type": "Feature", "properties": { "cve_loc": "160880124", "nom_loc": "Fraccionamiento Galaxia Tarímbaro", "consultorios_faltantes": 0.3 }, "geometry": { "type": "Polygon", "coordinates": [ [ [ -101.197627071820008, 19.765712793045083 ], [ -101.196968487766412, 19.759823652332443 ], [ -101.199757453189875, 19.760340946475541 ], [ -101.199176611230641, 19.765306702814783 ], [ -101.197627071820008, 19.765712793045083 ] ] ] } },
{ "type": "Feature", "properties": { "cve_loc": "160880132", "nom_loc": "Fraccionamiento Puerta del Sol", "consultorios_faltantes": 0.1 }, "geometry": { "type": "Polygon", "coordinates": [ [ [ -101.192812946863754, 19.753555861277828 ], [ -101.191639376753898, 19.748148200354777 ], [ -101.193969903135894, 19.748139621452953 ], [ -101.194872018907049, 19.751675858264392 ], [ -101.194363369804307, 19.75357096499684 ], [ -101.192812946863754, 19.753555861277828 ] ] ] } },
{ "type": "Feature", "properties": { "cve_loc": "160880140", "nom_loc": "Campestre Tarímbaro", "consultorios_faltantes": 0.4 }, "geometry": { "type": "Polygon", "coordinates": [ [ [ -101.12910085190245, 19.777041201226577 ], [ -101.127859367711437, 19.775554633829 ], [ -101.124672119926188, 19.765783026252432 ], [ -101.126624398778475, 19.765479196052592 ], [ -101.130424783380647, 19.776644783310086 ], [ -101.12910085190245, 19.777041201226577 ] ] ] } },
{ "type": "Feature", "properties": { "cve_loc": "160880145", "nom_loc": "Fraccionamiento Metrópolis II", "consultorios_faltantes": 0.7 }, "geometry": { "type": "Polygon", "coordinates": [ [ [ -101.205336960108511, 19.761317687168159 ], [ -101.205141994363572, 19.757420633977883 ], [ -101.202634069382711, 19.754793944279484 ], [ -101.204060981067485, 19.754380198627533 ], [ -101.208066059582691, 19.756371398703436 ], [ -101.207711822802594, 19.76173831856832 ], [ -101.205336960108511, 19.761317687168159 ] ] ] } },
{ "type": "Feature", "properties": { "cve_loc": "160880164", "nom_loc": "Fraccionamiento Hacienda del Sol", "consultorios_faltantes": 0.1 }, "geometry": { "type": "Polygon", "coordinates": [ [ [ -101.205040410341681, 19.764111857062638 ], [ -101.208438740608258, 19.763755060269411 ], [ -101.209561963250593, 19.764952507205511 ], [ -101.20722878437185, 19.766590366838521 ], [ -101.207557798494122, 19.767935488192144 ], [ -101.204435707802105, 19.769200079521042 ], [ -101.203870706562654, 19.768139747820165 ], [ -101.206534276399196, 19.766187398807613 ], [ -101.204484194201015, 19.766405288961487 ], [ -101.205040410341681, 19.764111857062638 ] ] ] } },
{ "type": "Feature", "properties": { "cve_loc": "160980001", "nom_loc": "Tuxpan", "consultorios_faltantes": 0.1 }, "geometry": { "type": "Polygon", "coordinates": [ [ [ -100.458543120479348, 19.570281189040223 ], [ -100.459356589534934, 19.569349006617813 ], [ -100.457295703262062, 19.568755527435339 ], [ -100.458792819765861, 19.566689949255245 ], [ -100.458325959435527, 19.564333346302199 ], [ -100.461202308709517, 19.565166719454307 ], [ -100.461751685393793, 19.563494198826188 ], [ -100.466162195365854, 19.563331571198258 ], [ -100.464062440419909, 19.567863723690586 ], [ -100.465496640872203, 19.568085513555847 ], [ -100.465925532306613, 19.570677726280731 ], [ -100.458543120479348, 19.570281189040223 ] ] ] } },
{ "type": "Feature", "properties": { "cve_loc": "161000009", "nom_loc": "Ihuatzio", "consultorios_faltantes": 0.2 }, "geometry": { "type": "Polygon", "coordinates": [ [ [ -101.610635135109419, 19.567503300950097 ], [ -101.610296315031917, 19.565306730993996 ], [ -101.615324733262781, 19.563134841718615 ], [ -101.627577590489679, 19.566587410492886 ], [ -101.625948360856754, 19.568105040444543 ], [ -101.620436822016345, 19.567148620416493 ], [ -101.619753022316814, 19.569170930645235 ], [ -101.618604892766456, 19.567352190312661 ], [ -101.611969604460967, 19.569466010192677 ], [ -101.611746974323395, 19.567394760731716 ], [ -101.610635135109419, 19.567503300950097 ] ] ] } },
{ "type": "Feature", "properties": { "cve_loc": "161020057", "nom_loc": "Angahuan", "consultorios_faltantes": 1.3 }, "geometry": { "type": "Polygon", "coordinates": [ [ [ -102.22036892036509, 19.553661384633809 ], [ -102.21530240129222, 19.548567646121594 ], [ -102.218412801042632, 19.547713396617635 ], [ -102.218481420071498, 19.545728156801857 ], [ -102.225072961792179, 19.543462540542198 ], [ -102.225273448748027, 19.541696848160321 ], [ -102.229862767474984, 19.544015126166688 ], [ -102.231357270962476, 19.542793526668923 ], [ -102.233856588528937, 19.543366522511818 ], [ -102.233608047230575, 19.548020325801918 ], [ -102.226940138806469, 19.550462614596206 ], [ -102.226043599360395, 19.552746983983617 ], [ -102.2236295398598, 19.550628895373038 ], [ -102.22036892036509, 19.553661384633809 ] ] ] } },
{ "type": "Feature", "properties": { "cve_loc": "161020061", "nom_loc": "Caltzontzin", "consultorios_faltantes": 0.2 }, "geometry": { "type": "Polygon", "coordinates": [ [ [ -102.013326189642271, 19.429420950759827 ], [ -102.006860111683267, 19.43115458118498 ], [ -102.007795451265636, 19.430021191228906 ], [ -102.003656881627549, 19.426360751883529 ], [ -102.001928162403004, 19.427203581675926 ], [ -102.002681696809304, 19.423684461056567 ], [ -102.000147462602939, 19.42271364637304 ], [ -102.000802729453568, 19.420069014853052 ], [ -102.014440619787266, 19.424465701845104 ], [ -102.01113196056501, 19.425062221927256 ], [ -102.013636449900716, 19.426458531775882 ], [ -102.013326189642271, 19.429420950759827 ] ] ] } },
{ "type": "Feature", "properties": { "cve_loc": "161020063", "nom_loc": "Capácuaro", "consultorios_faltantes": 0.4 }, "geometry": { "type": "Polygon", "coordinates": [ [ [ -102.051272890399375, 19.540768266978738 ], [ -102.057025517849141, 19.541338731326157 ], [ -102.056481889366651, 19.542484696113835 ], [ -102.060499620320769, 19.540033773859385 ], [ -102.061076289415425, 19.541967437350227 ], [ -102.056303429388535, 19.544462495754175 ], [ -102.056863639593985, 19.546517415587971 ], [ -102.0467603642591, 19.550773117269252 ], [ -102.045894180815424, 19.546435214781596 ], [ -102.051543901360461, 19.543653833546838 ], [ -102.051272890399375, 19.540768266978738 ] ] ] } },
{ "type": "Feature", "properties": { "cve_loc": "161020110", "nom_loc": "Santa Rosa (Santa Bárbara)", "consultorios_faltantes": 0.4 }, "geometry": { "type": "Polygon", "coordinates": [ [ [ -102.03447043493567, 19.385572260497156 ], [ -102.029402704247914, 19.38581471173168 ], [ -102.030471646086468, 19.383609371076123 ], [ -102.028414496037854, 19.38145265170899 ], [ -102.029755876162653, 19.381726061682564 ], [ -102.030458235946014, 19.379579832466785 ], [ -102.031380965812502, 19.380810711914993 ], [ -102.031243365461279, 19.378476102421963 ], [ -102.037437133941481, 19.380679501786183 ], [ -102.038080793928629, 19.379247571899718 ], [ -102.041433361277186, 19.381569292380277 ], [ -102.036515634797553, 19.38294433143372 ], [ -102.03557459417928, 19.388448340490221 ], [ -102.03447043493567, 19.385572260497156 ] ] ] } },
{ "type": "Feature", "properties": { "cve_loc": "161060001", "nom_loc": "Yurécuaro", "consultorios_faltantes": 0.2 }, "geometry": { "type": "Polygon", "coordinates": [ [ [ -102.279231805459446, 20.344141674042742 ], [ -102.282368414212272, 20.333755525831389 ], [ -102.285717833695571, 20.334314016120121 ], [ -102.284792673655502, 20.33804878451663 ], [ -102.291290242936356, 20.339077755101695 ], [ -102.285531093547704, 20.345524853016268 ], [ -102.279231805459446, 20.344141674042742 ] ] ] } },
{ "type": "Feature", "properties": { "cve_loc": "161070001", "nom_loc": "Zacapu", "consultorios_faltantes": 0.1 }, "geometry": { "type": "Polygon", "coordinates": [ [ [ -101.76934027642919, 19.836135872000984 ], [ -101.7786761346688, 19.819451235789863 ], [ -101.784590252826121, 19.822305234989578 ], [ -101.788644492266769, 19.820890305307138 ], [ -101.793908850913056, 19.823199554942079 ], [ -101.78934841212444, 19.829535323356577 ], [ -101.785817452604348, 19.82956383318475 ], [ -101.783195903837793, 19.831870203199351 ], [ -101.778264755007442, 19.831843812857407 ], [ -101.76934027642919, 19.836135872000984 ] ] ] } },
{ "type": "Feature", "properties": { "cve_loc": "161080003", "nom_loc": "Ario de Rayón (Ario Santa Mónica)", "consultorios_faltantes": 0.2 }, "geometry": { "type": "Polygon", "coordinates": [ [ [ -102.350318539494552, 20.03282872121255 ], [ -102.352022258902963, 20.027799852018521 ], [ -102.34966606004852, 20.027122652268943 ], [ -102.350505709276931, 20.022539263041544 ], [ -102.347897140766506, 20.021779723305553 ], [ -102.34818828051668, 20.020622393207205 ], [ -102.352357058924682, 20.021446162843425 ], [ -102.350598589781399, 20.023094622596997 ], [ -102.354452508879675, 20.026470522508603 ], [ -102.353973358495736, 20.028330961956481 ], [ -102.355906358025635, 20.028289431705211 ], [ -102.355504658642161, 20.032576000618288 ], [ -102.350318539494552, 20.03282872121255 ] ] ] } },
{ "type": "Feature", "properties": { "cve_loc": "161080020", "nom_loc": "La Sauceda", "consultorios_faltantes": 0.2 }, "geometry": { "type": "Polygon", "coordinates": [ [ [ -102.348514799993325, 20.102297575553706 ], [ -102.344716460991961, 20.100770415959833 ], [ -102.340151461775207, 20.090434498737444 ], [ -102.342289026450118, 20.089445456816961 ], [ -102.342699591336199, 20.086762899289635 ], [ -102.348804089888347, 20.088000218641834 ], [ -102.348373940058408, 20.089231948745642 ], [ -102.352806489205705, 20.095451647639948 ], [ -102.351540599543128, 20.096132187154666 ], [ -102.348770369668614, 20.0941681579008 ], [ -102.346548948999043, 20.101064124465378 ], [ -102.34891736707057, 20.100774442176583 ], [ -102.348514799993325, 20.102297575553706 ] ] ] } },
{ "type": "Feature", "properties": { "cve_loc": "161080183", "nom_loc": "Monte Olivo [Fraccionamiento]", "consultorios_faltantes": 0.6 }, "geometry": { "type": "Polygon", "coordinates": [ [ [ -102.252024016599862, 19.983180667628169 ], [ -102.249970678499309, 19.986115823374227 ], [ -102.247891894130234, 19.985348690586385 ], [ -102.242443244995982, 19.982957921209554 ], [ -102.247068457423524, 19.979608983332785 ], [ -102.252024016599862, 19.983180667628169 ] ] ] } },
{ "type": "Feature", "properties": { "cve_loc": "161100001", "nom_loc": "Zinapécuaro de Figueroa", "consultorios_faltantes": 0.0 }, "geometry": { "type": "Polygon", "coordinates": [ [ [ -100.82017948190915, 19.861162234016195 ], [ -100.827615720218304, 19.854913915433137 ], [ -100.825751321008156, 19.860937064564624 ], [ -100.8226103216399, 19.864944423865442 ], [ -100.816268279370391, 19.868993175743761 ], [ -100.817622822552565, 19.864437923326467 ], [ -100.815060823671189, 19.864293343277076 ], [ -100.815444073710751, 19.860710724282072 ], [ -100.82017948190915, 19.861162234016195 ] ] ] } },
{ "type": "Feature", "properties": { "cve_loc": "161110009", "nom_loc": "San Ángel Zurumucapio", "consultorios_faltantes": 0.0 }, "geometry": { "type": "Polygon", "coordinates": [ [ [ -101.88221168077061, 19.441908488336775 ], [ -101.8860353589466, 19.440562718641591 ], [ -101.888497018260338, 19.442641549515233 ], [ -101.889440359319082, 19.441031618161691 ], [ -101.892309248017682, 19.443301608349973 ], [ -101.892021077933265, 19.445006747516533 ], [ -101.895768727255046, 19.444435067792927 ], [ -101.895326307839056, 19.446871017025295 ], [ -101.888906907164824, 19.446314627016921 ], [ -101.88888629850274, 19.447790816591997 ], [ -101.882829299679173, 19.448354496501295 ], [ -101.884538169989241, 19.446388487503803 ], [ -101.884505069122582, 19.443630127755672 ], [ -101.88221168077061, 19.441908488336775 ] ] ] } },
{ "type": "Feature", "properties": { "cve_loc": "161120001", "nom_loc": "Heróica Zitácuaro", "consultorios_faltantes": 0.2 }, "geometry": { "type": "Polygon", "coordinates": [ [ [ -100.363983873029738, 19.442556296600149 ], [ -100.364074702862922, 19.437102447644211 ], [ -100.365568780828909, 19.434259669843804 ], [ -100.368735531580739, 19.436949748606196 ], [ -100.366515752106196, 19.441909946887137 ], [ -100.363983873029738, 19.442556296600149 ] ] ] } },
{ "type": "Feature", "properties": { "cve_loc": "170020001", "nom_loc": "Atlatlahucan", "consultorios_faltantes": 0.2 }, "geometry": { "type": "Polygon", "coordinates": [ [ [ -98.898639079059308, 18.942800319134008 ], [ -98.896210970142036, 18.942358258780395 ], [ -98.894793659828792, 18.935512151955109 ], [ -98.895821219947763, 18.935741090343523 ], [ -98.896656050885611, 18.93272713113258 ], [ -98.903024288720303, 18.934066601560758 ], [ -98.904454708950794, 18.937675799836992 ], [ -98.899922920063446, 18.936620551810968 ], [ -98.898639079059308, 18.942800319134008 ] ] ] } },
{ "type": "Feature", "properties": { "cve_loc": "170030001", "nom_loc": "Axochiapan", "consultorios_faltantes": 0.2 }, "geometry": { "type": "Polygon", "coordinates": [ [ [ -98.749420207200899, 18.509635509307699 ], [ -98.748732287235995, 18.505123530006269 ], [ -98.747111126969074, 18.500976191475679 ], [ -98.754025685948662, 18.503333901084506 ], [ -98.754219025713795, 18.509158730523183 ], [ -98.749420207200899, 18.509635509307699 ] ] ] } },
{ "type": "Feature", "properties": { "cve_loc": "170030003", "nom_loc": "Atlacahualoya", "consultorios_faltantes": 0.3 }, "geometry": { "type": "Polygon", "coordinates": [ [ [ -98.735690469430679, 18.549012070515079 ], [ -98.734032750550384, 18.546814050548861 ], [ -98.732451930954539, 18.548253420278588 ], [ -98.723459101931454, 18.537557994016755 ], [ -98.725098862173041, 18.537836420420344 ], [ -98.72587463170683, 18.535840092862436 ], [ -98.726409562233627, 18.537555132563867 ], [ -98.728514891880408, 18.538096962463893 ], [ -98.731068031134456, 18.535644363728743 ], [ -98.734147209502069, 18.541698672119125 ], [ -98.737309898891667, 18.541795071819475 ], [ -98.739893269221753, 18.546457292048537 ], [ -98.741518828398853, 18.546746243158594 ], [ -98.74141108770057, 18.5489148501273 ], [ -98.735611802379822, 18.546412664035991 ], [ -98.735690469430679, 18.549012070515079 ] ] ] } },
{ "type": "Feature", "properties": { "cve_loc": "170040001", "nom_loc": "Ciudad Ayala", "consultorios_faltantes": 0.0 }, "geometry": { "type": "Polygon", "coordinates": [ [ [ -98.981588688965033, 18.768988559902631 ], [ -98.981931548515149, 18.76583532983954 ], [ -98.980700720359167, 18.765592389587745 ], [ -98.983290059688059, 18.759046241470845 ], [ -98.984449888110845, 18.759203402127959 ], [ -98.987473867771456, 18.761213112212904 ], [ -98.986681468803098, 18.763231910049381 ], [ -98.988602868090155, 18.764028370039156 ], [ -98.98306860888593, 18.771277768247529 ], [ -98.981588688965033, 18.768988559902631 ] ] ] } },
{ "type": "Feature", "properties": { "cve_loc": "170040004", "nom_loc": "Anenecuilco", "consultorios_faltantes": 0.2 }, "geometry": { "type": "Polygon", "coordinates": [ [ [ -98.977285030752526, 18.788866064344258 ], [ -98.977777000401957, 18.779905127022815 ], [ -98.979447870476321, 18.779986566864597 ], [ -98.982081899303125, 18.770655168386131 ], [ -98.979932793212114, 18.768320600471167 ], [ -98.98306860888593, 18.771277768247529 ], [ -98.984707568949688, 18.76923426888651 ], [ -98.986800568226272, 18.78399312572402 ], [ -98.984855069014202, 18.783934265479449 ], [ -98.984492148671691, 18.780519156389161 ], [ -98.982562409084281, 18.77877576693211 ], [ -98.98221414950082, 18.781491695916007 ], [ -98.977285030752526, 18.788866064344258 ] ] ] } },
{ "type": "Feature", "properties": { "cve_loc": "170040005", "nom_loc": "San Pedro Apatlaco", "consultorios_faltantes": 1.2 }, "geometry": { "type": "Polygon", "coordinates": [ [ [ -98.959036743603974, 18.799640380679726 ], [ -98.955627605246917, 18.79538873414322 ], [ -98.959525705157887, 18.793170153193405 ], [ -98.959756475397114, 18.789297665780584 ], [ -98.96180273323364, 18.790401984782779 ], [ -98.964143382582108, 18.788339135492286 ], [ -98.966149643169032, 18.791391044111133 ], [ -98.964311244073741, 18.792100103948737 ], [ -98.964486843599872, 18.796165793196586 ], [ -98.967030803587662, 18.796595669630193 ], [ -98.959036743603974, 18.799640380679726 ] ] ] } },
{ "type": "Feature", "properties": { "cve_loc": "170040026", "nom_loc": "Tenextepango", "consultorios_faltantes": 0.9 }, "geometry": { "type": "Polygon", "coordinates": [ [ [ -98.955296216255348, 18.725302629489526 ], [ -98.958306355226796, 18.727461118586096 ], [ -98.95594273552534, 18.732062917786134 ], [ -98.952422697061095, 18.731706257900218 ], [ -98.952147107122443, 18.729577058588806 ], [ -98.949372437241948, 18.731599878210734 ], [ -98.947911788357388, 18.727503448657409 ], [ -98.949993802127324, 18.726552116252183 ], [ -98.949685137064293, 18.725355711379002 ], [ -98.955296216255348, 18.725302629489526 ] ] ] } },
{ "type": "Feature", "properties": { "cve_loc": "170060032", "nom_loc": "Peña Flores (Palo Verde)", "consultorios_faltantes": 0.5 }, "geometry": { "type": "Polygon", "coordinates": [ [ [ -98.967925953417051, 18.873857576192314 ], [ -98.963836153815592, 18.868181847243797 ], [ -98.960630703891866, 18.867505197109303 ], [ -98.961944814826651, 18.864429721511289 ], [ -98.963093524592011, 18.863396678000868 ], [ -98.966258122501685, 18.864136918412672 ], [ -98.968297401930172, 18.862550427511504 ], [ -98.970224982811615, 18.863775677584307 ], [ -98.970653371323792, 18.862263047628829 ], [ -98.973385461295408, 18.865406605229243 ], [ -98.974388151622009, 18.86418666500315 ], [ -98.97550152818151, 18.865343146898017 ], [ -98.973954641563012, 18.86857522601731 ], [ -98.975630780639818, 18.869562826517971 ], [ -98.974276070451225, 18.87000814598424 ], [ -98.976110530943316, 18.871394305627138 ], [ -98.967925953417051, 18.873857576192314 ] ] ] } },
{ "type": "Feature", "properties": { "cve_loc": "170070075", "nom_loc": "Villa Santiago", "consultorios_faltantes": 0.3 }, "geometry": { "type": "Polygon", "coordinates": [ [ [ -99.190040278576888, 18.983725200178224 ], [ -99.183904920184645, 18.98343990992165 ], [ -99.182468119589799, 18.980006651538343 ], [ -99.184018880257653, 18.979862600677148 ], [ -99.184716669772854, 18.976124061330474 ], [ -99.187200178690617, 18.974345891990691 ], [ -99.188610328935937, 18.975701831945766 ], [ -99.187282699116807, 18.980577350429698 ], [ -99.190040278576888, 18.983725200178224 ] ] ] } },
{ "type": "Feature", "properties": { "cve_loc": "170080001", "nom_loc": "Emiliano Zapata", "consultorios_faltantes": 0.7 }, "geometry": { "type": "Polygon", "coordinates": [ [ [ -99.186243219526787, 18.843340911554272 ], [ -99.183619749866708, 18.842314782307994 ], [ -99.185690669103195, 18.837898463180302 ], [ -99.190418788305465, 18.835559833791315 ], [ -99.189706118511495, 18.837712713288358 ], [ -99.192346868205377, 18.839356572534992 ], [ -99.191550748433386, 18.840814742360777 ], [ -99.186243219526787, 18.843340911554272 ] ] ] } },
{ "type": "Feature", "properties": { "cve_loc": "170080004", "nom_loc": "Tezoyuca", "consultorios_faltantes": 0.8 }, "geometry": { "type": "Polygon", "coordinates": [ [ [ -99.204203034617422, 18.816988358266954 ], [ -99.198310116846898, 18.813251758993346 ], [ -99.197255476513035, 18.814679258662839 ], [ -99.195132587362167, 18.812558868605485 ], [ -99.195537726663488, 18.809857699957295 ], [ -99.198908876540457, 18.809008989748463 ], [ -99.198563266249053, 18.803902231164191 ], [ -99.200462155835311, 18.802029061453162 ], [ -99.200134176178196, 18.799926611581284 ], [ -99.201195475677224, 18.801024521994457 ], [ -99.202623215349206, 18.79959423175216 ], [ -99.203226545456403, 18.80183549187139 ], [ -99.206279264654754, 18.80191963150407 ], [ -99.207923544496381, 18.806560470139789 ], [ -99.212676403286494, 18.811563859256054 ], [ -99.210517213617734, 18.815479857990034 ], [ -99.208343644179593, 18.814973608583212 ], [ -99.204203034617422, 18.816988358266954 ] ] ] } },
{ "type": "Feature", "properties": { "cve_loc": "170080005", "nom_loc": "Tres de Mayo", "consultorios_faltantes": 0.0 }, "geometry": { "type": "Polygon", "coordinates": [ [ [ -99.222683830780326, 18.876929374493621 ], [ -99.218089551996826, 18.872707616112557 ], [ -99.211192783402112, 18.873760735102714 ], [ -99.212293312606874, 18.872733104824942 ], [ -99.213559802760557, 18.854666739133378 ], [ -99.217996211450057, 18.858890488481844 ], [ -99.21780009193958, 18.860542057571926 ], [ -99.220838350713805, 18.858797798467656 ], [ -99.220621441355007, 18.872476905061138 ], [ -99.222073950579258, 18.874085764936101 ], [ -99.222683830780326, 18.876929374493621 ] ] ] } },
{ "type": "Feature", "properties": { "cve_loc": "170080050", "nom_loc": "Crucero Tezoyuca", "consultorios_faltantes": 0.0 }, "geometry": { "type": "Polygon", "coordinates": [ [ [ -99.196928446771423, 18.803644501407376 ], [ -99.194989297656605, 18.807802490159471 ], [ -99.192248727122333, 18.806562670677273 ], [ -99.193050147892166, 18.802906290928814 ], [ -99.196928446771423, 18.803644501407376 ] ] ] } },
{ "type": "Feature", "properties": { "cve_loc": "170090001", "nom_loc": "Huitzilac", "consultorios_faltantes": 0.2 }, "geometry": { "type": "Polygon", "coordinates": [ [ [ -99.264372313076876, 19.037528830676024 ], [ -99.259526275044934, 19.037312855838973 ], [ -99.257769081406906, 19.028778560677814 ], [ -99.262286099437347, 19.028467480374495 ], [ -99.264129969500317, 19.02467210110072 ], [ -99.265383590208614, 19.027728870343225 ], [ -99.264669820357639, 19.0312128390499 ], [ -99.268763939417497, 19.031271339928683 ], [ -99.268522139354161, 19.029741910086415 ], [ -99.270365878431235, 19.029250909026992 ], [ -99.268405569119338, 19.028927020252894 ], [ -99.26747055819952, 19.023366680870158 ], [ -99.265535899949683, 19.021058561228319 ], [ -99.267876189619301, 19.020990341749048 ], [ -99.268293589196134, 19.02553170976902 ], [ -99.272800247503255, 19.028295910112693 ], [ -99.274211981271591, 19.031922908481928 ], [ -99.269940479196165, 19.035450618359498 ], [ -99.266891099770106, 19.033355438450627 ], [ -99.265907738827451, 19.039474007746346 ], [ -99.264007649634109, 19.039028587069595 ], [ -99.264372313076876, 19.037528830676024 ] ] ] } },
{ "type": "Feature", "properties": { "cve_loc": "170090017", "nom_loc": "Tres Marías", "consultorios_faltantes": 0.4 }, "geometry": { "type": "Polygon", "coordinates": [ [ [ -99.240888945541457, 19.065047151448908 ], [ -99.241077405891701, 19.062907201329566 ], [ -99.239793566514408, 19.064700491318664 ], [ -99.240032684715786, 19.057826103887102 ], [ -99.238622456947411, 19.05955830281016 ], [ -99.238935936231982, 19.057970662761857 ], [ -99.236941546264788, 19.058670353700474 ], [ -99.23651039658921, 19.054175703393181 ], [ -99.240300356025074, 19.053287236643705 ], [ -99.241664765609215, 19.053656583948644 ], [ -99.241537565996552, 19.0557203234663 ], [ -99.248865573920568, 19.058003283163661 ], [ -99.246047667238315, 19.06544235335317 ], [ -99.243477394864669, 19.06394210095414 ], [ -99.240888945541457, 19.065047151448908 ] ] ] } },
{ "type": "Feature", "properties": { "cve_loc": "170100002", "nom_loc": "Amayuca", "consultorios_faltantes": 0.5 }, "geometry": { "type": "Polygon", "coordinates": [ [ [ -98.800483774572982, 18.725674168954754 ], [ -98.796381305255267, 18.728549968772956 ], [ -98.79119671683803, 18.725207709504019 ], [ -98.794777765894821, 18.72283124945913 ], [ -98.79505939537637, 18.717779170814708 ], [ -98.805412212617824, 18.723388940661081 ], [ -98.804895671861615, 18.730356858151652 ], [ -98.800483774572982, 18.725674168954754 ] ] ] } },
{ "type": "Feature", "properties": { "cve_loc": "170110004", "nom_loc": "Calera Chica", "consultorios_faltantes": 0.3 }, "geometry": { "type": "Polygon", "coordinates": [ [ [ -99.181669480632337, 18.861263477490692 ], [ -99.177972151035092, 18.859717858400018 ], [ -99.178615681218773, 18.857454488465088 ], [ -99.175994931793795, 18.855063749204728 ], [ -99.17695073139619, 18.853037850164792 ], [ -99.180243281190883, 18.856910148580489 ], [ -99.184093840337198, 18.857846228319257 ], [ -99.183026849782848, 18.858799428272018 ], [ -99.18438686965105, 18.859479737888989 ], [ -99.181669480632337, 18.861263477490692 ] ] ] } },
{ "type": "Feature", "properties": { "cve_loc": "170110009", "nom_loc": "Progreso", "consultorios_faltantes": 0.3 }, "geometry": { "type": "Polygon", "coordinates": [ [ [ -99.153804817570261, 18.886318772185998 ], [ -99.144550019602534, 18.882029103176304 ], [ -99.144693259522924, 18.874290974816827 ], [ -99.15064165844359, 18.878350763956934 ], [ -99.152722087812421, 18.881855763320772 ], [ -99.154422387200341, 18.881549683109032 ], [ -99.155001077267983, 18.883839872423522 ], [ -99.160725624673489, 18.876011364017334 ], [ -99.159660395838529, 18.87880624424033 ], [ -99.161370845068959, 18.881789683545506 ], [ -99.160914655687051, 18.885058911985489 ], [ -99.153804817570261, 18.886318772185998 ] ] ] } },
{ "type": "Feature", "properties": { "cve_loc": "170110028", "nom_loc": "Independencia", "consultorios_faltantes": 0.8 }, "geometry": { "type": "Polygon", "coordinates": [ [ [ -99.125896033777394, 18.889340371219685 ], [ -99.123107485313696, 18.883359772803171 ], [ -99.120204655708406, 18.880701313822886 ], [ -99.120770665374039, 18.876873454530593 ], [ -99.125803934322917, 18.876293994418308 ], [ -99.130887562536785, 18.881706593436125 ], [ -99.130238263054167, 18.884166962303677 ], [ -99.13223093272839, 18.885614241805794 ], [ -99.131919592216803, 18.887528453018881 ], [ -99.127953572787703, 18.884471132946548 ], [ -99.12776126295671, 18.888831282604382 ], [ -99.129050652717225, 18.890076512036337 ], [ -99.127250223109229, 18.889319532230644 ], [ -99.127041604099333, 18.888006412591576 ], [ -99.125896033777394, 18.889340371219685 ] ] ] } },
{ "type": "Feature", "properties": { "cve_loc": "170120001", "nom_loc": "Jojutla", "consultorios_faltantes": 0.1 }, "geometry": { "type": "Polygon", "coordinates": [ [ [ -99.17307505192386, 18.612563831718514 ], [ -99.174862330776023, 18.605689976304834 ], [ -99.17863602172946, 18.606200405133546 ], [ -99.179088410593394, 18.603585717375083 ], [ -99.182669250558121, 18.605598766504905 ], [ -99.180859750662165, 18.615423025400272 ], [ -99.17307505192386, 18.612563831718514 ] ] ] } },
{ "type": "Feature", "properties": { "cve_loc": "170120013", "nom_loc": "Tlatenchi", "consultorios_faltantes": 0.3 }, "geometry": { "type": "Polygon", "coordinates": [ [ [ -99.192840556996217, 18.606777836267064 ], [ -99.184021549011334, 18.599402968971237 ], [ -99.18406878961305, 18.59487076905463 ], [ -99.187143099948926, 18.591631145178425 ], [ -99.191004756809534, 18.596626888379802 ], [ -99.189299808472967, 18.599519739367434 ], [ -99.19175829794834, 18.599924038190291 ], [ -99.191142947474631, 18.601537438004474 ], [ -99.194075147374093, 18.602089858046277 ], [ -99.19335146747531, 18.603306707800478 ], [ -99.194902388541365, 18.603970103351358 ], [ -99.192927028500222, 18.604864982899525 ], [ -99.192840556996217, 18.606777836267064 ] ] ] } },
{ "type": "Feature", "properties": { "cve_loc": "170130006", "nom_loc": "Tetelilla", "consultorios_faltantes": 0.5 }, "geometry": { "type": "Polygon", "coordinates": [ [ [ -98.770242818060851, 18.619752848179026 ], [ -98.768448881091828, 18.619607194997997 ], [ -98.768206662123745, 18.615361544567534 ], [ -98.764761652588376, 18.61509722523628 ], [ -98.766479623088713, 18.614418604592416 ], [ -98.765434632639995, 18.613219035661821 ], [ -98.766887122239723, 18.611676225572399 ], [ -98.765333572971812, 18.607689626516269 ], [ -98.769943478624498, 18.607060599397421 ], [ -98.771506691820449, 18.608732706554459 ], [ -98.774604710974344, 18.609050336016793 ], [ -98.774124420286213, 18.611541775774185 ], [ -98.781547108493839, 18.611266425601688 ], [ -98.78286530878745, 18.616933994088694 ], [ -98.77867115001709, 18.61632645438916 ], [ -98.776928799802562, 18.61890059371234 ], [ -98.775989770454913, 18.617802424596388 ], [ -98.770534171736401, 18.618096514036335 ], [ -98.770242818060851, 18.619752848179026 ] ] ] } },
{ "type": "Feature", "properties": { "cve_loc": "170150001", "nom_loc": "Miacatlán", "consultorios_faltantes": 0.3 }, "geometry": { "type": "Polygon", "coordinates": [ [ [ -99.356563455569557, 18.765817940801035 ], [ -99.35684874744905, 18.759981931146569 ], [ -99.359133656924797, 18.756765791849677 ], [ -99.362751605845517, 18.757954511966922 ], [ -99.360796336491987, 18.762590310755595 ], [ -99.362525636002673, 18.76847739894389 ], [ -99.356563455569557, 18.765817940801035 ] ] ] } },
{ "type": "Feature", "properties": { "cve_loc": "170170001", "nom_loc": "Puente de Ixtla", "consultorios_faltantes": 0.1 }, "geometry": { "type": "Polygon", "coordinates": [ [ [ -99.320868785952229, 18.62265108251291 ], [ -99.321884385983637, 18.620562833518772 ], [ -99.319938686464852, 18.620126833659022 ], [ -99.31972886661535, 18.617785624071736 ], [ -99.328340484808962, 18.618215423420583 ], [ -99.327470814701556, 18.620628603547697 ], [ -99.325806354184337, 18.620561972983651 ], [ -99.322312615892457, 18.628160821417179 ], [ -99.320868785952229, 18.62265108251291 ] ] ] } },
{ "type": "Feature", "properties": { "cve_loc": "170180004", "nom_loc": "Cuentepec", "consultorios_faltantes": 0.4 }, "geometry": { "type": "Polygon", "coordinates": [ [ [ -99.326166493148719, 18.867947455999783 ], [ -99.325003375336735, 18.866676976634359 ], [ -99.321476125794689, 18.867619876405868 ], [ -99.318249347335566, 18.864940116616893 ], [ -99.317519787198975, 18.862690047476089 ], [ -99.319761926555898, 18.858202678876552 ], [ -99.32837020411084, 18.858109778819721 ], [ -99.327858314655629, 18.86015173768838 ], [ -99.329946784064703, 18.861293258562036 ], [ -99.328786614185759, 18.862361018866572 ], [ -99.329953294115327, 18.866669737540025 ], [ -99.326166493148719, 18.867947455999783 ] ] ] } },
{ "type": "Feature", "properties": { "cve_loc": "170200001", "nom_loc": "Tepoztlán", "consultorios_faltantes": 0.4 }, "geometry": { "type": "Polygon", "coordinates": [ [ [ -99.099730100806454, 18.996086225489524 ], [ -99.102303488674465, 18.982498259564046 ], [ -99.106225827826322, 18.983344200651803 ], [ -99.107444297523458, 18.989500539171519 ], [ -99.099730100806454, 18.996086225489524 ] ] ] } },
{ "type": "Feature", "properties": { "cve_loc": "170200006", "nom_loc": "Santa Catarina", "consultorios_faltantes": 0.2 }, "geometry": { "type": "Polygon", "coordinates": [ [ [ -99.1473741284629, 18.978678621953069 ], [ -99.146736827904647, 18.97697372255918 ], [ -99.144541598560224, 18.976936752053533 ], [ -99.144281309537234, 18.973144822458028 ], [ -99.141322849663027, 18.973336003393804 ], [ -99.141423620843142, 18.976090921643749 ], [ -99.140445340101195, 18.975612022708518 ], [ -99.13707546175479, 18.969730392968806 ], [ -99.140331680723918, 18.970124973192789 ], [ -99.144280929740191, 18.96818503358876 ], [ -99.14750095931025, 18.969307082692996 ], [ -99.148534188840244, 18.970722622893653 ], [ -99.146678688676232, 18.973672862407174 ], [ -99.150835158084092, 18.976608321479659 ], [ -99.15001267745825, 18.978314252237993 ], [ -99.1473741284629, 18.978678621953069 ] ] ] } },
{ "type": "Feature", "properties": { "cve_loc": "170200102", "nom_loc": "Unidad Habitacional Rinconada Acolapa", "consultorios_faltantes": 0.0 }, "geometry": { "type": "Polygon", "coordinates": [ [ [ -99.134088311973414, 18.898975508944577 ], [ -99.130240653596999, 18.8986633891775 ], [ -99.127289393889782, 18.897870510628035 ], [ -99.130561833136397, 18.896085329962922 ], [ -99.13461037210422, 18.89764323940804 ], [ -99.134088311973414, 18.898975508944577 ] ] ] } },
{ "type": "Feature", "properties": { "cve_loc": "170220001", "nom_loc": "Tetela del Volcán", "consultorios_faltantes": 1.0 }, "geometry": { "type": "Polygon", "coordinates": [ [ [ -98.720204213621287, 18.911757356009478 ], [ -98.721520073376269, 18.902975269036787 ], [ -98.717747583904696, 18.898719758861311 ], [ -98.721362274254062, 18.894169250236999 ], [ -98.724819232091903, 18.895392900517738 ], [ -98.725762832500337, 18.89142148173789 ], [ -98.732448496597385, 18.894593790422999 ], [ -98.731820133803041, 18.895890619991992 ], [ -98.733239530798656, 18.89692129972482 ], [ -98.729318935960293, 18.901694788878366 ], [ -98.728002182163152, 18.902344368626327 ], [ -98.726816472573248, 18.901087309720079 ], [ -98.725621531352289, 18.905800527512106 ], [ -98.720204213621287, 18.911757356009478 ] ] ] } },
{ "type": "Feature", "properties": { "cve_loc": "170240007", "nom_loc": "Huatecalco", "consultorios_faltantes": 0.2 }, "geometry": { "type": "Polygon", "coordinates": [ [ [ -99.148889118627864, 18.68418752681222 ], [ -99.145275619048434, 18.684878719733291 ], [ -99.144548358968962, 18.681706719096379 ], [ -99.140755898798673, 18.68322776075091 ], [ -99.138130759803843, 18.678686119799202 ], [ -99.136084871540163, 18.681472045097856 ], [ -99.133842652568461, 18.681681748917878 ], [ -99.13681782011524, 18.678840489483306 ], [ -99.134994162376046, 18.678362210799225 ], [ -99.145530679447972, 18.670708922622257 ], [ -99.147839258538539, 18.671103362730751 ], [ -99.144800199058892, 18.674326841205314 ], [ -99.144324458459025, 18.678004040889473 ], [ -99.147066388310094, 18.677648151390688 ], [ -99.148889118627864, 18.68418752681222 ] ] ] } },
{ "type": "Feature", "properties": { "cve_loc": "170240013", "nom_loc": "Santa Rosa Treinta", "consultorios_faltantes": 0.1 }, "geometry": { "type": "Polygon", "coordinates": [ [ [ -99.179351211517215, 18.707877522903441 ], [ -99.177216051627767, 18.697755715351104 ], [ -99.174930612344369, 18.697178065242419 ], [ -99.175477184607615, 18.694607376115744 ], [ -99.178722551210399, 18.694753976406215 ], [ -99.178576300802703, 18.695732056354476 ], [ -99.180366750999625, 18.694207986116304 ], [ -99.184143680009342, 18.695967515519101 ], [ -99.184178130157434, 18.707044603255476 ], [ -99.182477130297343, 18.707484682939999 ], [ -99.181822930620783, 18.70490697353835 ], [ -99.179351211517215, 18.707877522903441 ] ] ] } },
{ "type": "Feature", "properties": { "cve_loc": "170250001", "nom_loc": "Tlaquiltenango", "consultorios_faltantes": 0.5 }, "geometry": { "type": "Polygon", "coordinates": [ [ [ -99.155677278373943, 18.629671818901766 ], [ -99.156471269301093, 18.618089414980378 ], [ -99.159537339382467, 18.619612569634196 ], [ -99.156837126143174, 18.619540363920603 ], [ -99.160245044820869, 18.626993632668757 ], [ -99.166370642900972, 18.624685913403084 ], [ -99.168824553189069, 18.62593345206686 ], [ -99.164237305152483, 18.632971740470563 ], [ -99.155677278373943, 18.629671818901766 ] ] ] } },
{ "type": "Feature", "properties": { "cve_loc": "170270001", "nom_loc": "Totolapan", "consultorios_faltantes": 0.1 }, "geometry": { "type": "Polygon", "coordinates": [ [ [ -98.925207743350512, 18.985524819104747 ], [ -98.920975544702884, 18.990377317817327 ], [ -98.917729655448582, 18.988468248554909 ], [ -98.918672505270635, 18.986195278692001 ], [ -98.915585936322287, 18.9853853990316 ], [ -98.914713486001517, 18.98681776934006 ], [ -98.913922386439339, 18.984594309234584 ], [ -98.915283105536133, 18.981059949971208 ], [ -98.917864504895533, 18.982094309531348 ], [ -98.9178581656316, 18.980220710593951 ], [ -98.921392074785814, 18.983753549712247 ], [ -98.924141533366338, 18.983385199997805 ], [ -98.923175103784004, 18.984716429773943 ], [ -98.925207743350512, 18.985524819104747 ] ] ] } },
{ "type": "Feature", "properties": { "cve_loc": "170280006", "nom_loc": "Chiconcuac", "consultorios_faltantes": 0.3 }, "geometry": { "type": "Polygon", "coordinates": [ [ [ -99.200692156179116, 18.777371367169835 ], [ -99.201938525865373, 18.776000157734057 ], [ -99.204237804607004, 18.776745997022033 ], [ -99.206636444159855, 18.773086697993335 ], [ -99.22126615058869, 18.777925526664166 ], [ -99.216010172069119, 18.784413215395961 ], [ -99.216315352021411, 18.78271303563135 ], [ -99.210190443136767, 18.780270616342836 ], [ -99.203717955116403, 18.782689785872716 ], [ -99.201251115354097, 18.781067416266211 ], [ -99.202327315252759, 18.779339526728606 ], [ -99.200692156179116, 18.777371367169835 ] ] ] } },
{ "type": "Feature", "properties": { "cve_loc": "170290001", "nom_loc": "Yautepec de Zaragoza", "consultorios_faltantes": 0.5 }, "geometry": { "type": "Polygon", "coordinates": [ [ [ -99.066500109044128, 18.900227708778807 ], [ -99.060414709929276, 18.897851079555963 ], [ -99.062130679964397, 18.89194044116574 ], [ -99.06340274969584, 18.890658081089658 ], [ -99.063603749420665, 18.89166304098055 ], [ -99.065622248750046, 18.891287960882973 ], [ -99.065555588931204, 18.88963847149909 ], [ -99.069482757727172, 18.891982710868742 ], [ -99.068148608400705, 18.902262358543275 ], [ -99.066500109044128, 18.900227708778807 ] ] ] } },
{ "type": "Feature", "properties": { "cve_loc": "170290005", "nom_loc": "Cocoyoc", "consultorios_faltantes": 0.4 }, "geometry": { "type": "Polygon", "coordinates": [ [ [ -98.982837968418607, 18.898735480194475 ], [ -98.981655349242175, 18.892887530906087 ], [ -98.980319009548467, 18.892504770780398 ], [ -98.982683929337355, 18.891083760774958 ], [ -98.977759690939337, 18.88768939200456 ], [ -98.979409699976642, 18.884513562048056 ], [ -98.975052981633837, 18.883909332839657 ], [ -98.975905601224397, 18.879140073310534 ], [ -98.986767118601449, 18.885724622268626 ], [ -98.991997176654124, 18.886849451981114 ], [ -98.98970512798563, 18.888861791690072 ], [ -98.985211546114698, 18.887602421979022 ], [ -98.984003098458345, 18.898212900268344 ], [ -98.982837968418607, 18.898735480194475 ] ] ] } },
{ "type": "Feature", "properties": { "cve_loc": "170300001", "nom_loc": "Yecapixtla", "consultorios_faltantes": 0.5 }, "geometry": { "type": "Polygon", "coordinates": [ [ [ -98.863992728323382, 18.886260882275707 ], [ -98.861352239044663, 18.885155842729972 ], [ -98.860600799803677, 18.886562651903052 ], [ -98.857087490071621, 18.886191042114248 ], [ -98.86016739940915, 18.879335943651689 ], [ -98.867654057855816, 18.880942623101284 ], [ -98.866730888276251, 18.882752622584622 ], [ -98.868175227364603, 18.884039072288189 ], [ -98.863735459092624, 18.888512821485708 ], [ -98.863992728323382, 18.886260882275707 ] ] ] } },
{ "type": "Feature", "properties": { "cve_loc": "170300008", "nom_loc": "Juan Morales", "consultorios_faltantes": 0.3 }, "geometry": { "type": "Polygon", "coordinates": [ [ [ -98.925877541587454, 18.817185778725118 ], [ -98.921512314744604, 18.817085777775283 ], [ -98.922789104262094, 18.815354608607915 ], [ -98.920147274380767, 18.814191688997489 ], [ -98.920119594418395, 18.810644469916959 ], [ -98.925442813500041, 18.809610749860411 ], [ -98.925877541587454, 18.817185778725118 ] ] ] } },
{ "type": "Feature", "properties": { "cve_loc": "170310001", "nom_loc": "Zacatepec de Hidalgo", "consultorios_faltantes": 0.3 }, "geometry": { "type": "Polygon", "coordinates": [ [ [ -99.204451554591245, 18.668984491752965 ], [ -99.19936960514849, 18.66661853344689 ], [ -99.200129343715091, 18.663275965295647 ], [ -99.198949144404025, 18.662006275001733 ], [ -99.196056975956282, 18.662267753795227 ], [ -99.195120156736309, 18.658038384954473 ], [ -99.196954696910566, 18.657856444788194 ], [ -99.197202207010719, 18.655335185470584 ], [ -99.199572635885403, 18.655906046167612 ], [ -99.199208816301947, 18.657864305232785 ], [ -99.20113275525047, 18.657738424288251 ], [ -99.202239375793226, 18.663642292953558 ], [ -99.209470552671192, 18.661759134926331 ], [ -99.210658313507977, 18.667821382601382 ], [ -99.207017913861208, 18.666344442603751 ], [ -99.204451554591245, 18.668984491752965 ] ] ] } },
{ "type": "Feature", "properties": { "cve_loc": "170310002", "nom_loc": "San Nicolás Galeana", "consultorios_faltantes": 0.5 }, "geometry": { "type": "Polygon", "coordinates": [ [ [ -99.215221862121695, 18.642452478274404 ], [ -99.206720573105287, 18.642698479128807 ], [ -99.204158263053515, 18.640957170130104 ], [ -99.204337273643588, 18.639138171226602 ], [ -99.207473710244088, 18.637321140450357 ], [ -99.206438213743141, 18.63475523373366 ], [ -99.209184494018203, 18.635599620173586 ], [ -99.208552176120747, 18.632141785173342 ], [ -99.210701642548301, 18.634913220176884 ], [ -99.213178472224953, 18.633606170189868 ], [ -99.216473442047217, 18.637257528982659 ], [ -99.212250351832168, 18.638705389461784 ], [ -99.216734956393509, 18.639303768253978 ], [ -99.21706677083246, 18.640795566097477 ], [ -99.215221862121695, 18.642452478274404 ] ] ] } },
{ "type": "Feature", "properties": { "cve_loc": "170320001", "nom_loc": "Zacualpan de Amilpas", "consultorios_faltantes": 0.1 }, "geometry": { "type": "Polygon", "coordinates": [ [ [ -98.764696802627412, 18.799557292072713 ], [ -98.760327263202356, 18.797221693589204 ], [ -98.764971952560131, 18.783293525833066 ], [ -98.76564969186316, 18.775348337545786 ], [ -98.768310821526001, 18.774573999031073 ], [ -98.768952381193557, 18.7722370490192 ], [ -98.769072881072617, 18.775125078692898 ], [ -98.77571761986168, 18.776949637696507 ], [ -98.770735110462311, 18.786041165014556 ], [ -98.774110320554101, 18.787592474454392 ], [ -98.771577570996612, 18.792652493247477 ], [ -98.768367651549681, 18.790820385201521 ], [ -98.764852552188344, 18.797128362270254 ], [ -98.767052891958997, 18.79740839373779 ], [ -98.764696802627412, 18.799557292072713 ] ] ] } },
{ "type": "Feature", "properties": { "cve_loc": "170330001", "nom_loc": "Temoac", "consultorios_faltantes": 0.1 }, "geometry": { "type": "Polygon", "coordinates": [ [ [ -98.774846830860838, 18.776584167263724 ], [ -98.771550626042355, 18.774367494945523 ], [ -98.772280030558306, 18.772726918248964 ], [ -98.768759772075413, 18.77141592844 ], [ -98.770282621551218, 18.765136589950963 ], [ -98.773150490912784, 18.767669099483392 ], [ -98.774235401182565, 18.766878759379235 ], [ -98.774397500572476, 18.769740330707254 ], [ -98.776080800643768, 18.77027806853652 ], [ -98.777511379986507, 18.767568159625029 ], [ -98.778906619475521, 18.769979398850772 ], [ -98.776404630580686, 18.776084097264157 ], [ -98.774846830860838, 18.776584167263724 ] ] ] } },
{ "type": "Feature", "properties": { "cve_loc": "170330002", "nom_loc": "Amilcingo", "consultorios_faltantes": 0.4 }, "geometry": { "type": "Polygon", "coordinates": [ [ [ -98.767766566652028, 18.746466949621677 ], [ -98.765884292704015, 18.739337045887847 ], [ -98.766737681898093, 18.733208717410427 ], [ -98.768224782164779, 18.730761578099237 ], [ -98.772796060817029, 18.732924967766973 ], [ -98.773277920771264, 18.731165398154083 ], [ -98.774757710709494, 18.731069487996113 ], [ -98.774278830283535, 18.733607936974412 ], [ -98.779432909522086, 18.735380167314574 ], [ -98.777462479773831, 18.743502084923378 ], [ -98.771177781837309, 18.74769544386049 ], [ -98.767766566652028, 18.746466949621677 ] ] ] } },
{ "type": "Feature", "properties": { "cve_loc": "170330003", "nom_loc": "Huazulco", "consultorios_faltantes": 0.6 }, "geometry": { "type": "Polygon", "coordinates": [ [ [ -98.767766566652028, 18.746466949621677 ], [ -98.771177781837309, 18.74769544386049 ], [ -98.780429518973108, 18.741622225638089 ], [ -98.778879768294061, 18.746092795266627 ], [ -98.783195477721009, 18.746737515200802 ], [ -98.784024217979251, 18.74459208507874 ], [ -98.788362336612607, 18.745766764615102 ], [ -98.783132148621718, 18.755411043472261 ], [ -98.780219458910707, 18.754804132747143 ], [ -98.779672509241649, 18.757030341539419 ], [ -98.777304219999706, 18.756374742409481 ], [ -98.774926399513234, 18.760578590862931 ], [ -98.772815710683318, 18.760775271882093 ], [ -98.771369910546312, 18.760316481464649 ], [ -98.771053942551632, 18.754981175240772 ], [ -98.767766566652028, 18.746466949621677 ] ] ] } },
{ "type": "Feature", "properties": { "cve_loc": "170360001", "nom_loc": "Barrio de San Miguel", "consultorios_faltantes": 0.1 }, "geometry": { "type": "Polygon", "coordinates": [ [ [ -98.697605928306018, 18.891845131448001 ], [ -98.687008080881526, 18.890891841209804 ], [ -98.687631201432254, 18.888278132690036 ], [ -98.68661914163728, 18.887907412966754 ], [ -98.683974512267412, 18.887951252372311 ], [ -98.682563823492785, 18.889570212227252 ], [ -98.680992773442114, 18.888042972614016 ], [ -98.682490971995193, 18.88611407258891 ], [ -98.685031071475635, 18.886246043036603 ], [ -98.687122572277971, 18.883347022486745 ], [ -98.685110402243239, 18.882228143554791 ], [ -98.687473992140966, 18.877705445226962 ], [ -98.690589371439088, 18.878639643747142 ], [ -98.691713940386151, 18.876836364096189 ], [ -98.69345932973134, 18.877260084028901 ], [ -98.694034200920839, 18.880050823129942 ], [ -98.695773249921871, 18.879895704153512 ], [ -98.697538668296815, 18.881951013877746 ], [ -98.697922338738294, 18.887408482998772 ], [ -98.699119998138912, 18.887821371745932 ], [ -98.697605928306018, 18.891845131448001 ] ] ] } },
{ "type": "Feature", "properties": { "cve_loc": "180080001", "nom_loc": "Xalisco", "consultorios_faltantes": 0.5 }, "geometry": { "type": "Polygon", "coordinates": [ [ [ -104.893106348044995, 21.450057655855304 ], [ -104.897834877951368, 21.449410538828491 ], [ -104.898779978624859, 21.451562116190818 ], [ -104.893098915630645, 21.457973000683637 ], [ -104.893106348044995, 21.450057655855304 ] ] ] } },
{ "type": "Feature", "properties": { "cve_loc": "180150001", "nom_loc": "Santiago Ixcuintla", "consultorios_faltantes": 0.1 }, "geometry": { "type": "Polygon", "coordinates": [ [ [ -105.207982882584972, 21.821155181237032 ], [ -105.207879826154524, 21.819449034725224 ], [ -105.203865144115213, 21.819757071867848 ], [ -105.204420277791684, 21.811900135950523 ], [ -105.210716256705169, 21.812657076350717 ], [ -105.212480876092812, 21.816298865307456 ], [ -105.210230476036998, 21.817493495106998 ], [ -105.210549235763168, 21.820938194321098 ], [ -105.207982882584972, 21.821155181237032 ] ] ] } },
{ "type": "Feature", "properties": { "cve_loc": "180200013", "nom_loc": "Bucerías", "consultorios_faltantes": 0.7 }, "geometry": { "type": "Polygon", "coordinates": [ [ [ -105.334018675914237, 20.763305749094691 ], [ -105.333999165099868, 20.758095089469816 ], [ -105.337674605113889, 20.756070199037033 ], [ -105.3480436209164, 20.761994719308539 ], [ -105.344618252476579, 20.762816627987444 ], [ -105.340089223893642, 20.760143048432109 ], [ -105.3387888536585, 20.76218273796394 ], [ -105.336374795922964, 20.760717717997625 ], [ -105.334018675914237, 20.763305749094691 ] ] ] } },
{ "type": "Feature", "properties": { "cve_loc": "180200043", "nom_loc": "Las Jarretaderas", "consultorios_faltantes": 0.4 }, "geometry": { "type": "Polygon", "coordinates": [ [ [ -105.27186025069804, 20.691733901603246 ], [ -105.27230216011877, 20.688694732881967 ], [ -105.276246318946406, 20.686222903261015 ], [ -105.279238618887035, 20.687788992577154 ], [ -105.278954448749971, 20.690828612036107 ], [ -105.272305759849061, 20.690571442790191 ], [ -105.27186025069804, 20.691733901603246 ] ] ] } },
{ "type": "Feature", "properties": { "cve_loc": "180200049", "nom_loc": "San Clemente de Lima", "consultorios_faltantes": 0.6 }, "geometry": { "type": "Polygon", "coordinates": [ [ [ -105.26548190367221, 20.745833369800089 ], [ -105.276102932797343, 20.744242473294083 ], [ -105.277121384019594, 20.745656235168031 ], [ -105.272869784072114, 20.747034933001057 ], [ -105.273508821797506, 20.750009718728045 ], [ -105.271530283275723, 20.752377374181652 ], [ -105.269458277364976, 20.747411080213841 ], [ -105.267128779801325, 20.748018079183538 ], [ -105.26548190367221, 20.745833369800089 ] ] ] } },
{ "type": "Feature", "properties": { "cve_loc": "180200053", "nom_loc": "Mezcales", "consultorios_faltantes": 0.3 }, "geometry": { "type": "Polygon", "coordinates": [ [ [ -105.286204236617522, 20.737731492558947 ], [ -105.283778126888706, 20.73539335454284 ], [ -105.279967317103569, 20.735866622809993 ], [ -105.279117462125669, 20.733152825330201 ], [ -105.277027609277951, 20.735244063306542 ], [ -105.273474329538018, 20.734018983192666 ], [ -105.274141778493174, 20.732211064390523 ], [ -105.276573116816948, 20.731872487359009 ], [ -105.277213827401155, 20.729220581035001 ], [ -105.27676720879569, 20.726428606139763 ], [ -105.27359761025896, 20.726347856362832 ], [ -105.272619841794807, 20.723461306351059 ], [ -105.277294728500109, 20.724062661569334 ], [ -105.27970091318727, 20.722961920040657 ], [ -105.281796864930357, 20.728753752288515 ], [ -105.288098779623226, 20.736404941330981 ], [ -105.286204236617522, 20.737731492558947 ] ] ] } },
{ "type": "Feature", "properties": { "cve_loc": "180200083", "nom_loc": "San José del Valle", "consultorios_faltantes": 0.1 }, "geometry": { "type": "Polygon", "coordinates": [ [ [ -105.220839971078519, 20.763744576883465 ], [ -105.224711770959715, 20.76080151745877 ], [ -105.227072620444758, 20.760743918021262 ], [ -105.229965129099256, 20.765600216614828 ], [ -105.222427300980954, 20.765635416483413 ], [ -105.220839971078519, 20.763744576883465 ] ] ] } },
{ "type": "Feature", "properties": { "cve_loc": "180200084", "nom_loc": "San Juan de Abajo", "consultorios_faltantes": 0.2 }, "geometry": { "type": "Polygon", "coordinates": [ [ [ -105.194290866292462, 20.814626406773559 ], [ -105.186324149219999, 20.812133618566808 ], [ -105.194338856058877, 20.805127589360392 ], [ -105.196701656626814, 20.810685557835505 ], [ -105.195061706429541, 20.811500217648824 ], [ -105.194290866292462, 20.814626406773559 ] ] ] } },
{ "type": "Feature", "properties": { "cve_loc": "180200088", "nom_loc": "San Vicente", "consultorios_faltantes": 0.2 }, "geometry": { "type": "Polygon", "coordinates": [ [ [ -105.246635815676697, 20.750496179988755 ], [ -105.245830338278196, 20.747965780396058 ], [ -105.253969383913415, 20.745743720962661 ], [ -105.254361132653301, 20.747614450442548 ], [ -105.255398028875831, 20.745711273758982 ], [ -105.257564303222267, 20.746794661205335 ], [ -105.257924292813968, 20.74891031050181 ], [ -105.246635815676697, 20.750496179988755 ] ] ] } },
{ "type": "Feature", "properties": { "cve_loc": "200210001", "nom_loc": "Cosolapa", "consultorios_faltantes": 0.0 }, "geometry": { "type": "Polygon", "coordinates": [ [ [ -96.684193033684721, 18.60379019811764 ], [ -96.678078464221528, 18.600607458242468 ], [ -96.678661094708445, 18.599794538236551 ], [ -96.68225772317227, 18.601399657796293 ], [ -96.684182692350959, 18.595669519345421 ], [ -96.68267202167992, 18.588875755646367 ], [ -96.685226111207143, 18.586709296175897 ], [ -96.690060969584849, 18.587828946083256 ], [ -96.691357709343919, 18.58625626653334 ], [ -96.693821231361383, 18.591206110807978 ], [ -96.689516801449557, 18.596066620986484 ], [ -96.68775640265487, 18.595055257862281 ], [ -96.684193033684721, 18.60379019811764 ] ] ] } },
{ "type": "Feature", "properties": { "cve_loc": "200230001", "nom_loc": "Cuilápam de Guerrero", "consultorios_faltantes": 1.5 }, "geometry": { "type": "Polygon", "coordinates": [ [ [ -96.772976917732876, 16.982274508787889 ], [ -96.766739897791936, 16.97191987083167 ], [ -96.771708637579096, 16.972752231125934 ], [ -96.772937077476897, 16.971230451818592 ], [ -96.769508277510781, 16.965500051983184 ], [ -96.786782233673051, 16.971331760742771 ], [ -96.791921372703982, 16.970149282052549 ], [ -96.79394249167801, 16.971781160553583 ], [ -96.796012460869278, 16.978539960222921 ], [ -96.798819639705115, 16.980855229036333 ], [ -96.798066489570132, 16.98189399787686 ], [ -96.780086374564689, 16.981884688460045 ], [ -96.778959129583797, 16.985077039689781 ], [ -96.772976917732876, 16.982274508787889 ] ] ] } },
{ "type": "Feature", "properties": { "cve_loc": "200280001", "nom_loc": "Heroica Ciudad de Ejutla de Crespo", "consultorios_faltantes": 0.2 }, "geometry": { "type": "Polygon", "coordinates": [ [ [ -96.720814395576383, 16.572908783466126 ], [ -96.723606874674203, 16.56892782528012 ], [ -96.72158708668627, 16.566058090166429 ], [ -96.723425404418791, 16.564406736687115 ], [ -96.720341715518927, 16.56362573671435 ], [ -96.722151424226965, 16.557856936827541 ], [ -96.724492363145984, 16.558470738078263 ], [ -96.731489402554331, 16.565767104569936 ], [ -96.729861311717727, 16.57006141409002 ], [ -96.724071224839889, 16.575916222363517 ], [ -96.723417174465638, 16.573820993720165 ], [ -96.720814395576383, 16.572908783466126 ] ] ] } },
{ "type": "Feature", "properties": { "cve_loc": "200390001", "nom_loc": "Heroica Ciudad de Huajuapan de León", "consultorios_faltantes": 0.1 }, "geometry": { "type": "Polygon", "coordinates": [ [ [ -97.7673147685244, 17.808511585426519 ], [ -97.77167909773901, 17.805738446221397 ], [ -97.774315967347974, 17.806011307381784 ], [ -97.773636077560752, 17.815062074817362 ], [ -97.768524868394749, 17.81497647550276 ], [ -97.7673147685244, 17.808511585426519 ] ] ] } },
{ "type": "Feature", "properties": { "cve_loc": "200430001", "nom_loc": "Juchitán de Zaragoza", "consultorios_faltantes": 0.6 }, "geometry": { "type": "Polygon", "coordinates": [ [ [ -95.021398025425952, 16.43110190264818 ], [ -95.021957394352654, 16.42482621490938 ], [ -95.027815433511506, 16.425501533995902 ], [ -95.025654363785449, 16.43118708335502 ], [ -95.021398025425952, 16.43110190264818 ] ] ] } },
{ "type": "Feature", "properties": { "cve_loc": "200440001", "nom_loc": "Loma Bonita", "consultorios_faltantes": 0.1 }, "geometry": { "type": "Polygon", "coordinates": [ [ [ -95.876086649780987, 18.10916439763502 ], [ -95.868671415161771, 18.109110050311852 ], [ -95.867553798588062, 18.100980612886392 ], [ -95.876959039514233, 18.102971728313307 ], [ -95.876086649780987, 18.10916439763502 ] ] ] } },
{ "type": "Feature", "properties": { "cve_loc": "200590001", "nom_loc": "Miahuatlán de Porfirio Díaz", "consultorios_faltantes": 0.6 }, "geometry": { "type": "Polygon", "coordinates": [ [ [ -96.600647955567723, 16.330975258189902 ], [ -96.595059349298381, 16.332129909553593 ], [ -96.594053661513016, 16.328081928607133 ], [ -96.59527805771873, 16.327707967172419 ], [ -96.595180180677161, 16.323819782933608 ], [ -96.592123051172052, 16.319912765121103 ], [ -96.594358444287735, 16.318743139752875 ], [ -96.598246123394517, 16.322924764935586 ], [ -96.599114030220761, 16.327853999196094 ], [ -96.602738260411158, 16.32336349984622 ], [ -96.608806132560844, 16.31939834632351 ], [ -96.61237493344747, 16.314320622345406 ], [ -96.612179502302041, 16.320846155601526 ], [ -96.618145455642875, 16.318876410776483 ], [ -96.619014288965843, 16.321441727280568 ], [ -96.622330022638138, 16.320135314333299 ], [ -96.61997244647047, 16.32249609932698 ], [ -96.615880920044546, 16.323693435905898 ], [ -96.61927295922348, 16.325049156691229 ], [ -96.618143668269042, 16.327717483681074 ], [ -96.61490717527532, 16.32766228703592 ], [ -96.609554926923323, 16.331555709410392 ], [ -96.608854533547742, 16.334017584229077 ], [ -96.611674654014593, 16.337099034503659 ], [ -96.611101154761826, 16.339366779514478 ], [ -96.605231792543762, 16.335402080303876 ], [ -96.603111740117612, 16.332118974495589 ], [ -96.600647955567723, 16.330975258189902 ] ] ] } },
{ "type": "Feature", "properties": { "cve_loc": "200680001", "nom_loc": "Ocotlán de Morelos", "consultorios_faltantes": 0.0 }, "geometry": { "type": "Polygon", "coordinates": [ [ [ -96.681968208941583, 16.797131923615392 ], [ -96.674264301704028, 16.796272584055838 ], [ -96.676490140830069, 16.787308946574569 ], [ -96.678761720216045, 16.786892896475155 ], [ -96.678711840513287, 16.788499416112664 ], [ -96.68438342826191, 16.791963645050473 ], [ -96.681968208941583, 16.797131923615392 ] ] ] } },
{ "type": "Feature", "properties": { "cve_loc": "200730001", "nom_loc": "Putla Villa de Guerrero", "consultorios_faltantes": 0.1 }, "geometry": { "type": "Polygon", "coordinates": [ [ [ -97.927972864834075, 17.026697951381038 ], [ -97.921671977734292, 17.025667861521839 ], [ -97.921128086495273, 17.023874261964817 ], [ -97.922743897603084, 17.021337253812366 ], [ -97.919695172352021, 17.018763806382541 ], [ -97.92043894640085, 17.015892084896119 ], [ -97.928626605079245, 17.019333143037095 ], [ -97.927972864834075, 17.026697951381038 ] ] ] } },
{ "type": "Feature", "properties": { "cve_loc": "200850001", "nom_loc": "San Agustín Loxicha", "consultorios_faltantes": 0.0 }, "geometry": { "type": "Polygon", "coordinates": [ [ [ -96.608015132469234, 16.017606065562433 ], [ -96.612229010091212, 16.012903625954049 ], [ -96.612729931684314, 16.0145215363791 ], [ -96.615575110964741, 16.013301976547126 ], [ -96.614198421146924, 16.015052975804412 ], [ -96.616058040839746, 16.015805455955348 ], [ -96.620303639406956, 16.013547706300479 ], [ -96.62219310885969, 16.015918835315908 ], [ -96.617972069607418, 16.018152146059009 ], [ -96.608015132469234, 16.017606065562433 ] ] ] } },
{ "type": "Feature", "properties": { "cve_loc": "201070001", "nom_loc": "San Antonio de la Cal", "consultorios_faltantes": 0.9 }, "geometry": { "type": "Polygon", "coordinates": [ [ [ -96.696846602127195, 17.031562827968862 ], [ -96.696293886812398, 17.028202958624053 ], [ -96.698136835618143, 17.028824527683035 ], [ -96.696578516724628, 17.025063057740603 ], [ -96.699038030624095, 17.024478978089185 ], [ -96.703682003108369, 17.027658258505546 ], [ -96.709467732722757, 17.029104977012008 ], [ -96.70992637224353, 17.027816926994092 ], [ -96.713901571453505, 17.03347238565722 ], [ -96.707268651744926, 17.033027571153283 ], [ -96.707879993749444, 17.031042097711069 ], [ -96.702854545785883, 17.030526757713446 ], [ -96.703123945240819, 17.034215265655153 ], [ -96.696846602127195, 17.031562827968862 ] ] ] } },
{ "type": "Feature", "properties": { "cve_loc": "201150002", "nom_loc": "Reyes Mantecón", "consultorios_faltantes": 0.1 }, "geometry": { "type": "Polygon", "coordinates": [ [ [ -96.717481451006449, 16.911473955644972 ], [ -96.714677421427837, 16.906730816770899 ], [ -96.715698789317557, 16.905911327193696 ], [ -96.726403489136445, 16.904127067358967 ], [ -96.725455138370904, 16.906400156737273 ], [ -96.717481451006449, 16.911473955644972 ] ] ] } },
{ "type": "Feature", "properties": { "cve_loc": "201240001", "nom_loc": "San Blas Atempa", "consultorios_faltantes": 0.5 }, "geometry": { "type": "Polygon", "coordinates": [ [ [ -95.218953042057251, 16.333360366302799 ], [ -95.215020913539291, 16.331964438003144 ], [ -95.217875142187737, 16.327868967270437 ], [ -95.217211832119233, 16.325463758034836 ], [ -95.214745112939411, 16.32575166853465 ], [ -95.214734433295334, 16.321478499756875 ], [ -95.216487713017187, 16.321812440195004 ], [ -95.218514429279608, 16.31990018817498 ], [ -95.221854941947242, 16.322902165757625 ], [ -95.222554721253402, 16.330493896629559 ], [ -95.218953042057251, 16.333360366302799 ] ] ] } },
{ "type": "Feature", "properties": { "cve_loc": "201500001", "nom_loc": "San Francisco Telixtlahuaca", "consultorios_faltantes": 0.4 }, "geometry": { "type": "Polygon", "coordinates": [ [ [ -96.897217187062324, 17.306068748798392 ], [ -96.900530006739757, 17.301408749881034 ], [ -96.904847515717648, 17.302733320713703 ], [ -96.905628044726797, 17.300744690971662 ], [ -96.907820583750905, 17.301108190813874 ], [ -96.909609773058335, 17.297775772219122 ], [ -96.911827942558489, 17.302075829714138 ], [ -96.923350200324919, 17.306698629147665 ], [ -96.925288110035808, 17.312100217453068 ], [ -96.921016920970018, 17.315605906327587 ], [ -96.9148911123077, 17.316586416995307 ], [ -96.904267835004404, 17.315416087655692 ], [ -96.903792985264403, 17.311582307912516 ], [ -96.899620619607148, 17.310565577621265 ], [ -96.897217187062324, 17.306068748798392 ] ] ] } },
{ "type": "Feature", "properties": { "cve_loc": "201570001", "nom_loc": "San Jacinto Amilpas", "consultorios_faltantes": 0.7 }, "geometry": { "type": "Polygon", "coordinates": [ [ [ -96.761593240223988, 17.114040395796774 ], [ -96.754460886133842, 17.107651710819535 ], [ -96.751800682872926, 17.101576100247581 ], [ -96.7546729583607, 17.100076960662768 ], [ -96.753296071496251, 17.09196137191261 ], [ -96.754541641445655, 17.091311852866781 ], [ -96.76351705045262, 17.109731987408416 ], [ -96.766376250936759, 17.112044537514532 ], [ -96.761593240223988, 17.114040395796774 ] ] ] } },
{ "type": "Feature", "properties": { "cve_loc": "201660001", "nom_loc": "San José Chiltepec", "consultorios_faltantes": 0.1 }, "geometry": { "type": "Polygon", "coordinates": [ [ [ -96.164811425244494, 17.954783164271134 ], [ -96.166530635402111, 17.951678184615893 ], [ -96.163134146285188, 17.950199645193493 ], [ -96.165039905380766, 17.947372555378738 ], [ -96.164600545388069, 17.937322667859483 ], [ -96.168915514190743, 17.94382438641362 ], [ -96.176118453119926, 17.947061365663831 ], [ -96.174450333418562, 17.95152992520066 ], [ -96.170162623088473, 17.952203615702977 ], [ -96.170073203769959, 17.954699234613006 ], [ -96.164811425244494, 17.954783164271134 ] ] ] } },
{ "type": "Feature", "properties": { "cve_loc": "201740001", "nom_loc": "Ánimas Trujano", "consultorios_faltantes": 0.6 }, "geometry": { "type": "Polygon", "coordinates": [ [ [ -96.711100572842966, 16.998607024655062 ], [ -96.711350059267289, 16.993930591801828 ], [ -96.708743633391435, 16.982406389363341 ], [ -96.715320171045903, 16.983486768430122 ], [ -96.717155491968327, 16.985843337196734 ], [ -96.721235260001251, 16.986685557161131 ], [ -96.718883121091508, 16.994462075539754 ], [ -96.71464349248528, 16.993827815949825 ], [ -96.71317714124649, 16.998631904149839 ], [ -96.711100572842966, 16.998607024655062 ] ] ] } },
{ "type": "Feature", "properties": { "cve_loc": "201880001", "nom_loc": "San Juan Colorado", "consultorios_faltantes": 0.0 }, "geometry": { "type": "Polygon", "coordinates": [ [ [ -97.94994999354445, 16.461065373903583 ], [ -97.949011074909123, 16.458684343635596 ], [ -97.953885527179793, 16.454097110015514 ], [ -97.953680664295831, 16.456707314295379 ], [ -97.957554677238534, 16.460656654628799 ], [ -97.955105450757586, 16.463843576952389 ], [ -97.955251184848407, 16.462324310172583 ], [ -97.94994999354445, 16.461065373903583 ] ] ] } },
{ "type": "Feature", "properties": { "cve_loc": "201970001", "nom_loc": "San Juan Guelavía", "consultorios_faltantes": 0.0 }, "geometry": { "type": "Polygon", "coordinates": [ [ [ -96.544099014981882, 16.963629274278187 ], [ -96.540826956447845, 16.96295425413663 ], [ -96.542903935413648, 16.960219035653815 ], [ -96.540049956696549, 16.957364795258787 ], [ -96.531574188012769, 16.955361486666273 ], [ -96.532709008704003, 16.950983337119123 ], [ -96.535053436901919, 16.950164437749532 ], [ -96.53859824938219, 16.951761428105112 ], [ -96.538973024098524, 16.950439834550195 ], [ -96.535912787901623, 16.947663028237766 ], [ -96.53697532692118, 16.944346408588633 ], [ -96.539678975552434, 16.945112377911233 ], [ -96.539961511305336, 16.94866804038568 ], [ -96.543230754545775, 16.950681936945134 ], [ -96.542766245851112, 16.94794053731346 ], [ -96.544743605272643, 16.946816517868637 ], [ -96.546267934759541, 16.948286937210394 ], [ -96.547083774215096, 16.94589690886092 ], [ -96.551443272400931, 16.94723833894777 ], [ -96.551880033823466, 16.946050937679072 ], [ -96.553595891651796, 16.946460238864329 ], [ -96.552616693265932, 16.949369477971373 ], [ -96.5551668314464, 16.949903347376601 ], [ -96.554694602361096, 16.952636936480719 ], [ -96.551683233101627, 16.95254653735547 ], [ -96.547714095012296, 16.961378944148294 ], [ -96.546147834619362, 16.960818604232017 ], [ -96.544099014981882, 16.963629274278187 ] ] ] } },
{ "type": "Feature", "properties": { "cve_loc": "202270001", "nom_loc": "San Lorenzo Cacaotepec", "consultorios_faltantes": 0.4 }, "geometry": { "type": "Polygon", "coordinates": [ [ [ -96.812279548042795, 17.128689029199183 ], [ -96.808224653350763, 17.128999397658308 ], [ -96.809774243291315, 17.127205883555984 ], [ -96.808800764146824, 17.122923656027726 ], [ -96.804031475428516, 17.125092805122225 ], [ -96.80486970450346, 17.123173546074916 ], [ -96.798189486090521, 17.12525334503901 ], [ -96.79270334321491, 17.123300535109237 ], [ -96.791855492641091, 17.119343266025385 ], [ -96.797143135389405, 17.118787376805788 ], [ -96.800411668736757, 17.121376303406809 ], [ -96.808043343499435, 17.115610696893995 ], [ -96.810986621781993, 17.117366155722621 ], [ -96.814651442455954, 17.116284836465724 ], [ -96.815530481197257, 17.118433035561409 ], [ -96.817931021700986, 17.117335576322645 ], [ -96.821798340013942, 17.120255805809215 ], [ -96.823878049499029, 17.12006522505175 ], [ -96.822864185527635, 17.125867624339378 ], [ -96.813862051402566, 17.135694233503994 ], [ -96.812279548042795, 17.128689029199183 ] ] ] } },
{ "type": "Feature", "properties": { "cve_loc": "202310001", "nom_loc": "San Lucas Camotlán", "consultorios_faltantes": 0.1 }, "geometry": { "type": "Polygon", "coordinates": [ [ [ -95.710470488365885, 16.95034472056437 ], [ -95.707986109643215, 16.947869831736174 ], [ -95.700242575682381, 16.942973698990379 ], [ -95.70518183553483, 16.944231893656383 ], [ -95.709632949334818, 16.942683042724088 ], [ -95.709788108810173, 16.941162842771057 ], [ -95.719019616140102, 16.941711753748699 ], [ -95.719960846154336, 16.945059011744068 ], [ -95.717876995918431, 16.944949372705228 ], [ -95.715370113877583, 16.946531473003255 ], [ -95.715289307324824, 16.948887172008746 ], [ -95.710470488365885, 16.95034472056437 ] ] ] } },
{ "type": "Feature", "properties": { "cve_loc": "202320001", "nom_loc": "San Lucas Ojitlán", "consultorios_faltantes": 1.3 }, "geometry": { "type": "Polygon", "coordinates": [ [ [ -96.38280240040784, 18.063543157449445 ], [ -96.383276220238372, 18.058311328713152 ], [ -96.381831250648872, 18.058052049005852 ], [ -96.382602689686095, 18.055958109535009 ], [ -96.380609740760178, 18.05522592970495 ], [ -96.384470889543195, 18.050178440678739 ], [ -96.387004689186796, 18.05205795999019 ], [ -96.388297748848018, 18.050390360942618 ], [ -96.387413259110261, 18.049288681012861 ], [ -96.392514917340179, 18.052683189933141 ], [ -96.401852905598787, 18.048701080921163 ], [ -96.403276544783694, 18.049187080907487 ], [ -96.40637622414161, 18.057896739024397 ], [ -96.411331372520792, 18.055321589382181 ], [ -96.413440312001214, 18.058020498849991 ], [ -96.408763303445284, 18.07382255465712 ], [ -96.406952314079462, 18.073997124715675 ], [ -96.404397334547355, 18.078167323586221 ], [ -96.401850935704317, 18.070360235342417 ], [ -96.399516415469179, 18.069869265459015 ], [ -96.400026175347634, 18.067401036226403 ], [ -96.397896415845096, 18.065945936770667 ], [ -96.390139377886499, 18.068636186498196 ], [ -96.390301448412586, 18.065736807313254 ], [ -96.386673309065188, 18.066960556751866 ], [ -96.38280240040784, 18.063543157449445 ] ] ] } },
{ "type": "Feature", "properties": { "cve_loc": "202420001", "nom_loc": "San Martín Peras", "consultorios_faltantes": 0.1 }, "geometry": { "type": "Polygon", "coordinates": [ [ [ -98.244471628505934, 17.365971313687332 ], [ -98.236826736757067, 17.364961911101094 ], [ -98.234080103700265, 17.361003821821388 ], [ -98.236566744996182, 17.360475117572928 ], [ -98.232135166153483, 17.354565475421005 ], [ -98.233296824798543, 17.352260119710884 ], [ -98.237925239511185, 17.352010013636601 ], [ -98.239592736507134, 17.354084623620562 ], [ -98.237659376040639, 17.355798170978176 ], [ -98.238159477489972, 17.357176562121957 ], [ -98.241672358852441, 17.357520152274041 ], [ -98.241680487566668, 17.360242390229217 ], [ -98.24610126461009, 17.361931480913253 ], [ -98.244471628505934, 17.365971313687332 ] ] ] } },
{ "type": "Feature", "properties": { "cve_loc": "202930003", "nom_loc": "Hacienda Blanca", "consultorios_faltantes": 0.4 }, "geometry": { "type": "Polygon", "coordinates": [ [ [ -96.771165717748445, 17.124333783433499 ], [ -96.778115246242052, 17.122515333645143 ], [ -96.778434095324172, 17.124886703951404 ], [ -96.773361418134954, 17.126662662944046 ], [ -96.771165717748445, 17.124333783433499 ] ] ] } },
{ "type": "Feature", "properties": { "cve_loc": "202980001", "nom_loc": "San Pablo Villa de Mitla", "consultorios_faltantes": 0.1 }, "geometry": { "type": "Polygon", "coordinates": [ [ [ -96.346863384803427, 16.923711444638176 ], [ -96.343132756611766, 16.919305215251995 ], [ -96.34263285627857, 16.915282746348215 ], [ -96.351181783921916, 16.918179216113419 ], [ -96.351399744415204, 16.916600116213178 ], [ -96.354277531255491, 16.917328453507359 ], [ -96.354682664002496, 16.915067517037841 ], [ -96.356676312628949, 16.914577616295908 ], [ -96.355833722109267, 16.908835639339152 ], [ -96.359671352003417, 16.908319819507813 ], [ -96.361931520864786, 16.911332838157104 ], [ -96.360676401990389, 16.91909812515199 ], [ -96.363558310523231, 16.918076696212839 ], [ -96.361954690603753, 16.924056575458238 ], [ -96.353457663727824, 16.924504414535186 ], [ -96.351755293906123, 16.923031844763162 ], [ -96.346863384803427, 16.923711444638176 ] ] ] } },
{ "type": "Feature", "properties": { "cve_loc": "203080001", "nom_loc": "San Pedro Huilotepec", "consultorios_faltantes": 0.2 }, "geometry": { "type": "Polygon", "coordinates": [ [ [ -95.150704510065921, 16.240830019757819 ], [ -95.153411879297266, 16.236696220780299 ], [ -95.154691418879821, 16.238788530102639 ], [ -95.155911129180851, 16.238404350693084 ], [ -95.159311587694148, 16.247553697674942 ], [ -95.149522110810722, 16.249061547505089 ], [ -95.148864131070127, 16.250547317533503 ], [ -95.146750310859318, 16.249947297362606 ], [ -95.147451791090504, 16.247990978262557 ], [ -95.142945192145859, 16.249055057864393 ], [ -95.140972342594921, 16.244705809077757 ], [ -95.150704510065921, 16.240830019757819 ] ] ] } },
{ "type": "Feature", "properties": { "cve_loc": "203180002", "nom_loc": "Bajos de Chila", "consultorios_faltantes": 0.0 }, "geometry": { "type": "Polygon", "coordinates": [ [ [ -97.117166261169913, 15.93315864170636 ], [ -97.116789891358295, 15.924939333711036 ], [ -97.113681833429922, 15.924575625288234 ], [ -97.112851262029665, 15.919401499352899 ], [ -97.126745738753641, 15.924493084305443 ], [ -97.119456800995792, 15.926429244855067 ], [ -97.118786380826151, 15.930623282721038 ], [ -97.119809771640476, 15.931666242820436 ], [ -97.118315980853509, 15.933120731776825 ], [ -97.117166261169913, 15.93315864170636 ] ] ] } },
{ "type": "Feature", "properties": { "cve_loc": "203250001", "nom_loc": "San Pedro Quiatoni", "consultorios_faltantes": 0.4 }, "geometry": { "type": "Polygon", "coordinates": [ [ [ -96.024557561791156, 16.790832816186821 ], [ -96.025144763735511, 16.784554948144976 ], [ -96.029375178764326, 16.78328154444625 ], [ -96.02947919232605, 16.780984809278589 ], [ -96.027623028315134, 16.782839576225108 ], [ -96.024552058645469, 16.781533946950773 ], [ -96.02658014147373, 16.780350932068163 ], [ -96.022213634446842, 16.779737408407016 ], [ -96.021683986431924, 16.776394782577583 ], [ -96.023284483933395, 16.776553470158994 ], [ -96.024424091411547, 16.771475291221581 ], [ -96.038182713481888, 16.779131754755827 ], [ -96.037194203286347, 16.78695165936043 ], [ -96.034763466747307, 16.788151528122214 ], [ -96.028383319357147, 16.787605525065779 ], [ -96.027908266845984, 16.789770312367114 ], [ -96.024557561791156, 16.790832816186821 ] ] ] } },
{ "type": "Feature", "properties": { "cve_loc": "203380001", "nom_loc": "Villa de Etla", "consultorios_faltantes": 0.1 }, "geometry": { "type": "Polygon", "coordinates": [ [ [ -96.794169598264588, 17.204012088348318 ], [ -96.792961481779443, 17.198773545081984 ], [ -96.79455296713634, 17.19505189582474 ], [ -96.791085737944954, 17.190257054363716 ], [ -96.795162526339681, 17.189682236916187 ], [ -96.795131246113669, 17.191486867337947 ], [ -96.798698275377248, 17.186507761525451 ], [ -96.797461231624354, 17.183675449500313 ], [ -96.800778443433416, 17.183311895998013 ], [ -96.801841515971532, 17.185685165154258 ], [ -96.804367724386552, 17.185811238495145 ], [ -96.804683724503846, 17.190256026947463 ], [ -96.80880582897295, 17.190092797261666 ], [ -96.809095068839781, 17.193564546599838 ], [ -96.807880669482543, 17.196481146270035 ], [ -96.804341780471432, 17.198991176162359 ], [ -96.803580014497527, 17.202578954207084 ], [ -96.801183813926343, 17.203000543267244 ], [ -96.800834954075981, 17.201515514195169 ], [ -96.794169598264588, 17.204012088348318 ] ] ] } },
{ "type": "Feature", "properties": { "cve_loc": "203500001", "nom_loc": "San Sebastián Tutla", "consultorios_faltantes": 0.8 }, "geometry": { "type": "Polygon", "coordinates": [ [ [ -96.671949843222549, 17.064085979947862 ], [ -96.670300634074366, 17.061748140386381 ], [ -96.663404874440843, 17.060546570346261 ], [ -96.663598645289454, 17.059361400972129 ], [ -96.671973833506129, 17.053059171650869 ], [ -96.674250632682757, 17.053735031426946 ], [ -96.674642572548322, 17.050841491540076 ], [ -96.681618430892698, 17.051739262313845 ], [ -96.679069030467431, 17.06288359985982 ], [ -96.683755230312258, 17.063684109514888 ], [ -96.684970000023753, 17.059195740319822 ], [ -96.68734403823143, 17.059513089719982 ], [ -96.685449579100379, 17.06742790764595 ], [ -96.671949843222549, 17.064085979947862 ] ] ] } },
{ "type": "Feature", "properties": { "cve_loc": "203750001", "nom_loc": "Santa Cruz Amilpas", "consultorios_faltantes": 0.0 }, "geometry": { "type": "Polygon", "coordinates": [ [ [ -96.679069030467431, 17.06288359985982 ], [ -96.679869490666647, 17.0571693414675 ], [ -96.685778499486261, 17.057626679997661 ], [ -96.683755230312258, 17.063684109514888 ], [ -96.679069030467431, 17.06288359985982 ] ] ] } },
{ "type": "Feature", "properties": { "cve_loc": "203850001", "nom_loc": "Santa Cruz Xoxocotlán", "consultorios_faltantes": 0.8 }, "geometry": { "type": "Polygon", "coordinates": [ [ [ -96.715666862139059, 17.029793237143249 ], [ -96.715520348871081, 17.031279170658742 ], [ -96.712742853796371, 17.030878715114927 ], [ -96.712862252364374, 17.029299948096675 ], [ -96.715580541848027, 17.0295375885498 ], [ -96.719384730943091, 17.024679617695906 ], [ -96.722551510106527, 17.026254457493316 ], [ -96.722031250929462, 17.028899146957176 ], [ -96.727664088002712, 17.029245378249868 ], [ -96.727718848147319, 17.026236188999611 ], [ -96.729595507517644, 17.026638607662292 ], [ -96.727983817775907, 17.040370355282814 ], [ -96.725953629147796, 17.033939925823603 ], [ -96.715666862139059, 17.029793237143249 ] ] ] } },
{ "type": "Feature", "properties": { "cve_loc": "203900001", "nom_loc": "Santa Lucía del Camino", "consultorios_faltantes": 0.6 }, "geometry": { "type": "Polygon", "coordinates": [ [ [ -96.706380683885286, 17.081814844615693 ], [ -96.695557837812444, 17.081314836346941 ], [ -96.6938687779042, 17.079395285100532 ], [ -96.696005866808918, 17.068991337891468 ], [ -96.699834636711529, 17.069276407823512 ], [ -96.698714655270251, 17.070992777008065 ], [ -96.700758766370697, 17.071114107443154 ], [ -96.700739825246913, 17.073555906487432 ], [ -96.704919603801741, 17.073533027057163 ], [ -96.706380683885286, 17.081814844615693 ] ] ] } },
{ "type": "Feature", "properties": { "cve_loc": "203990001", "nom_loc": "Santa María Atzompa", "consultorios_faltantes": 0.1 }, "geometry": { "type": "Polygon", "coordinates": [ [ [ -96.774586331157863, 17.106133953342646 ], [ -96.771223987649535, 17.10417256894641 ], [ -96.772295416679242, 17.103744438939245 ], [ -96.77052423810639, 17.101408159858241 ], [ -96.77099720801192, 17.099639999751663 ], [ -96.773953867112766, 17.098217771162684 ], [ -96.77149992828781, 17.094908621708793 ], [ -96.775486116436753, 17.095793511906614 ], [ -96.775689295985288, 17.097627361274945 ], [ -96.778345585188177, 17.099627509183033 ], [ -96.776674716738114, 17.101334249689838 ], [ -96.77660300620785, 17.10490106903519 ], [ -96.774586331157863, 17.106133953342646 ] ] ] } },
{ "type": "Feature", "properties": { "cve_loc": "204090001", "nom_loc": "Santa María del Tule", "consultorios_faltantes": 0.0 }, "geometry": { "type": "Polygon", "coordinates": [ [ [ -96.624943254653957, 17.053714372584395 ], [ -96.626342954638872, 17.051861252221126 ], [ -96.623106025931705, 17.050423682000734 ], [ -96.623491765053245, 17.048678493828515 ], [ -96.625608964949862, 17.049331723714204 ], [ -96.623968245200615, 17.047123692772246 ], [ -96.624567075442783, 17.045627773437136 ], [ -96.631913422713055, 17.048892723456145 ], [ -96.627557994443137, 17.054517250927837 ], [ -96.624943254653957, 17.053714372584395 ] ] ] } },
{ "type": "Feature", "properties": { "cve_loc": "204130001", "nom_loc": "Santa María Huatulco", "consultorios_faltantes": 0.1 }, "geometry": { "type": "Polygon", "coordinates": [ [ [ -96.319013745483005, 15.838861362013782 ], [ -96.317174316136288, 15.836582102755672 ], [ -96.318992605754289, 15.835911472575116 ], [ -96.319768375461734, 15.830260454105961 ], [ -96.317430916215713, 15.830176813709821 ], [ -96.316849855750263, 15.828388904237231 ], [ -96.319341865177691, 15.825036305076194 ], [ -96.321791314624903, 15.830299334525868 ], [ -96.324928750526155, 15.830417790162183 ], [ -96.324836372808861, 15.834700193385903 ], [ -96.329160142575489, 15.835428553441197 ], [ -96.326650223753703, 15.836425762586128 ], [ -96.323807804420753, 15.834986243140584 ], [ -96.323317484726715, 15.836936872423417 ], [ -96.31963971554822, 15.836762552716875 ], [ -96.319013745483005, 15.838861362013782 ] ] ] } },
{ "type": "Feature", "properties": { "cve_loc": "204130078", "nom_loc": "Crucecita", "consultorios_faltantes": 0.2 }, "geometry": { "type": "Polygon", "coordinates": [ [ [ -96.138422051278582, 15.78064232813073 ], [ -96.132979763006261, 15.773746129514164 ], [ -96.127928233765772, 15.773465660216603 ], [ -96.12875899414999, 15.768120461068268 ], [ -96.135527511893812, 15.77521102896447 ], [ -96.137054432041978, 15.774151749316008 ], [ -96.139396630861427, 15.780156867703177 ], [ -96.138422051278582, 15.78064232813073 ] ] ] } },
{ "type": "Feature", "properties": { "cve_loc": "204130135", "nom_loc": "Sector H Tres", "consultorios_faltantes": 0.5 }, "geometry": { "type": "Polygon", "coordinates": [ [ [ -96.143988679541025, 15.76924940081366 ], [ -96.14481007969728, 15.768067981852957 ], [ -96.143308079801614, 15.767823150437314 ], [ -96.145839128059109, 15.765829461755111 ], [ -96.144352019379426, 15.764005472718443 ], [ -96.149720808811324, 15.764479931303274 ], [ -96.150104409709485, 15.766930082869639 ], [ -96.146306499424725, 15.767513671161005 ], [ -96.145319019758148, 15.770285350778796 ], [ -96.143988679541025, 15.76924940081366 ] ] ] } },
{ "type": "Feature", "properties": { "cve_loc": "204830001", "nom_loc": "Santiago Suchilquitongo", "consultorios_faltantes": 0.3 }, "geometry": { "type": "Polygon", "coordinates": [ [ [ -96.877377162304313, 17.261021210336445 ], [ -96.86880804440591, 17.248810642762951 ], [ -96.86129401573352, 17.245007563635177 ], [ -96.858030396677265, 17.241242815068311 ], [ -96.858100566536592, 17.23901209576599 ], [ -96.866378963601576, 17.243886634392744 ], [ -96.868952961568098, 17.243931859650964 ], [ -96.867487830205334, 17.24183355502111 ], [ -96.873763532885263, 17.244151724927782 ], [ -96.882912768027126, 17.240891492974054 ], [ -96.88436594899602, 17.243701644636239 ], [ -96.880102100046443, 17.248453182715032 ], [ -96.886008774580546, 17.250984879730844 ], [ -96.885846694247618, 17.2538001810967 ], [ -96.8827334106807, 17.257148660821997 ], [ -96.87845535205166, 17.258185100948587 ], [ -96.877377162304313, 17.261021210336445 ] ] ] } },
{ "type": "Feature", "properties": { "cve_loc": "204970001", "nom_loc": "Santiago Yaitepec", "consultorios_faltantes": 0.4 }, "geometry": { "type": "Polygon", "coordinates": [ [ [ -97.261439018468593, 16.233864997233134 ], [ -97.256941339589417, 16.230636108437675 ], [ -97.256831378400605, 16.228534477436327 ], [ -97.26026384872371, 16.225689372242183 ], [ -97.260412858464122, 16.222432659898043 ], [ -97.262414537996037, 16.220096740688692 ], [ -97.260582618220198, 16.217489631040589 ], [ -97.267026046899602, 16.215565972028401 ], [ -97.273389075289714, 16.221506609966156 ], [ -97.275298784533717, 16.224689059669405 ], [ -97.27576896353078, 16.229930749374148 ], [ -97.268510966545108, 16.234239747392664 ], [ -97.261439018468593, 16.233864997233134 ] ] ] } },
{ "type": "Feature", "properties": { "cve_loc": "205150001", "nom_loc": "Santo Domingo Tehuantepec", "consultorios_faltantes": 0.1 }, "geometry": { "type": "Polygon", "coordinates": [ [ [ -95.23802693683156, 16.320174670680387 ], [ -95.23186917991832, 16.31938444959421 ], [ -95.226671885911031, 16.311299161411394 ], [ -95.232352468977354, 16.308928842003596 ], [ -95.234873867432697, 16.306321444026352 ], [ -95.238574436596053, 16.318444670517763 ], [ -95.23802693683156, 16.320174670680387 ] ] ] } },
{ "type": "Feature", "properties": { "cve_loc": "205510037", "nom_loc": "Ciudad Yagul [Fraccionamiento]", "consultorios_faltantes": 0.0 }, "geometry": { "type": "Polygon", "coordinates": [ [ [ -96.459839601879537, 16.981393691131352 ], [ -96.467070836366588, 16.979115723503039 ], [ -96.468386385881502, 16.982766319476173 ], [ -96.465407867053784, 16.984420678450039 ], [ -96.459839601879537, 16.981393691131352 ] ] ] } },
{ "type": "Feature", "properties": { "cve_loc": "205590001", "nom_loc": "San Juan Bautista Valle Nacional", "consultorios_faltantes": 0.1 }, "geometry": { "type": "Polygon", "coordinates": [ [ [ -96.305981402711325, 17.780732147217822 ], [ -96.302447169443766, 17.774760567615839 ], [ -96.300382329733537, 17.775265948315454 ], [ -96.299478500221753, 17.772708858048684 ], [ -96.311540587863533, 17.77109740786333 ], [ -96.309875277900744, 17.774004538688999 ], [ -96.311293168037409, 17.779987135669469 ], [ -96.305981402711325, 17.780732147217822 ] ] ] } },
{ "type": "Feature", "properties": { "cve_loc": "205650001", "nom_loc": "Villa de Zaachila", "consultorios_faltantes": 0.2 }, "geometry": { "type": "Polygon", "coordinates": [ [ [ -96.755254421066354, 16.959723514362256 ], [ -96.748853123253483, 16.957942704127287 ], [ -96.750419872432303, 16.94969971622783 ], [ -96.752607392332152, 16.948905207559747 ], [ -96.767317448500137, 16.951454746094196 ], [ -96.766965918413959, 16.952568112143336 ], [ -96.75978834982817, 16.95288396665044 ], [ -96.759704585260565, 16.955048936388295 ], [ -96.763496919901797, 16.955832884271391 ], [ -96.762817788588322, 16.958757145201051 ], [ -96.760539640387449, 16.957950234233387 ], [ -96.75894402032236, 16.959145805177542 ], [ -96.760027060738352, 16.961056732258395 ], [ -96.75811346611421, 16.960605142144523 ], [ -96.757694881454725, 16.958439434753796 ], [ -96.75562371695095, 16.95802411857305 ], [ -96.755254421066354, 16.959723514362256 ] ] ] } },
{ "type": "Feature", "properties": { "cve_loc": "210010001", "nom_loc": "Acajete", "consultorios_faltantes": 0.8 }, "geometry": { "type": "Polygon", "coordinates": [ [ [ -97.953387725036279, 19.119460677540769 ], [ -97.947579325737181, 19.114579888541218 ], [ -97.948918055608971, 19.112266689116385 ], [ -97.950415694610498, 19.113819988088675 ], [ -97.95569934338566, 19.111264999296115 ], [ -97.95775225343327, 19.107086731343955 ], [ -97.962932842144667, 19.12163543971003 ], [ -97.961284121679782, 19.119752087165192 ], [ -97.957896972523187, 19.122474716454828 ], [ -97.954352313902092, 19.118898457674064 ], [ -97.953387725036279, 19.119460677540769 ] ] ] } },
{ "type": "Feature", "properties": { "cve_loc": "210010006", "nom_loc": "San Agustín Tlaxco", "consultorios_faltantes": 0.1 }, "geometry": { "type": "Polygon", "coordinates": [ [ [ -97.996652143434957, 19.057755231698138 ], [ -97.988899147604087, 19.054317455509999 ], [ -97.99119584496303, 19.051689122717143 ], [ -97.990346484869633, 19.050256266323178 ], [ -97.997045928574977, 19.051603713486454 ], [ -97.995885173691789, 19.05309847284289 ], [ -97.996652143434957, 19.057755231698138 ] ] ] } },
{ "type": "Feature", "properties": { "cve_loc": "210010015", "nom_loc": "Santa Isabel Tepetzala", "consultorios_faltantes": 0.2 }, "geometry": { "type": "Polygon", "coordinates": [ [ [ -97.945586062934169, 19.120752150822415 ], [ -97.943419124727129, 19.122606306595408 ], [ -97.936096696103078, 19.116954936990112 ], [ -97.942818186067086, 19.109015420927857 ], [ -97.947579325737181, 19.114579888541218 ], [ -97.943826626504915, 19.118033507426112 ], [ -97.945586062934169, 19.120752150822415 ] ] ] } },
{ "type": "Feature", "properties": { "cve_loc": "210010017", "nom_loc": "San Juan Tepulco", "consultorios_faltantes": 1.2 }, "geometry": { "type": "Polygon", "coordinates": [ [ [ -97.9949623024782, 19.124758166746052 ], [ -97.987896537695462, 19.123933177511404 ], [ -97.98468696568348, 19.117177048470296 ], [ -97.989957114329599, 19.115098168489855 ], [ -97.990660714023662, 19.117307887440983 ], [ -97.994549462477153, 19.117796355073132 ], [ -97.9949623024782, 19.124758166746052 ] ] ] } },
{ "type": "Feature", "properties": { "cve_loc": "210030001", "nom_loc": "Acatlán de Osorio", "consultorios_faltantes": 0.0 }, "geometry": { "type": "Polygon", "coordinates": [ [ [ -98.046175900579826, 18.2187586082207 ], [ -98.043423471042175, 18.215206750059384 ], [ -98.042126860499366, 18.216314090011185 ], [ -98.044213831614954, 18.210524950293948 ], [ -98.044937360675306, 18.197728923460723 ], [ -98.043881031060792, 18.195152673738423 ], [ -98.048222749950597, 18.193404014244653 ], [ -98.048231579972153, 18.206946180882024 ], [ -98.044769131060832, 18.213494659657488 ], [ -98.046175900579826, 18.2187586082207 ] ] ] } },
{ "type": "Feature", "properties": { "cve_loc": "210040001", "nom_loc": "Acatzingo de Hidalgo", "consultorios_faltantes": 1.1 }, "geometry": { "type": "Polygon", "coordinates": [ [ [ -97.793641494065909, 18.986177488175642 ], [ -97.772067789216763, 18.984038588826298 ], [ -97.768464740277452, 18.98073934912027 ], [ -97.792522194693561, 18.982648398872833 ], [ -97.793641494065909, 18.986177488175642 ] ] ] } },
{ "type": "Feature", "properties": { "cve_loc": "210040006", "nom_loc": "Nicolás Bravo", "consultorios_faltantes": 0.3 }, "geometry": { "type": "Polygon", "coordinates": [ [ [ -97.820468837152333, 19.014437051941442 ], [ -97.824709836745484, 19.012968782244023 ], [ -97.827809585954796, 19.015293101172464 ], [ -97.823609957010831, 19.020506620430005 ], [ -97.818907387472549, 19.017111820637432 ], [ -97.820468837152333, 19.014437051941442 ] ] ] } },
{ "type": "Feature", "properties": { "cve_loc": "210040009", "nom_loc": "San Sebastián Villanueva", "consultorios_faltantes": 0.1 }, "geometry": { "type": "Polygon", "coordinates": [ [ [ -97.713496613730641, 19.067942399050509 ], [ -97.713783713841849, 19.064318550143597 ], [ -97.709721415217885, 19.057901640831524 ], [ -97.711273864396603, 19.057441691318441 ], [ -97.708564954909633, 19.054740901767779 ], [ -97.712159494393745, 19.048898663552553 ], [ -97.714296403511185, 19.051953922462509 ], [ -97.721416082310284, 19.052899462433654 ], [ -97.715136373905253, 19.070096978407925 ], [ -97.713496613730641, 19.067942399050509 ] ] ] } },
{ "type": "Feature", "properties": { "cve_loc": "210100001", "nom_loc": "Ciudad de Ajalpan", "consultorios_faltantes": 1.3 }, "geometry": { "type": "Polygon", "coordinates": [ [ [ -97.252646828890846, 18.36627171657312 ], [ -97.25948619841968, 18.367512365841122 ], [ -97.261487607952702, 18.36614674586497 ], [ -97.263616425809232, 18.372768533183439 ], [ -97.261542948117253, 18.372267164236362 ], [ -97.260131577925733, 18.384479651087108 ], [ -97.258408017371309, 18.384732488360314 ], [ -97.257000547657654, 18.374679798870915 ], [ -97.252646828890846, 18.36627171657312 ] ] ] } },
{ "type": "Feature", "properties": { "cve_loc": "210130001", "nom_loc": "Altepexi", "consultorios_faltantes": 0.5 }, "geometry": { "type": "Polygon", "coordinates": [ [ [ -97.299713138173985, 18.379940031138801 ], [ -97.298830918544709, 18.375497691875228 ], [ -97.300488586922114, 18.375466262792244 ], [ -97.301058167794906, 18.369967133461266 ], [ -97.298310247530026, 18.369074253032842 ], [ -97.29908653856458, 18.367204804186507 ], [ -97.303638817051151, 18.368881223814952 ], [ -97.306649515174414, 18.374364712092788 ], [ -97.306152816092307, 18.377744031793643 ], [ -97.302825507475447, 18.377562931899661 ], [ -97.299713138173985, 18.379940031138801 ] ] ] } },
{ "type": "Feature", "properties": { "cve_loc": "210150004", "nom_loc": "Concepción Capulac (La Ex-Hacienda)", "consultorios_faltantes": 0.2 }, "geometry": { "type": "Polygon", "coordinates": [ [ [ -98.058706896651287, 19.099633453121971 ], [ -98.059531657033432, 19.098856492992677 ], [ -98.055642407223885, 19.097341793566137 ], [ -98.056691841428304, 19.096779814218454 ], [ -98.055760958889266, 19.095308472700566 ], [ -98.05269789908499, 19.096391723838284 ], [ -98.053146469280009, 19.095212773311953 ], [ -98.063946805764232, 19.089776125315122 ], [ -98.065093695122954, 19.095863454048498 ], [ -98.060678556058065, 19.099551142587046 ], [ -98.058706896651287, 19.099633453121971 ] ] ] } },
{ "type": "Feature", "properties": { "cve_loc": "210150031", "nom_loc": "Casa Blanca", "consultorios_faltantes": 0.6 }, "geometry": { "type": "Polygon", "coordinates": [ [ [ -98.118352733337403, 19.04557780438094 ], [ -98.120010713074905, 19.039549375967422 ], [ -98.123671931443283, 19.041245445819523 ], [ -98.124179826822882, 19.039871562886169 ], [ -98.130563908204408, 19.043517728716516 ], [ -98.118352733337403, 19.04557780438094 ] ] ] } },
{ "type": "Feature", "properties": { "cve_loc": "210170008", "nom_loc": "Tacopan", "consultorios_faltantes": 0.9 }, "geometry": { "type": "Polygon", "coordinates": [ [ [ -97.430166678899909, 19.842895879176378 ], [ -97.424126163797524, 19.834940968861989 ], [ -97.421381354656063, 19.834037290384469 ], [ -97.420841315002477, 19.824974231296849 ], [ -97.42813128351996, 19.828011990854247 ], [ -97.42841978284784, 19.825699851257504 ], [ -97.433359672138366, 19.83052418982043 ], [ -97.43587685145198, 19.829335220951798 ], [ -97.439702758170625, 19.831837322585699 ], [ -97.437116990492811, 19.832452510137294 ], [ -97.439503634860785, 19.835434399544059 ], [ -97.443522078798367, 19.837118818996032 ], [ -97.44609967877804, 19.840277938025096 ], [ -97.444508354527883, 19.84276851778333 ], [ -97.440764722393794, 19.841862447537583 ], [ -97.430166678899909, 19.842895879176378 ] ] ] } },
{ "type": "Feature", "properties": { "cve_loc": "210190001", "nom_loc": "Atlixco", "consultorios_faltantes": 0.2 }, "geometry": { "type": "Polygon", "coordinates": [ [ [ -98.428535166346904, 18.919718204162013 ], [ -98.424810916746793, 18.917544074516254 ], [ -98.422050518160944, 18.918769014540469 ], [ -98.418978275417217, 18.913475596630004 ], [ -98.421160408289012, 18.912217815674467 ], [ -98.423047797155718, 18.915731015394787 ], [ -98.430592205652744, 18.917388534264763 ], [ -98.428535166346904, 18.919718204162013 ] ] ] } },
{ "type": "Feature", "properties": { "cve_loc": "210190065", "nom_loc": "San Jerónimo Coyula", "consultorios_faltantes": 0.7 }, "geometry": { "type": "Polygon", "coordinates": [ [ [ -98.519177382568131, 18.89682931009321 ], [ -98.51250295423749, 18.899110768673587 ], [ -98.510906446283698, 18.894550099835175 ], [ -98.5091982853356, 18.895129633849258 ], [ -98.507882396084256, 18.892298125204064 ], [ -98.510440405054126, 18.893706419121511 ], [ -98.515515799814096, 18.889951720835708 ], [ -98.514150297798892, 18.885955278364143 ], [ -98.518172892701841, 18.883880573797562 ], [ -98.5245660023337, 18.899105839376809 ], [ -98.520979092792842, 18.900626849519394 ], [ -98.519177382568131, 18.89682931009321 ] ] ] } },
{ "type": "Feature", "properties": { "cve_loc": "210190241", "nom_loc": "El Encanto del Cerril", "consultorios_faltantes": 0.2 }, "geometry": { "type": "Polygon", "coordinates": [ [ [ -98.422855111596817, 18.934235049312882 ], [ -98.423003240216786, 18.929967420817384 ], [ -98.421262243427691, 18.930240890400579 ], [ -98.421703040272249, 18.928389831996586 ], [ -98.426349670573487, 18.929397289644555 ], [ -98.424947242918464, 18.934489668972475 ], [ -98.426318584238132, 18.935125879337395 ], [ -98.422855111596817, 18.934235049312882 ] ] ] } },
{ "type": "Feature", "properties": { "cve_loc": "210200001", "nom_loc": "Atoyatempan", "consultorios_faltantes": 0.4 }, "geometry": { "type": "Polygon", "coordinates": [ [ [ -97.918701193252275, 18.823072436324942 ], [ -97.908882234731848, 18.819070178593833 ], [ -97.907573815809528, 18.814149098121511 ], [ -97.912410443366468, 18.810614469247824 ], [ -97.914937621681617, 18.812895528805413 ], [ -97.916886393337364, 18.809408460752721 ], [ -97.917065663747593, 18.812803238808691 ], [ -97.918441672507868, 18.812751889741225 ], [ -97.91709330369396, 18.814642948362472 ], [ -97.920781271856825, 18.814496759512277 ], [ -97.919208701835657, 18.818266057682902 ], [ -97.923224331911811, 18.819690208411654 ], [ -97.918701193252275, 18.823072436324942 ] ] ] } },
{ "type": "Feature", "properties": { "cve_loc": "210340001", "nom_loc": "Santa María Coronango", "consultorios_faltantes": 0.4 }, "geometry": { "type": "Polygon", "coordinates": [ [ [ -98.307734279758961, 19.129000570023582 ], [ -98.31302569016934, 19.121783452264783 ], [ -98.31707743314017, 19.126482517297621 ], [ -98.311860803961579, 19.132790735536425 ], [ -98.314684293974466, 19.136340784903005 ], [ -98.314162407133097, 19.137882016000205 ], [ -98.310712264265035, 19.132549135789713 ], [ -98.308723366048667, 19.131944904816432 ], [ -98.30718822489186, 19.132961615510222 ], [ -98.306746006190465, 19.138833283905637 ], [ -98.305164005335101, 19.137859983489111 ], [ -98.305587365113126, 19.134477224307641 ], [ -98.304143546112059, 19.133419105590754 ], [ -98.305847625223677, 19.130241765518058 ], [ -98.303151437161986, 19.127369796263469 ], [ -98.301536885917727, 19.127427437029013 ], [ -98.302732290854621, 19.126595668977565 ], [ -98.303160605729161, 19.119346787317653 ], [ -98.304267036528216, 19.118395517895181 ], [ -98.304606206420701, 19.123380187095929 ], [ -98.306597514867121, 19.124935157251539 ], [ -98.305534996915341, 19.126520216688046 ], [ -98.307734279758961, 19.129000570023582 ] ] ] } },
{ "type": "Feature", "properties": { "cve_loc": "210340002", "nom_loc": "San Antonio Mihuacán", "consultorios_faltantes": 0.9 }, "geometry": { "type": "Polygon", "coordinates": [ [ [ -98.298060058507346, 19.161700915120811 ], [ -98.296974427211907, 19.163735648412789 ], [ -98.292300119390291, 19.156954129263227 ], [ -98.292630099767209, 19.15386304069451 ], [ -98.29430079951068, 19.154522009623545 ], [ -98.295357568967418, 19.153169810482076 ], [ -98.293471769203734, 19.151222301505403 ], [ -98.299958067334572, 19.149673310379121 ], [ -98.298620567226521, 19.148701071884474 ], [ -98.302374636367375, 19.146015991610014 ], [ -98.30453960715441, 19.151271849962491 ], [ -98.31019633560804, 19.154371550548834 ], [ -98.307027084970215, 19.158388928417601 ], [ -98.307574084777116, 19.160322789261055 ], [ -98.304867465827982, 19.16495395829045 ], [ -98.298060058507346, 19.161700915120811 ] ] ] } },
{ "type": "Feature", "properties": { "cve_loc": "210340003", "nom_loc": "San Francisco Ocotlán (Ocotlán)", "consultorios_faltantes": 2.4 }, "geometry": { "type": "Polygon", "coordinates": [ [ [ -98.272433603422584, 19.142253053587574 ], [ -98.263212216089443, 19.136811784344772 ], [ -98.26634734668724, 19.129672594955721 ], [ -98.261188407021507, 19.124074737024955 ], [ -98.272336475206643, 19.114001909081463 ], [ -98.277421723404913, 19.107214250817247 ], [ -98.289920270163748, 19.128314825939789 ], [ -98.284341862041231, 19.131327565840408 ], [ -98.281323752780963, 19.135011844893423 ], [ -98.277099412428996, 19.135719594029215 ], [ -98.272433603422584, 19.142253053587574 ] ] ] } },
{ "type": "Feature", "properties": { "cve_loc": "210410001", "nom_loc": "San Juan Cuautlancingo", "consultorios_faltantes": 2.2 }, "geometry": { "type": "Polygon", "coordinates": [ [ [ -98.279315373752624, 19.095566232679097 ], [ -98.274418664206237, 19.091068774554909 ], [ -98.274128984433219, 19.093023113575985 ], [ -98.272054675596635, 19.091759193564574 ], [ -98.273565984653828, 19.088959434362579 ], [ -98.267618155805323, 19.081781546623397 ], [ -98.277672582503882, 19.083720146955287 ], [ -98.286740041291935, 19.087346065655762 ], [ -98.283509892129445, 19.095156542989265 ], [ -98.280652432268354, 19.093451023372609 ], [ -98.279315373752624, 19.095566232679097 ] ] ] } },
{ "type": "Feature", "properties": { "cve_loc": "210410004", "nom_loc": "La Trinidad Chautenco", "consultorios_faltantes": 1.2 }, "geometry": { "type": "Polygon", "coordinates": [ [ [ -98.247560553219031, 19.090086431778094 ], [ -98.254472710726674, 19.085408179646429 ], [ -98.257582302697429, 19.086774285632895 ], [ -98.258352760135253, 19.085402839321912 ], [ -98.257172145224601, 19.085019721754957 ], [ -98.259549042531717, 19.081995166397462 ], [ -98.26228939149027, 19.083202196653172 ], [ -98.262998152553408, 19.085906485366383 ], [ -98.267342060573256, 19.090082324552672 ], [ -98.264532743805432, 19.091246615794773 ], [ -98.261983778457974, 19.095739775970021 ], [ -98.260572789558225, 19.093748638003259 ], [ -98.258771219904659, 19.095030966274514 ], [ -98.256543020115757, 19.092954727448326 ], [ -98.25191771161829, 19.096653776892428 ], [ -98.247560553219031, 19.090086431778094 ] ] ] } },
{ "type": "Feature", "properties": { "cve_loc": "210410008", "nom_loc": "Sanctorum", "consultorios_faltantes": 0.8 }, "geometry": { "type": "Polygon", "coordinates": [ [ [ -98.247560553219031, 19.090086431778094 ], [ -98.246651071039452, 19.087530025018474 ], [ -98.247900561168294, 19.085871455560724 ], [ -98.252136749524567, 19.084403145364387 ], [ -98.247664751078588, 19.085271855957807 ], [ -98.247569509580885, 19.084185716864443 ], [ -98.260188359341456, 19.080595690666595 ], [ -98.257172145224601, 19.085019721754957 ], [ -98.258352760135253, 19.085402839321912 ], [ -98.257582302697429, 19.086774285632895 ], [ -98.254472710726674, 19.085408179646429 ], [ -98.247560553219031, 19.090086431778094 ] ] ] } },
{ "type": "Feature", "properties": { "cve_loc": "210410012", "nom_loc": "San Lorenzo Almecatla", "consultorios_faltantes": 2.7 }, "geometry": { "type": "Polygon", "coordinates": [ [ [ -98.228916624394884, 19.151229270012951 ], [ -98.229872674821252, 19.148723021789731 ], [ -98.225237516022815, 19.143442932285616 ], [ -98.228722476012962, 19.135791043507115 ], [ -98.235575964112456, 19.141536782860886 ], [ -98.237586333202884, 19.145931711861913 ], [ -98.245589751397276, 19.153330672992006 ], [ -98.243320412086973, 19.154054779526319 ], [ -98.237718192832205, 19.151150900093825 ], [ -98.237711822971036, 19.153168580123268 ], [ -98.236787533206638, 19.152277349622196 ], [ -98.23150450457122, 19.154755379058955 ], [ -98.228916624394884, 19.151229270012951 ] ] ] } },
{ "type": "Feature", "properties": { "cve_loc": "210410013", "nom_loc": "Barrio de Nuevo León", "consultorios_faltantes": 0.3 }, "geometry": { "type": "Polygon", "coordinates": [ [ [ -98.285141748924559, 19.094816811933391 ], [ -98.28545695181505, 19.090169035384502 ], [ -98.288908935695247, 19.083763434204013 ], [ -98.293871198179019, 19.086679665513451 ], [ -98.291851379026255, 19.089435655358439 ], [ -98.294206958919972, 19.092208127932523 ], [ -98.292078598544478, 19.09618076421663 ], [ -98.289181429186641, 19.096265512589511 ], [ -98.288922520974026, 19.094102144736997 ], [ -98.285141748924559, 19.094816811933391 ] ] ] } },
{ "type": "Feature", "properties": { "cve_loc": "210410027", "nom_loc": "San Jacinto", "consultorios_faltantes": 0.1 }, "geometry": { "type": "Polygon", "coordinates": [ [ [ -98.257131868538423, 19.158844848096621 ], [ -98.254439439005949, 19.157405358375737 ], [ -98.257946378697497, 19.155493679110972 ], [ -98.26012758724714, 19.157025068980936 ], [ -98.258726978333627, 19.157628068978905 ], [ -98.261400987704775, 19.158478418801771 ], [ -98.254859049400864, 19.160510158014503 ], [ -98.257131868538423, 19.158844848096621 ] ] ] } },
{ "type": "Feature", "properties": { "cve_loc": "210410029", "nom_loc": "Galaxias Almecatla", "consultorios_faltantes": 0.7 }, "geometry": { "type": "Polygon", "coordinates": [ [ [ -98.236493926885359, 19.115388979682614 ], [ -98.235898596140999, 19.112093326740997 ], [ -98.233167811293299, 19.111299687407307 ], [ -98.235382082622621, 19.1091835600689 ], [ -98.240579675096768, 19.111351691090697 ], [ -98.238058687084205, 19.116250549497884 ], [ -98.236493926885359, 19.115388979682614 ] ] ] } },
{ "type": "Feature", "properties": { "cve_loc": "210430001", "nom_loc": "Ciudad de Cuetzalan", "consultorios_faltantes": 0.2 }, "geometry": { "type": "Polygon", "coordinates": [ [ [ -97.52273240886062, 20.025211634359934 ], [ -97.523369828850704, 20.02108384646689 ], [ -97.522076678761962, 20.018226506639248 ], [ -97.523154598442076, 20.017106557398279 ], [ -97.520279088940626, 20.012835447924211 ], [ -97.526159788196424, 20.0137631880337 ], [ -97.528958966709965, 20.012033128760731 ], [ -97.532877614698833, 20.014738618533478 ], [ -97.530188876682274, 20.018787866988404 ], [ -97.531364426120774, 20.01962114851117 ], [ -97.530670086115279, 20.02380294538111 ], [ -97.52872599753745, 20.021621146514747 ], [ -97.526286077426022, 20.027026705410044 ], [ -97.52273240886062, 20.025211634359934 ] ] ] } },
{ "type": "Feature", "properties": { "cve_loc": "210450001", "nom_loc": "Ciudad Serdán", "consultorios_faltantes": 0.8 }, "geometry": { "type": "Polygon", "coordinates": [ [ [ -97.457429668126125, 19.001435734201763 ], [ -97.45427620885377, 18.997223535174189 ], [ -97.454944708711054, 18.991745536210999 ], [ -97.461008267297871, 18.991959316107302 ], [ -97.460090667211205, 19.001617334526383 ], [ -97.457429668126125, 19.001435734201763 ] ] ] } },
{ "type": "Feature", "properties": { "cve_loc": "210480001", "nom_loc": "San Lorenzo Chiautzingo", "consultorios_faltantes": 0.1 }, "geometry": { "type": "Polygon", "coordinates": [ [ [ -98.472925134661935, 19.205544178386422 ], [ -98.464403967237445, 19.203325038558908 ], [ -98.455252359491226, 19.20383288816863 ], [ -98.456527818491537, 19.199262889544602 ], [ -98.458820368200008, 19.199779828983793 ], [ -98.4600835977336, 19.193778410964555 ], [ -98.461255878068144, 19.193974740334788 ], [ -98.460442137879838, 19.200133799222975 ], [ -98.462062787376965, 19.200439258764344 ], [ -98.463742367587201, 19.195693070112757 ], [ -98.465588196679136, 19.19502547065154 ], [ -98.46735901664826, 19.198739379574565 ], [ -98.471849926545488, 19.196684971007695 ], [ -98.469896446048921, 19.199837149260684 ], [ -98.46716015592196, 19.200136668848543 ], [ -98.469682955404139, 19.202621208347711 ], [ -98.475163324823427, 19.20362899804794 ], [ -98.48432869214264, 19.199677269425205 ], [ -98.480868962827003, 19.203722118661783 ], [ -98.473247905118171, 19.204464397961889 ], [ -98.472925134661935, 19.205544178386422 ] ] ] } },
{ "type": "Feature", "properties": { "cve_loc": "210480005", "nom_loc": "San Nicolás Zecalacoayan", "consultorios_faltantes": 0.0 }, "geometry": { "type": "Polygon", "coordinates": [ [ [ -98.487619591604599, 19.215073665516247 ], [ -98.48393310201169, 19.206056268157806 ], [ -98.484806811578324, 19.202004629216983 ], [ -98.483506731962891, 19.196776040240529 ], [ -98.494353649772947, 19.191093381249505 ], [ -98.49779883919571, 19.191682921391909 ], [ -98.495662179071601, 19.19546920025256 ], [ -98.497492958626438, 19.196453539955918 ], [ -98.496164129600857, 19.200062069762083 ], [ -98.497035218160988, 19.201925459672065 ], [ -98.500936867103746, 19.200713744555262 ], [ -98.500336157412718, 19.206066498992577 ], [ -98.502834887824903, 19.205735668341966 ], [ -98.487619591604599, 19.215073665516247 ] ] ] } },
{ "type": "Feature", "properties": { "cve_loc": "210480006", "nom_loc": "San Antonio Tlatenco", "consultorios_faltantes": 0.2 }, "geometry": { "type": "Polygon", "coordinates": [ [ [ -98.501580407892575, 19.178446774342092 ], [ -98.494003050079186, 19.177811074237891 ], [ -98.49592401885829, 19.175310874912093 ], [ -98.495003289340872, 19.174050405005371 ], [ -98.491823729973959, 19.176003074617736 ], [ -98.491517690402617, 19.173740305012043 ], [ -98.490296980417767, 19.174111295627213 ], [ -98.491202550648154, 19.171990705611531 ], [ -98.497739529183846, 19.170123326461557 ], [ -98.509691976180548, 19.170001526455998 ], [ -98.510775015762576, 19.171375065692622 ], [ -98.517508263657987, 19.169202126877476 ], [ -98.504754667202164, 19.174086645256821 ], [ -98.501580407892575, 19.178446774342092 ] ] ] } },
{ "type": "Feature", "properties": { "cve_loc": "210500001", "nom_loc": "Chichiquila", "consultorios_faltantes": 0.1 }, "geometry": { "type": "Polygon", "coordinates": [ [ [ -97.064931026474582, 19.202790345823498 ], [ -97.059411028138811, 19.202976975624761 ], [ -97.062104626861156, 19.196541577542526 ], [ -97.066358332750454, 19.194690763499647 ], [ -97.073112441289354, 19.194815365638473 ], [ -97.07275859504756, 19.196781197500144 ], [ -97.074890473591651, 19.19785859751638 ], [ -97.071376544685606, 19.202640466137463 ], [ -97.066779746360538, 19.205212885340135 ], [ -97.064931026474582, 19.202790345823498 ] ] ] } },
{ "type": "Feature", "properties": { "cve_loc": "210510001", "nom_loc": "Chietla", "consultorios_faltantes": 0.4 }, "geometry": { "type": "Polygon", "coordinates": [ [ [ -98.570747770711677, 18.527360705198735 ], [ -98.570289051167066, 18.521075446507314 ], [ -98.574412280429911, 18.52293636643876 ], [ -98.5752544299866, 18.518649737371927 ], [ -98.578364958704242, 18.518053597742146 ], [ -98.579450698682237, 18.514121758472182 ], [ -98.581901397905995, 18.515238648357549 ], [ -98.583806877276714, 18.519976857453035 ], [ -98.585719557566762, 18.521177536427992 ], [ -98.584109247550984, 18.525524736111077 ], [ -98.583831097852524, 18.523322046239524 ], [ -98.579150948099482, 18.525090134829767 ], [ -98.576830679282182, 18.522534046713467 ], [ -98.574557670068941, 18.52369964616333 ], [ -98.574355099641195, 18.52673565606792 ], [ -98.572679620910947, 18.527812365075768 ], [ -98.570747770711677, 18.527360705198735 ] ] ] } },
{ "type": "Feature", "properties": { "cve_loc": "210540001", "nom_loc": "Chignautla", "consultorios_faltantes": 0.2 }, "geometry": { "type": "Polygon", "coordinates": [ [ [ -97.383055164346686, 19.824925481143229 ], [ -97.381228035197125, 19.822453631607345 ], [ -97.384620454376304, 19.818132262778981 ], [ -97.387247863612757, 19.817932772997359 ], [ -97.385737603953842, 19.818897023045253 ], [ -97.386570204064384, 19.819787622556376 ], [ -97.390786682532053, 19.817078023117894 ], [ -97.39161065275016, 19.81495731371594 ], [ -97.394546021997101, 19.816398093347981 ], [ -97.390500992800114, 19.820740322313689 ], [ -97.388270763092009, 19.820347172279874 ], [ -97.385709543948707, 19.823892231595035 ], [ -97.383055164346686, 19.824925481143229 ] ] ] } },
{ "type": "Feature", "properties": { "cve_loc": "210540004", "nom_loc": "San Isidro", "consultorios_faltantes": 0.1 }, "geometry": { "type": "Polygon", "coordinates": [ [ [ -97.381731894558925, 19.802662927015373 ], [ -97.381907194026724, 19.79657466785137 ], [ -97.379392292009641, 19.797411852192194 ], [ -97.37823152970536, 19.792349774752022 ], [ -97.379708394665656, 19.792907929355785 ], [ -97.38151016440429, 19.790792749188089 ], [ -97.382302924197589, 19.792858638627671 ], [ -97.38641349273756, 19.793923348330818 ], [ -97.388218913149714, 19.791810579696456 ], [ -97.390780213036891, 19.792883890989113 ], [ -97.392441912816636, 19.791534890201326 ], [ -97.391195602177703, 19.797936178226596 ], [ -97.388421112466062, 19.801789037984733 ], [ -97.383698342913974, 19.798931436790035 ], [ -97.384077757075673, 19.80246503232107 ], [ -97.381731894558925, 19.802662927015373 ] ] ] } },
{ "type": "Feature", "properties": { "cve_loc": "210540005", "nom_loc": "Sosa", "consultorios_faltantes": 0.5 }, "geometry": { "type": "Polygon", "coordinates": [ [ [ -97.401584139763557, 19.809281195087173 ], [ -97.392780622510543, 19.80549305620109 ], [ -97.391807600656151, 19.801526816951863 ], [ -97.394953310326869, 19.796969528523562 ], [ -97.401266757052568, 19.79443003930454 ], [ -97.400881879685045, 19.799792977337958 ], [ -97.405753448892767, 19.801370747269566 ], [ -97.406101158964177, 19.803420146895871 ], [ -97.401584139763557, 19.809281195087173 ] ] ] } },
{ "type": "Feature", "properties": { "cve_loc": "210600001", "nom_loc": "Domingo Arenas", "consultorios_faltantes": 0.2 }, "geometry": { "type": "Polygon", "coordinates": [ [ [ -98.455120028457983, 19.146311101405022 ], [ -98.455168248748151, 19.143653181843106 ], [ -98.45330749973931, 19.142688133464187 ], [ -98.453976939618272, 19.139338752912312 ], [ -98.450649819661933, 19.139261753393949 ], [ -98.448764033367496, 19.136996913518399 ], [ -98.454980368602705, 19.136678283857684 ], [ -98.453033974239162, 19.133707979218979 ], [ -98.455000959022172, 19.132989899131815 ], [ -98.457964230815662, 19.133560784059547 ], [ -98.457248310947847, 19.135941985752336 ], [ -98.459865848504137, 19.134553853952085 ], [ -98.458844228923496, 19.139496963049492 ], [ -98.461199477745836, 19.139643213992628 ], [ -98.459015987991563, 19.14471764196028 ], [ -98.455120028457983, 19.146311101405022 ] ] ] } },
{ "type": "Feature", "properties": { "cve_loc": "210650006", "nom_loc": "Santa Úrsula Chiconquiac", "consultorios_faltantes": 0.1 }, "geometry": { "type": "Polygon", "coordinates": [ [ [ -97.679796951208687, 19.02235288037166 ], [ -97.676193292163958, 19.020391450486954 ], [ -97.675055093745442, 19.021669730501628 ], [ -97.670157274101044, 19.01866566999826 ], [ -97.671650873754118, 19.016179942210975 ], [ -97.669637845457913, 19.013014503073006 ], [ -97.672447874070642, 19.011018392447387 ], [ -97.681085849203825, 19.016992602789859 ], [ -97.679796951208687, 19.02235288037166 ] ] ] } },
{ "type": "Feature", "properties": { "cve_loc": "210650007", "nom_loc": "Santiago Tenango", "consultorios_faltantes": 0.6 }, "geometry": { "type": "Polygon", "coordinates": [ [ [ -97.640080341070785, 19.012749782800213 ], [ -97.641700341861238, 18.998181184926136 ], [ -97.648720699745297, 18.990862917316914 ], [ -97.652804959486957, 18.988831247358391 ], [ -97.653462569285892, 18.990523658260862 ], [ -97.650607514908387, 18.993219056662657 ], [ -97.649421200074229, 19.00114410568608 ], [ -97.644725370519794, 19.008088442658515 ], [ -97.640080341070785, 19.012749782800213 ] ] ] } },
{ "type": "Feature", "properties": { "cve_loc": "210690003", "nom_loc": "Cacaloxúchitl", "consultorios_faltantes": 0.5 }, "geometry": { "type": "Polygon", "coordinates": [ [ [ -98.477912323064274, 18.794467577457333 ], [ -98.479278853265242, 18.791672215210671 ], [ -98.474015363552937, 18.790798865182985 ], [ -98.473764386588499, 18.787310971362249 ], [ -98.481548441946487, 18.782848045632502 ], [ -98.481699073485871, 18.780729637296531 ], [ -98.482729152770943, 18.78119744638164 ], [ -98.485037521424772, 18.777616527097059 ], [ -98.490043897898872, 18.77806446809733 ], [ -98.490435409800355, 18.77986953686132 ], [ -98.491000180817579, 18.778043448132642 ], [ -98.49154700953622, 18.777657678148667 ], [ -98.489484702220437, 18.788963222893184 ], [ -98.490472900532339, 18.79335729347493 ], [ -98.479905923802988, 18.793022834354034 ], [ -98.477912323064274, 18.794467577457333 ] ] ] } },
{ "type": "Feature", "properties": { "cve_loc": "210690025", "nom_loc": "Tezonteopan de Bonilla", "consultorios_faltantes": 0.0 }, "geometry": { "type": "Polygon", "coordinates": [ [ [ -98.489293021453875, 18.756066482397699 ], [ -98.484133582076808, 18.750367193714432 ], [ -98.486987041750211, 18.740131366342652 ], [ -98.490966730629907, 18.742630595607636 ], [ -98.494774550063966, 18.742530425219364 ], [ -98.493835899598864, 18.744993194952507 ], [ -98.495782949930827, 18.74571751437831 ], [ -98.494791019574336, 18.746523604720132 ], [ -98.495897099686545, 18.749541083642782 ], [ -98.497561009537989, 18.750086223931472 ], [ -98.496494409015142, 18.75206908332202 ], [ -98.49541266977532, 18.751537117710434 ], [ -98.494935389959963, 18.753966363129461 ], [ -98.492406209144406, 18.753129193563897 ], [ -98.491816379721939, 18.755231992564507 ], [ -98.489893330612446, 18.754658502441295 ], [ -98.489293021453875, 18.756066482397699 ] ] ] } },
{ "type": "Feature", "properties": { "cve_loc": "210710001", "nom_loc": "Huauchinango", "consultorios_faltantes": 0.1 }, "geometry": { "type": "Polygon", "coordinates": [ [ [ -98.052200945363069, 20.175084213097069 ], [ -98.052074625456044, 20.17233652390961 ], [ -98.054645604064987, 20.172062034261739 ], [ -98.058027723519913, 20.166454185525829 ], [ -98.059004494466421, 20.167723726248443 ], [ -98.057842683831907, 20.170153645361431 ], [ -98.06128509175285, 20.174867349779035 ], [ -98.052200945363069, 20.175084213097069 ] ] ] } },
{ "type": "Feature", "properties": { "cve_loc": "210710008", "nom_loc": "Las Colonias de Hidalgo", "consultorios_faltantes": 0.0 }, "geometry": { "type": "Polygon", "coordinates": [ [ [ -97.971229645715368, 20.19791250809946 ], [ -97.966104547308333, 20.193545458630506 ], [ -97.969076426006026, 20.192657338907935 ], [ -97.968465416182838, 20.190548139703573 ], [ -97.97107588577137, 20.184609490352216 ], [ -97.974229315244528, 20.183954661254056 ], [ -97.977566173227771, 20.180330691748114 ], [ -97.980222993943528, 20.180952981814855 ], [ -97.979100243583574, 20.186065810058022 ], [ -97.983085112843284, 20.188537740246428 ], [ -97.980883023132989, 20.190844609654434 ], [ -97.980354933092826, 20.196540737883314 ], [ -97.978785884163301, 20.196764138356137 ], [ -97.979779673708364, 20.199180117011924 ], [ -97.976098544344808, 20.199557367764573 ], [ -97.971229645715368, 20.19791250809946 ] ] ] } },
{ "type": "Feature", "properties": { "cve_loc": "210710009", "nom_loc": "Cuacuila", "consultorios_faltantes": 0.0 }, "geometry": { "type": "Polygon", "coordinates": [ [ [ -98.036219128818729, 20.1689084746052 ], [ -98.032695559898428, 20.174762514090947 ], [ -98.028676381812829, 20.176435292785488 ], [ -98.027885150594315, 20.174755603579943 ], [ -98.031058669948521, 20.163364275769904 ], [ -98.036034928679484, 20.165286516539705 ], [ -98.036219128818729, 20.1689084746052 ] ] ] } },
{ "type": "Feature", "properties": { "cve_loc": "210710027", "nom_loc": "Tenango de las Flores", "consultorios_faltantes": 0.9 }, "geometry": { "type": "Polygon", "coordinates": [ [ [ -97.970500536101312, 20.212113864346641 ], [ -97.968819395909918, 20.210454965141942 ], [ -97.969094335835564, 20.205806226239144 ], [ -97.979208283416412, 20.204476636137112 ], [ -97.983560763057724, 20.202246036862007 ], [ -97.992408560800399, 20.20413586661418 ], [ -98.000230678411612, 20.207654595431062 ], [ -97.999433678525577, 20.208772834928169 ], [ -97.993484649841406, 20.207439196049108 ], [ -97.992608529886809, 20.209950175799616 ], [ -97.99040257061489, 20.210877254792141 ], [ -97.970500536101312, 20.212113864346641 ] ] ] } },
{ "type": "Feature", "properties": { "cve_loc": "210730011", "nom_loc": "Tzicatlán", "consultorios_faltantes": 0.4 }, "geometry": { "type": "Polygon", "coordinates": [ [ [ -98.760054143882243, 18.453952142480386 ], [ -98.755926755432142, 18.454723521666011 ], [ -98.754938685844621, 18.45710081799983 ], [ -98.753486315970761, 18.457205241088189 ], [ -98.75218375641424, 18.453921492042852 ], [ -98.749221175799036, 18.453585275745443 ], [ -98.748521987323031, 18.451137582951937 ], [ -98.74427263769735, 18.449389322950587 ], [ -98.746818777176131, 18.448745943485751 ], [ -98.747502727059214, 18.446221474083941 ], [ -98.754554895117352, 18.447628924104063 ], [ -98.759701293740548, 18.446421143753192 ], [ -98.760513124105245, 18.449767892871797 ], [ -98.763775622789495, 18.452243802264483 ], [ -98.76271818346433, 18.457529471214748 ], [ -98.760054143882243, 18.453952142480386 ] ] ] } },
{ "type": "Feature", "properties": { "cve_loc": "210740001", "nom_loc": "Huejotzingo", "consultorios_faltantes": 0.3 }, "geometry": { "type": "Polygon", "coordinates": [ [ [ -98.402200742121863, 19.164031927754571 ], [ -98.399797373128578, 19.16227117799005 ], [ -98.400168212598288, 19.159249378694081 ], [ -98.415723469303558, 19.160487908224802 ], [ -98.415808979335111, 19.159297778853709 ], [ -98.418513488185795, 19.159532348907408 ], [ -98.418313868600606, 19.164017787249939 ], [ -98.403245122439415, 19.162563647454345 ], [ -98.402200742121863, 19.164031927754571 ] ] ] } },
{ "type": "Feature", "properties": { "cve_loc": "210740002", "nom_loc": "Santa María Atexcac", "consultorios_faltantes": 0.1 }, "geometry": { "type": "Polygon", "coordinates": [ [ [ -98.478286623744651, 19.144783212491006 ], [ -98.476516924068505, 19.138764183515885 ], [ -98.477775733970773, 19.134933214729266 ], [ -98.503702887736864, 19.130557425210402 ], [ -98.506397986756042, 19.134570644072969 ], [ -98.503056577186882, 19.135908253743928 ], [ -98.502388087429381, 19.139621018088828 ], [ -98.496693638679332, 19.142260502873061 ], [ -98.478286623744651, 19.144783212491006 ] ] ] } },
{ "type": "Feature", "properties": { "cve_loc": "210740004", "nom_loc": "San Mateo Capultitlán", "consultorios_faltantes": 0.1 }, "geometry": { "type": "Polygon", "coordinates": [ [ [ -98.419997248905901, 19.204692847209241 ], [ -98.416247908069153, 19.203749537990578 ], [ -98.417071508364984, 19.200509040053692 ], [ -98.413186156495243, 19.200901383550807 ], [ -98.413901569024461, 19.198486271908074 ], [ -98.412321008913437, 19.198087439984992 ], [ -98.41355511006725, 19.195307000172527 ], [ -98.411450640376827, 19.194737551598358 ], [ -98.412769489452259, 19.190598062669931 ], [ -98.422407640022499, 19.190727347572565 ], [ -98.426720624061232, 19.192505231244976 ], [ -98.427282895535086, 19.195881826408236 ], [ -98.419577092781168, 19.199489101364765 ], [ -98.419997248905901, 19.204692847209241 ] ] ] } },
{ "type": "Feature", "properties": { "cve_loc": "210740013", "nom_loc": "Santa María Nepopualco", "consultorios_faltantes": 0.4 }, "geometry": { "type": "Polygon", "coordinates": [ [ [ -98.489768620465682, 19.155396929640172 ], [ -98.475159054521257, 19.156377469566745 ], [ -98.476590303873294, 19.15175171074884 ], [ -98.478447583334287, 19.150360681130891 ], [ -98.490474290843324, 19.148503109428116 ], [ -98.503476897657166, 19.151231050760394 ], [ -98.506690666478988, 19.152370880261714 ], [ -98.506871956322215, 19.153654589814469 ], [ -98.500962587821476, 19.156260579194637 ], [ -98.494488350119553, 19.153777839844896 ], [ -98.489768620465682, 19.155396929640172 ] ] ] } },
{ "type": "Feature", "properties": { "cve_loc": "210740029", "nom_loc": "Santa Ana Xalmimilulco", "consultorios_faltantes": 1.5 }, "geometry": { "type": "Polygon", "coordinates": [ [ [ -98.383354186660654, 19.210251836545677 ], [ -98.377470868488928, 19.211343896413926 ], [ -98.377727758340868, 19.21032657661328 ], [ -98.372547850134893, 19.208936607476016 ], [ -98.371073100257576, 19.204975827794424 ], [ -98.377014718520812, 19.206603567557764 ], [ -98.378762668496819, 19.203767808475387 ], [ -98.38378975711224, 19.205304777638077 ], [ -98.38410055673522, 19.204373498318681 ], [ -98.386996156046649, 19.2054423480451 ], [ -98.386462756163297, 19.207021627144922 ], [ -98.388096416215262, 19.207628777486594 ], [ -98.389530175915695, 19.204244378560627 ], [ -98.393227154609448, 19.205179097870833 ], [ -98.391678974753603, 19.208880167521418 ], [ -98.38773198563932, 19.209329086746866 ], [ -98.385922616515018, 19.211845776075513 ], [ -98.383354186660654, 19.210251836545677 ] ] ] } },
{ "type": "Feature", "properties": { "cve_loc": "210750001", "nom_loc": "Hueyapan", "consultorios_faltantes": 0.1 }, "geometry": { "type": "Polygon", "coordinates": [ [ [ -97.433130701650768, 19.887812847019848 ], [ -97.435855311439923, 19.882691728356871 ], [ -97.438560110735111, 19.88408067768933 ], [ -97.439455530500837, 19.882857508132815 ], [ -97.438590239991399, 19.885315607931627 ], [ -97.439919470290974, 19.884086588061948 ], [ -97.450597077619918, 19.88686612680188 ], [ -97.448944402494121, 19.894211445676756 ], [ -97.445891216228915, 19.89260283864219 ], [ -97.445475078126719, 19.893974405678065 ], [ -97.436921040567483, 19.893573335987909 ], [ -97.436542560729208, 19.894876015688467 ], [ -97.434549051282175, 19.893950215277872 ], [ -97.434790850854213, 19.889746936455783 ], [ -97.432982511515561, 19.888618236631892 ], [ -97.434446391633045, 19.887772477184321 ], [ -97.433130701650768, 19.887812847019848 ] ] ] } },
{ "type": "Feature", "properties": { "cve_loc": "210760001", "nom_loc": "Hueytamalco", "consultorios_faltantes": 0.8 }, "geometry": { "type": "Polygon", "coordinates": [ [ [ -97.294855996041406, 19.952480861081192 ], [ -97.291652457270374, 19.949243911737014 ], [ -97.288719617387486, 19.95041483146704 ], [ -97.282009889546117, 19.942357143171918 ], [ -97.28416236877851, 19.933986065809151 ], [ -97.286681168178234, 19.932287296203661 ], [ -97.288641147279336, 19.931949686454562 ], [ -97.293701996123218, 19.935839365513559 ], [ -97.294550915957927, 19.934371945665532 ], [ -97.297428875761312, 19.933994895681707 ], [ -97.30176738447544, 19.937087234639318 ], [ -97.300805194957277, 19.940796894280901 ], [ -97.29587168239857, 19.943949697082981 ], [ -97.293865995952899, 19.948796022385689 ], [ -97.294855996041406, 19.952480861081192 ] ] ] } },
{ "type": "Feature", "properties": { "cve_loc": "210780001", "nom_loc": "Huitzilan", "consultorios_faltantes": 0.7 }, "geometry": { "type": "Polygon", "coordinates": [ [ [ -97.69358904091338, 19.972680589295717 ], [ -97.688196037565802, 19.96526724999233 ], [ -97.689175377427247, 19.96393677111935 ], [ -97.688061087320449, 19.96233943109922 ], [ -97.691651556529578, 19.961005660686343 ], [ -97.690804655860049, 19.960233366901814 ], [ -97.69228823619558, 19.960809091515127 ], [ -97.693787397710906, 19.96590132262283 ], [ -97.697463173983152, 19.970730248447282 ], [ -97.699564264787895, 19.977241657206818 ], [ -97.697539635325541, 19.978077787271836 ], [ -97.694336756015659, 19.976921647818905 ], [ -97.691868545406109, 19.97476602883517 ], [ -97.69358904091338, 19.972680589295717 ] ] ] } },
{ "type": "Feature", "properties": { "cve_loc": "210840001", "nom_loc": "Ixtepec", "consultorios_faltantes": 0.1 }, "geometry": { "type": "Polygon", "coordinates": [ [ [ -97.646782536808558, 20.029622035139543 ], [ -97.645191157307806, 20.028867496410463 ], [ -97.64724410781308, 20.027578495831811 ], [ -97.646629127853444, 20.026683646179496 ], [ -97.640938028771288, 20.026596556495797 ], [ -97.642418255923545, 20.023586695665191 ], [ -97.639276358893213, 20.020512247675288 ], [ -97.646777295060559, 20.021691699751749 ], [ -97.649714315646634, 20.020137813428626 ], [ -97.64965693595714, 20.017807578043307 ], [ -97.652701756486593, 20.019266297708086 ], [ -97.648150426021829, 20.022133446487096 ], [ -97.650488076282286, 20.029069345927713 ], [ -97.646630596411796, 20.031470704751602 ], [ -97.645283027095871, 20.034079894175505 ], [ -97.646782536808558, 20.029622035139543 ] ] ] } },
{ "type": "Feature", "properties": { "cve_loc": "210850001", "nom_loc": "Izúcar de Matamoros", "consultorios_faltantes": 1.0 }, "geometry": { "type": "Polygon", "coordinates": [ [ [ -98.463930567572376, 18.597869479052228 ], [ -98.469197416297732, 18.584168953511419 ], [ -98.474135044757929, 18.586127241585991 ], [ -98.472967783810248, 18.588091952381081 ], [ -98.474095294579783, 18.588909711385089 ], [ -98.468062296366853, 18.60067542809885 ], [ -98.463930567572376, 18.597869479052228 ] ] ] } },
{ "type": "Feature", "properties": { "cve_loc": "210850033", "nom_loc": "San Nicolás Tolentino", "consultorios_faltantes": 0.1 }, "geometry": { "type": "Polygon", "coordinates": [ [ [ -98.503784537242979, 18.554723579187456 ], [ -98.499300928492985, 18.552933089291141 ], [ -98.500241958650221, 18.547524270994977 ], [ -98.507997615959241, 18.548592050976875 ], [ -98.509408086023157, 18.546265581433065 ], [ -98.510825665806493, 18.549716639783444 ], [ -98.503784537242979, 18.554723579187456 ] ] ] } },
{ "type": "Feature", "properties": { "cve_loc": "210900005", "nom_loc": "Santa María Zacatepec", "consultorios_faltantes": 0.1 }, "geometry": { "type": "Polygon", "coordinates": [ [ [ -98.352501824682193, 19.111431169920007 ], [ -98.339495277509783, 19.10223734238313 ], [ -98.370020550564277, 19.103271051640267 ], [ -98.358260183261962, 19.115012758562109 ], [ -98.353519054964423, 19.109731510305359 ], [ -98.352501824682193, 19.111431169920007 ] ] ] } },
{ "type": "Feature", "properties": { "cve_loc": "210940001", "nom_loc": "Ciudad de Libres", "consultorios_faltantes": 0.0 }, "geometry": { "type": "Polygon", "coordinates": [ [ [ -97.687861088273166, 19.471763115007505 ], [ -97.688142589703943, 19.463779506097318 ], [ -97.693260097675662, 19.464049377323285 ], [ -97.696552086839517, 19.466604376965815 ], [ -97.692455978568802, 19.466642206280081 ], [ -97.694790308974504, 19.469258198205878 ], [ -97.691039448788231, 19.4691887350405 ], [ -97.691978558629685, 19.473063395085045 ], [ -97.687861088273166, 19.471763115007505 ] ] ] } },
{ "type": "Feature", "properties": { "cve_loc": "211020001", "nom_loc": "San Buenaventura Nealtican", "consultorios_faltantes": 0.2 }, "geometry": { "type": "Polygon", "coordinates": [ [ [ -98.429407806063168, 19.068631609487369 ], [ -98.421499507585338, 19.062494101437782 ], [ -98.421531168238829, 19.050972674037791 ], [ -98.428587435894144, 19.052491033526465 ], [ -98.427056426878508, 19.057795772319707 ], [ -98.42992945547671, 19.066426150197991 ], [ -98.428152236010376, 19.066175150606746 ], [ -98.428220776616556, 19.067219120267669 ], [ -98.430600395583014, 19.068693659445319 ], [ -98.429407806063168, 19.068631609487369 ] ] ] } },
{ "type": "Feature", "properties": { "cve_loc": "211040011", "nom_loc": "El Rincón Citlaltépetl", "consultorios_faltantes": 1.4 }, "geometry": { "type": "Polygon", "coordinates": [ [ [ -97.904889105328792, 19.173765264602149 ], [ -97.896152248584684, 19.161557387730731 ], [ -97.886177100982877, 19.159535577822066 ], [ -97.886475501140708, 19.150683420195129 ], [ -97.889973439398858, 19.148172810229557 ], [ -97.889771739577213, 19.149294790458526 ], [ -97.893344129034517, 19.149989479886038 ], [ -97.892877448796597, 19.148702849974146 ], [ -97.895155798273464, 19.147342010903294 ], [ -97.895332248229622, 19.149647310135087 ], [ -97.896897707993489, 19.149761609775052 ], [ -97.896650387802836, 19.152432219303318 ], [ -97.897860168264714, 19.151845789186705 ], [ -97.897806127760902, 19.154341728971939 ], [ -97.90071673735703, 19.157233378795215 ], [ -97.89772210761187, 19.157831408006867 ], [ -97.905374756382983, 19.166190328858942 ], [ -97.909744995002981, 19.173709044174295 ], [ -97.904889105328792, 19.173765264602149 ] ] ] } },
{ "type": "Feature", "properties": { "cve_loc": "211040019", "nom_loc": "Santa María Ixtiyucan", "consultorios_faltantes": 0.4 }, "geometry": { "type": "Polygon", "coordinates": [ [ [ -97.816430527898873, 19.180043092810454 ], [ -97.813776459131631, 19.180814302698192 ], [ -97.814765858736095, 19.181698352444904 ], [ -97.812234389564438, 19.188511600657169 ], [ -97.805959241171507, 19.187851610710645 ], [ -97.803467922154198, 19.189484617956964 ], [ -97.803927320808185, 19.184838181443208 ], [ -97.807849810168747, 19.178466943141412 ], [ -97.816430527898873, 19.180043092810454 ] ] ] } },
{ "type": "Feature", "properties": { "cve_loc": "211060001", "nom_loc": "Santa Clara Ocoyucan", "consultorios_faltantes": 0.7 }, "geometry": { "type": "Polygon", "coordinates": [ [ [ -98.306644936545169, 18.983097539724326 ], [ -98.304040807202838, 18.982947229777569 ], [ -98.299884978409992, 18.978455150846358 ], [ -98.297072117644163, 18.979231820884856 ], [ -98.296039598375472, 18.976914061338505 ], [ -98.297899837846003, 18.974435051433453 ], [ -98.293068439893389, 18.971824592378901 ], [ -98.294497209437381, 18.969710712269269 ], [ -98.297266688957166, 18.972451312153602 ], [ -98.299847997923251, 18.967514922601264 ], [ -98.299133467898187, 18.966439276839736 ], [ -98.305532336386804, 18.96921132270769 ], [ -98.305053626602543, 18.972343392297923 ], [ -98.308921535953189, 18.973492891240308 ], [ -98.305347166620109, 18.97622672090586 ], [ -98.307500825897094, 18.977750220628877 ], [ -98.308065495835521, 18.976720490892259 ], [ -98.31101529493796, 18.982717999600418 ], [ -98.314003994809354, 18.98409281951767 ], [ -98.309783145801205, 18.984368089127642 ], [ -98.309029055358863, 18.987158648701186 ], [ -98.305101766929454, 18.985059189803216 ], [ -98.306644936545169, 18.983097539724326 ] ] ] } },
{ "type": "Feature", "properties": { "cve_loc": "211060003", "nom_loc": "San Bernardino Chalchihuapan", "consultorios_faltantes": 0.5 }, "geometry": { "type": "Polygon", "coordinates": [ [ [ -98.339638447956474, 18.978074800810553 ], [ -98.332675219948385, 18.978061060935897 ], [ -98.330612080641103, 18.973408351185846 ], [ -98.332631200179705, 18.967133433069883 ], [ -98.334573109831538, 18.965320393150638 ], [ -98.341442447359881, 18.966599433139791 ], [ -98.33720707896147, 18.971217602126242 ], [ -98.339638447956474, 18.978074800810553 ] ] ] } },
{ "type": "Feature", "properties": { "cve_loc": "211060006", "nom_loc": "Santa María Malacatepec", "consultorios_faltantes": 1.0 }, "geometry": { "type": "Polygon", "coordinates": [ [ [ -98.303123667139658, 18.954393655809174 ], [ -98.292615476153586, 18.95249821251069 ], [ -98.296225608018759, 18.947936757210872 ], [ -98.294921844341431, 18.94735217990268 ], [ -98.296152437747793, 18.940834660195826 ], [ -98.302062137981352, 18.934643381049408 ], [ -98.303527204159153, 18.935565047067122 ], [ -98.306984192156321, 18.931914198467311 ], [ -98.307804035711314, 18.936292500212563 ], [ -98.311700914346019, 18.940343560151035 ], [ -98.307896752190231, 18.950591543525778 ], [ -98.302812210999193, 18.950484892460146 ], [ -98.303123667139658, 18.954393655809174 ] ] ] } },
{ "type": "Feature", "properties": { "cve_loc": "211060008", "nom_loc": "San Bernabé Temoxtitla", "consultorios_faltantes": 0.3 }, "geometry": { "type": "Polygon", "coordinates": [ [ [ -98.328682080485294, 18.994773026281809 ], [ -98.323106192513379, 18.988753885027567 ], [ -98.325181741842357, 18.986047449601465 ], [ -98.326484861276228, 18.985403309524461 ], [ -98.327934450890098, 18.987679588258999 ], [ -98.33202028032116, 18.986032278764888 ], [ -98.336563738931062, 18.989842287387944 ], [ -98.337651108872876, 18.989201628072685 ], [ -98.341426447637673, 18.994093546435071 ], [ -98.334397739799186, 19.000302345085125 ], [ -98.328003481173056, 19.000933886148697 ], [ -98.328682080485294, 18.994773026281809 ] ] ] } },
{ "type": "Feature", "properties": { "cve_loc": "211090014", "nom_loc": "San Pablito", "consultorios_faltantes": 0.1 }, "geometry": { "type": "Polygon", "coordinates": [ [ [ -98.161688456945981, 20.307781314259319 ], [ -98.15692772908622, 20.303138924414842 ], [ -98.158572368756822, 20.299527315237103 ], [ -98.157448639446997, 20.297504616112285 ], [ -98.162720777424738, 20.297632815385622 ], [ -98.168968065744608, 20.294248486193126 ], [ -98.171459575323169, 20.299128417315888 ], [ -98.163027837943261, 20.301541174686118 ], [ -98.161069837637726, 20.305895713533335 ], [ -98.161688456945981, 20.307781314259319 ] ] ] } },
{ "type": "Feature", "properties": { "cve_loc": "211100002", "nom_loc": "Bellavista de Victoria (San José Bellavista)", "consultorios_faltantes": 0.2 }, "geometry": { "type": "Polygon", "coordinates": [ [ [ -97.553219336451207, 18.871410866869571 ], [ -97.549938995719046, 18.876370106180474 ], [ -97.548753460346973, 18.87540060522225 ], [ -97.547095854935492, 18.878024846372096 ], [ -97.545867404155572, 18.877278693294546 ], [ -97.542176684177576, 18.882851921044363 ], [ -97.540344736882531, 18.880958669006176 ], [ -97.542031845676576, 18.880029798598695 ], [ -97.541017970599128, 18.877187326741566 ], [ -97.535020552971631, 18.880151618739063 ], [ -97.533132277489884, 18.884410158269642 ], [ -97.535632095858119, 18.878588264737925 ], [ -97.534425102449831, 18.877826886803458 ], [ -97.535460436050499, 18.872852463162623 ], [ -97.538582525417354, 18.866339802940743 ], [ -97.542241057422231, 18.869020023426362 ], [ -97.543920119816519, 18.866294117289456 ], [ -97.54280968652175, 18.869659615448903 ], [ -97.547294337615696, 18.872248414266885 ], [ -97.550665873498218, 18.869832204660362 ], [ -97.553219336451207, 18.871410866869571 ] ] ] } },
{ "type": "Feature", "properties": { "cve_loc": "211100004", "nom_loc": "Cuacnopalan", "consultorios_faltantes": 1.0 }, "geometry": { "type": "Polygon", "coordinates": [ [ [ -97.499352368271403, 18.825387635730607 ], [ -97.503403896651889, 18.82103851640715 ], [ -97.502251487457897, 18.820548497042044 ], [ -97.503468136632677, 18.81810728745139 ], [ -97.501763166931994, 18.817299747456378 ], [ -97.502802807349184, 18.815104187717502 ], [ -97.504179596779252, 18.815829378265757 ], [ -97.504639806179185, 18.813473098133997 ], [ -97.512290484442758, 18.816092387585542 ], [ -97.511832484468314, 18.817205187874222 ], [ -97.516163253507614, 18.818848866953267 ], [ -97.51932877319237, 18.822352386237341 ], [ -97.517460373760471, 18.825068985976905 ], [ -97.512167884759634, 18.823411266007298 ], [ -97.506464695942512, 18.830424554553868 ], [ -97.504619136874908, 18.829265204856629 ], [ -97.505515195938187, 18.828238695273775 ], [ -97.499352368271403, 18.825387635730607 ] ] ] } },
{ "type": "Feature", "properties": { "cve_loc": "211100023", "nom_loc": "San Miguel Xaltepec", "consultorios_faltantes": 0.6 }, "geometry": { "type": "Polygon", "coordinates": [ [ [ -97.604226635240437, 18.890432925855329 ], [ -97.598591843175882, 18.887653251026148 ], [ -97.604273870151331, 18.87653598031579 ], [ -97.616055208540018, 18.882156012467558 ], [ -97.612524949482506, 18.890178840476995 ], [ -97.606289526707798, 18.886680244744692 ], [ -97.604226635240437, 18.890432925855329 ] ] ] } },
{ "type": "Feature", "properties": { "cve_loc": "211140133", "nom_loc": "San Andrés Azumiatla", "consultorios_faltantes": 0.6 }, "geometry": { "type": "Polygon", "coordinates": [ [ [ -98.240782081357594, 18.910489276496357 ], [ -98.240175047164129, 18.906184809686831 ], [ -98.245952250681853, 18.898058408700589 ], [ -98.254093448613972, 18.891347740537775 ], [ -98.254998948384014, 18.888243361263843 ], [ -98.259008758274106, 18.889035611413629 ], [ -98.255879159498392, 18.901041368593905 ], [ -98.240782081357594, 18.910489276496357 ] ] ] } },
{ "type": "Feature", "properties": { "cve_loc": "211140190", "nom_loc": "La Resurrección", "consultorios_faltantes": 2.7 }, "geometry": { "type": "Polygon", "coordinates": [ [ [ -98.120909355719732, 19.112136592044916 ], [ -98.119657902318323, 19.109413259950788 ], [ -98.128980297486464, 19.091045048360822 ], [ -98.141151786114946, 19.102394591797569 ], [ -98.13343435878798, 19.106184761415431 ], [ -98.129157936865056, 19.110727287087293 ], [ -98.126856909829755, 19.109687880517534 ], [ -98.120909355719732, 19.112136592044916 ] ] ] } },
{ "type": "Feature", "properties": { "cve_loc": "211140194", "nom_loc": "San Sebastián de Aparicio", "consultorios_faltantes": 1.6 }, "geometry": { "type": "Polygon", "coordinates": [ [ [ -98.1535648345223, 19.106208360245589 ], [ -98.162496521592928, 19.089508974215207 ], [ -98.1616448323295, 19.092716093637609 ], [ -98.165313181027884, 19.097013432993879 ], [ -98.168920290349064, 19.095726853263994 ], [ -98.171263030132749, 19.098113942660323 ], [ -98.172373859234881, 19.097266062822975 ], [ -98.166221260854172, 19.105104400801004 ], [ -98.163531201359518, 19.103518541179891 ], [ -98.159990012356303, 19.103636110745761 ], [ -98.155572784130953, 19.107238420595209 ], [ -98.1535648345223, 19.106208360245589 ] ] ] } },
{ "type": "Feature", "properties": { "cve_loc": "211140196", "nom_loc": "San Baltazar Tetela", "consultorios_faltantes": 0.5 }, "geometry": { "type": "Polygon", "coordinates": [ [ [ -98.172257209785499, 18.916765235621021 ], [ -98.170105260672898, 18.91427221412528 ], [ -98.172108320168277, 18.913249465685787 ], [ -98.168775330389835, 18.910810206053455 ], [ -98.172376039900797, 18.907512047019363 ], [ -98.170208500279855, 18.903529007925648 ], [ -98.173897719440021, 18.907613936707254 ], [ -98.175492778883779, 18.906997696840094 ], [ -98.175047639029728, 18.904123096075267 ], [ -98.178781097807402, 18.906159606734779 ], [ -98.175487798879786, 18.912978495631549 ], [ -98.175786741852221, 18.917484971259668 ], [ -98.172257209785499, 18.916765235621021 ] ] ] } },
{ "type": "Feature", "properties": { "cve_loc": "211140211", "nom_loc": "San Miguel Canoa", "consultorios_faltantes": 1.7 }, "geometry": { "type": "Polygon", "coordinates": [ [ [ -98.09746647279681, 19.164122363164186 ], [ -98.098033258345225, 19.159913678475917 ], [ -98.096552717909205, 19.159794668377394 ], [ -98.102560767272507, 19.147960680363898 ], [ -98.106185226281625, 19.146032330996672 ], [ -98.110488485280783, 19.139487702808076 ], [ -98.112234514790302, 19.140373882608856 ], [ -98.112640024273176, 19.141462377522018 ], [ -98.103482346188798, 19.152043070156701 ], [ -98.102689566677782, 19.157517468550019 ], [ -98.099350308253335, 19.161391877915861 ], [ -98.100311306246184, 19.163363785753088 ], [ -98.09746647279681, 19.164122363164186 ] ] ] } },
{ "type": "Feature", "properties": { "cve_loc": "211140218", "nom_loc": "Santa María Xonacatepec", "consultorios_faltantes": 0.3 }, "geometry": { "type": "Polygon", "coordinates": [ [ [ -98.091120261604189, 19.087235223631023 ], [ -98.092471619582454, 19.087506454460883 ], [ -98.093940279238524, 19.084741825408834 ], [ -98.098959875178338, 19.081383239630458 ], [ -98.100941247560513, 19.075824867697087 ], [ -98.107144025383434, 19.078889966997636 ], [ -98.100950996992793, 19.087128175165056 ], [ -98.093477399360651, 19.093147683399238 ], [ -98.08915078990195, 19.100982291897125 ], [ -98.089208390497063, 19.099054192146287 ], [ -98.083440062000363, 19.09465986333543 ], [ -98.091120261604189, 19.087235223631023 ] ] ] } },
{ "type": "Feature", "properties": { "cve_loc": "211140221", "nom_loc": "Santo Tomás Chautla", "consultorios_faltantes": 0.4 }, "geometry": { "type": "Polygon", "coordinates": [ [ [ -98.14859324600836, 18.976355110934964 ], [ -98.146605265889391, 18.968326692267844 ], [ -98.151054644626711, 18.966382973421236 ], [ -98.155256846384233, 18.958936839485872 ], [ -98.156589532654195, 18.958771195112142 ], [ -98.160471475906803, 18.965852953499653 ], [ -98.160109897452756, 18.967882702373135 ], [ -98.15796606504135, 18.968007248271856 ], [ -98.159831873191862, 18.972399111728745 ], [ -98.155105604430119, 18.972236951581465 ], [ -98.14859324600836, 18.976355110934964 ] ] ] } },
{ "type": "Feature", "properties": { "cve_loc": "211140232", "nom_loc": "San Pedro Zacachimalpa", "consultorios_faltantes": 0.7 }, "geometry": { "type": "Polygon", "coordinates": [ [ [ -98.159985613230774, 18.949644287238343 ], [ -98.150360214024531, 18.945871467769081 ], [ -98.146927245918988, 18.941520838574647 ], [ -98.146902275721729, 18.939083779732254 ], [ -98.151298015371182, 18.937316039941582 ], [ -98.163809302274998, 18.937232640285906 ], [ -98.16539261177698, 18.938255199792941 ], [ -98.167073170763814, 18.935159230020918 ], [ -98.168293490563073, 18.935943870347803 ], [ -98.170172130766829, 18.939170749805012 ], [ -98.166200571247003, 18.943301378331334 ], [ -98.165200181607204, 18.946542177527004 ], [ -98.159985613230774, 18.949644287238343 ] ] ] } },
{ "type": "Feature", "properties": { "cve_loc": "211140326", "nom_loc": "San Miguel Espejo", "consultorios_faltantes": 0.2 }, "geometry": { "type": "Polygon", "coordinates": [ [ [ -98.065942538479248, 19.099023298847378 ], [ -98.064247382562471, 19.097461998646722 ], [ -98.065432918763733, 19.097461999212261 ], [ -98.066768659732887, 19.093604310242238 ], [ -98.065357817650167, 19.093429419924444 ], [ -98.065786725252551, 19.091863035848721 ], [ -98.070405734365607, 19.092291358517553 ], [ -98.070934129689718, 19.090671696100333 ], [ -98.072390568404799, 19.090996136928389 ], [ -98.069547426999691, 19.098151406096566 ], [ -98.065942538479248, 19.099023298847378 ] ] ] } },
{ "type": "Feature", "properties": { "cve_loc": "211140500", "nom_loc": "Chapultepec", "consultorios_faltantes": 0.6 }, "geometry": { "type": "Polygon", "coordinates": [ [ [ -98.147666754927656, 19.006417729990606 ], [ -98.144571486704749, 19.003620519708932 ], [ -98.145504893990974, 18.999420813946859 ], [ -98.147334161563947, 18.99952225703499 ], [ -98.150869310550519, 19.004614638138655 ], [ -98.147666754927656, 19.006417729990606 ] ] ] } },
{ "type": "Feature", "properties": { "cve_loc": "211150001", "nom_loc": "Quecholac", "consultorios_faltantes": 0.6 }, "geometry": { "type": "Polygon", "coordinates": [ [ [ -97.667752645799609, 18.958022434921915 ], [ -97.657178997442458, 18.955810155277586 ], [ -97.659062787699156, 18.94535849718222 ], [ -97.667096395422561, 18.947052607084789 ], [ -97.665873454805151, 18.950474006780968 ], [ -97.669209565356681, 18.951229945887174 ], [ -97.67037032529413, 18.95674043480301 ], [ -97.668135134690175, 18.95632405484961 ], [ -97.667752645799609, 18.958022434921915 ] ] ] } },
{ "type": "Feature", "properties": { "cve_loc": "211150003", "nom_loc": "La Compañía", "consultorios_faltantes": 0.1 }, "geometry": { "type": "Polygon", "coordinates": [ [ [ -97.720213112879762, 18.96928640302826 ], [ -97.717315523099572, 18.968304973580253 ], [ -97.718072541629709, 18.966716352872933 ], [ -97.725532971037055, 18.967600063668652 ], [ -97.731458519216162, 18.966570992354868 ], [ -97.733067119708423, 18.966761293139498 ], [ -97.735822768460139, 18.971027341699187 ], [ -97.726875321225279, 18.974063521036186 ], [ -97.723136432115439, 18.973300602360904 ], [ -97.722190582140655, 18.975491261500434 ], [ -97.719622842894125, 18.973805022135341 ], [ -97.720113922098193, 18.97137086179147 ], [ -97.718128093057231, 18.970777709435904 ], [ -97.720213112879762, 18.96928640302826 ] ] ] } },
{ "type": "Feature", "properties": { "cve_loc": "211150009", "nom_loc": "Palmarito Tochapan", "consultorios_faltantes": 0.8 }, "geometry": { "type": "Polygon", "coordinates": [ [ [ -97.634102533946546, 18.902257367994089 ], [ -97.639130162822227, 18.896697959410506 ], [ -97.641303052586579, 18.898645388629923 ], [ -97.643417502126496, 18.896328158795836 ], [ -97.64467725151458, 18.89765998907183 ], [ -97.642635511170894, 18.899829578666242 ], [ -97.649641280045174, 18.905310586716045 ], [ -97.646467161035844, 18.908649466160771 ], [ -97.643701001664382, 18.906332266329898 ], [ -97.640640222623858, 18.9076614463618 ], [ -97.634102533946546, 18.902257367994089 ] ] ] } },
{ "type": "Feature", "properties": { "cve_loc": "211150015", "nom_loc": "San Simón de Bravo", "consultorios_faltantes": 0.3 }, "geometry": { "type": "Polygon", "coordinates": [ [ [ -97.705246925203369, 18.972621142249032 ], [ -97.705506215777703, 18.971037142432035 ], [ -97.705029065122332, 18.972596061420276 ], [ -97.700277786002701, 18.971788312469716 ], [ -97.703081247167376, 18.963646523350228 ], [ -97.716782513499922, 18.96938208155731 ], [ -97.715991742107661, 18.970972081561623 ], [ -97.711536644378199, 18.971022721855132 ], [ -97.711001203395952, 18.972458022317031 ], [ -97.705246925203369, 18.972621142249032 ] ] ] } },
{ "type": "Feature", "properties": { "cve_loc": "211150018", "nom_loc": "San José Tuzuapan", "consultorios_faltantes": 0.6 }, "geometry": { "type": "Polygon", "coordinates": [ [ [ -97.666910185865646, 18.912708335554782 ], [ -97.65719753844111, 18.903741187271898 ], [ -97.661569057353859, 18.897570278782371 ], [ -97.656331715156057, 18.893773110137833 ], [ -97.658343788370431, 18.890513560488444 ], [ -97.677013673758907, 18.896299729399104 ], [ -97.666910185865646, 18.912708335554782 ] ] ] } },
{ "type": "Feature", "properties": { "cve_loc": "211170001", "nom_loc": "Ciudad de Rafael Lara Grajales", "consultorios_faltantes": 0.4 }, "geometry": { "type": "Polygon", "coordinates": [ [ [ -97.810597958314787, 19.235231340521462 ], [ -97.806227290330639, 19.231829660570064 ], [ -97.80511896056845, 19.233717090532785 ], [ -97.802290833274796, 19.232273303740111 ], [ -97.797450442451364, 19.226327161782176 ], [ -97.798083983061588, 19.225472112143603 ], [ -97.802810891658908, 19.228341311188096 ], [ -97.808183290452206, 19.228936371380932 ], [ -97.809689930051647, 19.227054621629321 ], [ -97.81295763911848, 19.227903221617115 ], [ -97.810597958314787, 19.235231340521462 ] ] ] } },
{ "type": "Feature", "properties": { "cve_loc": "211170003", "nom_loc": "Máximo Serdán", "consultorios_faltantes": 0.0 }, "geometry": { "type": "Polygon", "coordinates": [ [ [ -97.82530689588414, 19.264311243493189 ], [ -97.820427176989583, 19.259511424551281 ], [ -97.831174604319187, 19.259452484004861 ], [ -97.832314004342734, 19.260814454392527 ], [ -97.82530689588414, 19.264311243493189 ] ] ] } },
{ "type": "Feature", "properties": { "cve_loc": "211180001", "nom_loc": "Los Reyes de Juárez", "consultorios_faltantes": 0.2 }, "geometry": { "type": "Polygon", "coordinates": [ [ [ -97.811342899845599, 18.947770686886514 ], [ -97.811920644477581, 18.945000109124312 ], [ -97.807254560306077, 18.94175305844519 ], [ -97.809499477595338, 18.938656039674996 ], [ -97.817229645434793, 18.94025278944018 ], [ -97.818230334995079, 18.937954969863377 ], [ -97.82017221418802, 18.939000679193548 ], [ -97.817531534353108, 18.943818374622133 ], [ -97.820522357062742, 18.94429009805377 ], [ -97.819336924734088, 18.947323137111447 ], [ -97.821608724264991, 18.946699757361667 ], [ -97.824633801518573, 18.948106115525945 ], [ -97.821369836437881, 18.952926356440091 ], [ -97.811342899845599, 18.947770686886514 ] ] ] } },
{ "type": "Feature", "properties": { "cve_loc": "211180007", "nom_loc": "Santiago Acozac", "consultorios_faltantes": 0.2 }, "geometry": { "type": "Polygon", "coordinates": [ [ [ -97.813078639508333, 18.964545893338869 ], [ -97.806486301000845, 18.962291913497658 ], [ -97.807440670344675, 18.958865394670479 ], [ -97.804039581374155, 18.955932225601906 ], [ -97.805334291115472, 18.954014805639734 ], [ -97.809699300555906, 18.952749665790098 ], [ -97.810474259618758, 18.950417976894418 ], [ -97.818540758090293, 18.953196606081629 ], [ -97.813078639508333, 18.964545893338869 ] ] ] } },
{ "type": "Feature", "properties": { "cve_loc": "211190001", "nom_loc": "San Andrés Cholula", "consultorios_faltantes": 0.6 }, "geometry": { "type": "Polygon", "coordinates": [ [ [ -98.315930363747029, 19.037479356797814 ], [ -98.312698285148628, 19.035390756942963 ], [ -98.313086994647506, 19.033644067838694 ], [ -98.309128965545753, 19.031431097985735 ], [ -98.308959566223933, 19.029001338662859 ], [ -98.311389735309874, 19.024046759755485 ], [ -98.316380594226189, 19.027846618540604 ], [ -98.317618393434543, 19.021372440317879 ], [ -98.318867913324411, 19.024622479746849 ], [ -98.322629372856412, 19.027012988922685 ], [ -98.320240542860574, 19.030193018117085 ], [ -98.323145132250943, 19.031903298064499 ], [ -98.319511193075726, 19.03770612626273 ], [ -98.316410284252711, 19.035910007169853 ], [ -98.315930363747029, 19.037479356797814 ] ] ] } },
{ "type": "Feature", "properties": { "cve_loc": "211190009", "nom_loc": "San Luis Tehuiloyocan", "consultorios_faltantes": 0.0 }, "geometry": { "type": "Polygon", "coordinates": [ [ [ -98.335933419138101, 19.041282015601599 ], [ -98.337229388834956, 19.039534416612618 ], [ -98.33501830966938, 19.038278896487693 ], [ -98.335492818950968, 19.037067107130742 ], [ -98.332599480064076, 19.035787707173323 ], [ -98.329832510840291, 19.036530467265518 ], [ -98.330699086991984, 19.034989636228168 ], [ -98.328029431316494, 19.033880557825853 ], [ -98.329030997619981, 19.032284603293689 ], [ -98.338159048157152, 19.032986536331901 ], [ -98.342909327569828, 19.030141988752018 ], [ -98.343447057002223, 19.031899738433594 ], [ -98.348002579838692, 19.034785890409776 ], [ -98.338759768799591, 19.038900406539145 ], [ -98.33973076823834, 19.04004698629873 ], [ -98.338691688017775, 19.041632156212717 ], [ -98.335933419138101, 19.041282015601599 ] ] ] } },
{ "type": "Feature", "properties": { "cve_loc": "211220001", "nom_loc": "San Felipe Teotlalcingo", "consultorios_faltantes": 0.1 }, "geometry": { "type": "Polygon", "coordinates": [ [ [ -98.50160878862485, 19.242457659430695 ], [ -98.501190777603796, 19.222966374335765 ], [ -98.502889777214733, 19.221020834679113 ], [ -98.507005415197867, 19.220169965394039 ], [ -98.506564223104078, 19.229160978530025 ], [ -98.509024836345944, 19.229223852786575 ], [ -98.509304455383798, 19.23626774035483 ], [ -98.505399464540204, 19.239139620243346 ], [ -98.506819451724439, 19.239640398690877 ], [ -98.50494761647532, 19.239983330202442 ], [ -98.505784145633839, 19.244943289992307 ], [ -98.50160878862485, 19.242457659430695 ] ] ] } },
{ "type": "Feature", "properties": { "cve_loc": "211240001", "nom_loc": "San Gabriel Chilac", "consultorios_faltantes": 0.6 }, "geometry": { "type": "Polygon", "coordinates": [ [ [ -97.345660586806801, 18.332091432207456 ], [ -97.3490768359584, 18.318239435150495 ], [ -97.352355154422582, 18.319083585636797 ], [ -97.351666864598499, 18.321741974536259 ], [ -97.356532213362456, 18.324105973951937 ], [ -97.356375843826612, 18.325928103657443 ], [ -97.359045573430038, 18.327160523319499 ], [ -97.358663353142177, 18.328553433963698 ], [ -97.356369862877713, 18.327822983843273 ], [ -97.354172374766407, 18.331744462219191 ], [ -97.351957005367211, 18.329216122954634 ], [ -97.347752806374672, 18.332792372452204 ], [ -97.345660586806801, 18.332091432207456 ] ] ] } },
{ "type": "Feature", "properties": { "cve_loc": "211250001", "nom_loc": "San Gregorio Atzompa", "consultorios_faltantes": 0.6 }, "geometry": { "type": "Polygon", "coordinates": [ [ [ -98.341777197990751, 19.030834678079231 ], [ -98.340300027958349, 19.025068679361983 ], [ -98.337814878258982, 19.023463300331368 ], [ -98.343567706822597, 19.014790532347948 ], [ -98.349952275811987, 19.015970391945554 ], [ -98.356272224040453, 19.020377851232833 ], [ -98.346364686452134, 19.029019468529583 ], [ -98.346030016113275, 19.028082128528567 ], [ -98.341777197990751, 19.030834678079231 ] ] ] } },
{ "type": "Feature", "properties": { "cve_loc": "211250002", "nom_loc": "Chipilo de Francisco Javier Mina", "consultorios_faltantes": 0.5 }, "geometry": { "type": "Polygon", "coordinates": [ [ [ -98.335429109556529, 19.025538159207603 ], [ -98.321871192609706, 19.01057636274291 ], [ -98.32698309087742, 19.001832615314537 ], [ -98.329056790853073, 19.000652705625441 ], [ -98.344793647248409, 18.999743146014165 ], [ -98.350279445640354, 18.996309796543684 ], [ -98.352070153781099, 18.999379056460526 ], [ -98.343306157110931, 19.004281874105057 ], [ -98.344199217167684, 19.005905734030986 ], [ -98.341135217106626, 19.00932308378961 ], [ -98.336349478563847, 19.011268873097219 ], [ -98.336676198458022, 19.017903021030296 ], [ -98.339271017852582, 19.020260130506117 ], [ -98.335429109556529, 19.025538159207603 ] ] ] } },
{ "type": "Feature", "properties": { "cve_loc": "211290001", "nom_loc": "San José Miahuatlán", "consultorios_faltantes": 0.1 }, "geometry": { "type": "Polygon", "coordinates": [ [ [ -97.29167670978191, 18.291954561439013 ], [ -97.281639321848388, 18.288334142869097 ], [ -97.28041059260309, 18.286097246451458 ], [ -97.285739621469446, 18.287946417276054 ], [ -97.286034620612384, 18.286875186859191 ], [ -97.290467589963171, 18.287877753110315 ], [ -97.292182150213975, 18.286999303067418 ], [ -97.293170200147898, 18.288225102654692 ], [ -97.29167670978191, 18.291954561439013 ] ] ] } },
{ "type": "Feature", "properties": { "cve_loc": "211320001", "nom_loc": "San Martín Texmelucan de Labastida", "consultorios_faltantes": 0.5 }, "geometry": { "type": "Polygon", "coordinates": [ [ [ -98.438082433798783, 19.281567220456889 ], [ -98.440362032355225, 19.286843069020836 ], [ -98.434150604546545, 19.288065619138127 ], [ -98.433786634177423, 19.289964868814753 ], [ -98.431582264845616, 19.289540678165842 ], [ -98.432140024410288, 19.285586319281226 ], [ -98.429946405444213, 19.285562129374995 ], [ -98.430364604942469, 19.283104930281944 ], [ -98.437347173408384, 19.284142899737866 ], [ -98.436951903420407, 19.2816315802256 ], [ -98.438082433798783, 19.281567220456889 ] ] ] } },
{ "type": "Feature", "properties": { "cve_loc": "211320004", "nom_loc": "San Buenaventura Tecaltzingo", "consultorios_faltantes": 0.6 }, "geometry": { "type": "Polygon", "coordinates": [ [ [ -98.468807794479375, 19.250585537960688 ], [ -98.457514477608626, 19.251406957241638 ], [ -98.450331500451313, 19.242063739364212 ], [ -98.458431274200848, 19.239763425657859 ], [ -98.460802224995064, 19.242439435086766 ], [ -98.463827097236518, 19.242462800549202 ], [ -98.464872139927095, 19.239995856423775 ], [ -98.466853106374984, 19.243235589882527 ], [ -98.470255424571334, 19.243370539895466 ], [ -98.468807794479375, 19.250585537960688 ] ] ] } },
{ "type": "Feature", "properties": { "cve_loc": "211320008", "nom_loc": "San Francisco Tepeyecac", "consultorios_faltantes": 0.8 }, "geometry": { "type": "Polygon", "coordinates": [ [ [ -98.4386187134441, 19.257740927030504 ], [ -98.427637635246256, 19.250377907912696 ], [ -98.426019426289912, 19.242585308989092 ], [ -98.429487745192247, 19.240711960774949 ], [ -98.430343235102399, 19.234702651966973 ], [ -98.432050625025283, 19.233359742639433 ], [ -98.442685461871179, 19.233487291296065 ], [ -98.444554483622099, 19.235416519319077 ], [ -98.443970049254943, 19.239425694041245 ], [ -98.444707721370477, 19.243233670934451 ], [ -98.446513901608469, 19.244343018998432 ], [ -98.446172296017025, 19.251552417144776 ], [ -98.447737028749401, 19.251667310676773 ], [ -98.447477080236439, 19.254470087889718 ], [ -98.44506631196748, 19.253547357424416 ], [ -98.445111970839008, 19.256317395985644 ], [ -98.440158801949622, 19.25546090476427 ], [ -98.4386187134441, 19.257740927030504 ] ] ] } },
{ "type": "Feature", "properties": { "cve_loc": "211320009", "nom_loc": "San Jerónimo Tianguismanalco", "consultorios_faltantes": 0.9 }, "geometry": { "type": "Polygon", "coordinates": [ [ [ -98.427166706263421, 19.25011510790085 ], [ -98.419820687934092, 19.248155937870692 ], [ -98.420363838032188, 19.245995048792469 ], [ -98.418488488335043, 19.245663598974232 ], [ -98.4205384680306, 19.235022990968044 ], [ -98.430343235102399, 19.234702651966973 ], [ -98.429487745192247, 19.240711960774949 ], [ -98.426019426289912, 19.242585308989092 ], [ -98.427166706263421, 19.25011510790085 ] ] ] } },
{ "type": "Feature", "properties": { "cve_loc": "211320010", "nom_loc": "San Juan Tuxco", "consultorios_faltantes": 1.0 }, "geometry": { "type": "Polygon", "coordinates": [ [ [ -98.460370997895794, 19.268235235850224 ], [ -98.444412141574873, 19.265310814028698 ], [ -98.445109731828751, 19.258156086233665 ], [ -98.443277372012247, 19.25788187572136 ], [ -98.443628422202522, 19.256083017116534 ], [ -98.445111970839008, 19.256317395985644 ], [ -98.44506631196748, 19.253547357424416 ], [ -98.447477080236439, 19.254470087889718 ], [ -98.448476539666373, 19.256849416795667 ], [ -98.450778929029028, 19.257211726248471 ], [ -98.456804338382895, 19.250567887636919 ], [ -98.459385308362982, 19.253720826931648 ], [ -98.458891727796228, 19.262686524852786 ], [ -98.46062884821778, 19.26323535499942 ], [ -98.460370997895794, 19.268235235850224 ] ] ] } },
{ "type": "Feature", "properties": { "cve_loc": "211320013", "nom_loc": "San Rafael Tlanalapan", "consultorios_faltantes": 0.8 }, "geometry": { "type": "Polygon", "coordinates": [ [ [ -98.458417568535623, 19.29847877613739 ], [ -98.452473159616403, 19.297681956900629 ], [ -98.452923879992966, 19.291402758585768 ], [ -98.450779280356301, 19.288163178672622 ], [ -98.454962709287784, 19.288148448596115 ], [ -98.457564908415321, 19.273283502592008 ], [ -98.460762445316718, 19.272032624674686 ], [ -98.463199597207847, 19.275572302034288 ], [ -98.46228344709678, 19.282935300269102 ], [ -98.460312597473546, 19.282982329786549 ], [ -98.460423567675917, 19.293218437372548 ], [ -98.458417568535623, 19.29847877613739 ] ] ] } },
{ "type": "Feature", "properties": { "cve_loc": "211320015", "nom_loc": "Santa María Moyotzingo", "consultorios_faltantes": 0.3 }, "geometry": { "type": "Polygon", "coordinates": [ [ [ -98.406958291051609, 19.247570077856452 ], [ -98.397970042108568, 19.245183738534337 ], [ -98.398850091957399, 19.242244430217873 ], [ -98.396562333326187, 19.241454852602772 ], [ -98.397066587865837, 19.239732829536994 ], [ -98.399951212425478, 19.24030729114239 ], [ -98.401278712241648, 19.236463050390491 ], [ -98.404604322224003, 19.237442140844827 ], [ -98.404605640746539, 19.234544801706303 ], [ -98.40637463178291, 19.234650291267215 ], [ -98.406958291051609, 19.247570077856452 ] ] ] } },
{ "type": "Feature", "properties": { "cve_loc": "211340001", "nom_loc": "San Matías Tlalancaleca", "consultorios_faltantes": 1.1 }, "geometry": { "type": "Polygon", "coordinates": [ [ [ -98.504019867316373, 19.334172886965458 ], [ -98.504296686709338, 19.332464968967482 ], [ -98.501281807918744, 19.332667628277278 ], [ -98.491814918156237, 19.3251933444268 ], [ -98.498477238405002, 19.324282631071409 ], [ -98.507668095704787, 19.325414520666026 ], [ -98.505602946593555, 19.326654870346626 ], [ -98.508601343857222, 19.333932005094709 ], [ -98.504019867316373, 19.334172886965458 ] ] ] } },
{ "type": "Feature", "properties": { "cve_loc": "211340002", "nom_loc": "Juárez Coronaco", "consultorios_faltantes": 0.1 }, "geometry": { "type": "Polygon", "coordinates": [ [ [ -98.529659370016404, 19.367351621623527 ], [ -98.525899741528249, 19.365202002505342 ], [ -98.519933242418588, 19.366422130788592 ], [ -98.513890923059094, 19.36015688337049 ], [ -98.530531659877099, 19.355084203247138 ], [ -98.533247769939749, 19.365482941179938 ], [ -98.529659370016404, 19.367351621623527 ] ] ] } },
{ "type": "Feature", "properties": { "cve_loc": "211360001", "nom_loc": "San Miguel Xoxtla", "consultorios_faltantes": 0.6 }, "geometry": { "type": "Polygon", "coordinates": [ [ [ -98.316568092376301, 19.182250434471246 ], [ -98.30646165612508, 19.175675154436728 ], [ -98.305224116152033, 19.17291044533463 ], [ -98.307442286359546, 19.1741423450983 ], [ -98.305586146365883, 19.172782745578921 ], [ -98.306481666391434, 19.171224665253941 ], [ -98.307345235975916, 19.171760205916939 ], [ -98.309035115808996, 19.168361096182529 ], [ -98.310786034957573, 19.169123275836601 ], [ -98.312172365013126, 19.167039006856271 ], [ -98.307027084970215, 19.158388928417601 ], [ -98.31019633560804, 19.154371550548834 ], [ -98.323785202257767, 19.168817036128136 ], [ -98.316568092376301, 19.182250434471246 ] ] ] } },
{ "type": "Feature", "properties": { "cve_loc": "211400014", "nom_loc": "Santiago Momoxpan", "consultorios_faltantes": 0.8 }, "geometry": { "type": "Polygon", "coordinates": [ [ [ -98.2620519577696, 19.078164638511193 ], [ -98.26371230660807, 19.076964828708075 ], [ -98.261054217302387, 19.075195437724929 ], [ -98.263261617487231, 19.074012999234451 ], [ -98.261035688996472, 19.072321611356781 ], [ -98.262827546493057, 19.068680600436284 ], [ -98.267006475717906, 19.071479569008257 ], [ -98.265505446517949, 19.073712408395721 ], [ -98.269462694445693, 19.075896298150262 ], [ -98.267396036411554, 19.076071947419067 ], [ -98.269625805943249, 19.077571237142219 ], [ -98.268204875003491, 19.077684398531201 ], [ -98.268217175244132, 19.08158182683048 ], [ -98.2620519577696, 19.078164638511193 ] ] ] } },
{ "type": "Feature", "properties": { "cve_loc": "211400027", "nom_loc": "San Gregorio Zacapechpan", "consultorios_faltantes": 0.6 }, "geometry": { "type": "Polygon", "coordinates": [ [ [ -98.350362967468612, 19.063692020333313 ], [ -98.350033207979607, 19.06177294953665 ], [ -98.338926198730704, 19.060334182602016 ], [ -98.339243726994582, 19.059101836646001 ], [ -98.343088617220431, 19.058437411481112 ], [ -98.345383215555003, 19.053945472628012 ], [ -98.342960927315502, 19.052929063330996 ], [ -98.343487587543549, 19.050838704531593 ], [ -98.341045128194708, 19.049433554529394 ], [ -98.344005886311905, 19.046947445362783 ], [ -98.34241721680327, 19.04489147606542 ], [ -98.363892421656871, 19.040745816079991 ], [ -98.364207012090702, 19.045763274429099 ], [ -98.362466982578482, 19.048778215639782 ], [ -98.363940242122439, 19.049693134100032 ], [ -98.36179844253995, 19.052080953148788 ], [ -98.36331213184792, 19.052958954349506 ], [ -98.36135050250472, 19.056817773013638 ], [ -98.358722723534086, 19.058922601832027 ], [ -98.357540622871127, 19.057931801897642 ], [ -98.355243594189574, 19.062369520975949 ], [ -98.350362967468612, 19.063692020333313 ] ] ] } },
{ "type": "Feature", "properties": { "cve_loc": "211420001", "nom_loc": "San Salvador el Seco", "consultorios_faltantes": 0.0 }, "geometry": { "type": "Polygon", "coordinates": [ [ [ -97.641712681431329, 19.136924252268859 ], [ -97.648638019597627, 19.126905054602894 ], [ -97.653326893021472, 19.128176208466247 ], [ -97.644823330805181, 19.139190752600825 ], [ -97.641712681431329, 19.136924252268859 ] ] ] } },
{ "type": "Feature", "properties": { "cve_loc": "211420003", "nom_loc": "Santa María Coatepec", "consultorios_faltantes": 0.3 }, "geometry": { "type": "Polygon", "coordinates": [ [ [ -97.5881736453738, 19.115254167588539 ], [ -97.589466355253492, 19.11289815789743 ], [ -97.585952076275717, 19.112421618446522 ], [ -97.58718567575761, 19.111669538721046 ], [ -97.585800416202019, 19.107367019903432 ], [ -97.58838301502837, 19.105583851066747 ], [ -97.592119664060021, 19.108345739594533 ], [ -97.597503523252584, 19.109738798615023 ], [ -97.597491343348963, 19.113509687833389 ], [ -97.59591378379983, 19.114711737503065 ], [ -97.5881736453738, 19.115254167588539 ] ] ] } },
{ "type": "Feature", "properties": { "cve_loc": "211430008", "nom_loc": "Analco de Ponciano Arriaga (Santa Cruz Analco)", "consultorios_faltantes": 0.1 }, "geometry": { "type": "Polygon", "coordinates": [ [ [ -98.508983585462289, 19.265331333798265 ], [ -98.499107237834608, 19.269798963453532 ], [ -98.49771012852834, 19.262242615111887 ], [ -98.499570408567976, 19.261592274786054 ], [ -98.500361988208667, 19.259274585468038 ], [ -98.498756988420482, 19.257379085889106 ], [ -98.501951718028337, 19.258202645732254 ], [ -98.503525447578568, 19.25683279639108 ], [ -98.512039295024735, 19.26368519422611 ], [ -98.509931436029348, 19.263960984764147 ], [ -98.510220285795143, 19.266090124404499 ], [ -98.508983585462289, 19.265331333798265 ] ] ] } },
{ "type": "Feature", "properties": { "cve_loc": "211430010", "nom_loc": "San Gregorio Aztotoacan", "consultorios_faltantes": 0.2 }, "geometry": { "type": "Polygon", "coordinates": [ [ [ -98.489578160606484, 19.274879122306597 ], [ -98.489345290797431, 19.265492254558009 ], [ -98.484496692010609, 19.266090124346771 ], [ -98.49771012852834, 19.262242615111887 ], [ -98.499107237834608, 19.269798963453532 ], [ -98.501288577779377, 19.269861752950657 ], [ -98.496053419054718, 19.273400152530531 ], [ -98.497141989211968, 19.273790102605506 ], [ -98.492599789476444, 19.273478382509065 ], [ -98.489578160606484, 19.274879122306597 ] ] ] } },
{ "type": "Feature", "properties": { "cve_loc": "211430011", "nom_loc": "San Lucas el Grande", "consultorios_faltantes": 0.6 }, "geometry": { "type": "Polygon", "coordinates": [ [ [ -98.473154164805962, 19.31426247262317 ], [ -98.465281756625515, 19.312851643624356 ], [ -98.467314026403699, 19.305099094719473 ], [ -98.481302212676525, 19.306795634874252 ], [ -98.486981159825575, 19.310611213982384 ], [ -98.473154164805962, 19.31426247262317 ] ] ] } },
{ "type": "Feature", "properties": { "cve_loc": "211430014", "nom_loc": "San Simón Atzitzintla", "consultorios_faltantes": 0.5 }, "geometry": { "type": "Polygon", "coordinates": [ [ [ -98.488696210809479, 19.264905364674913 ], [ -98.464313596657263, 19.267564303402409 ], [ -98.465702756660349, 19.267004883552477 ], [ -98.46550342645223, 19.263193194839879 ], [ -98.481301692361399, 19.256665906205736 ], [ -98.484804731564395, 19.256778385947189 ], [ -98.481957702334057, 19.261621425418657 ], [ -98.484967211688001, 19.26174635538354 ], [ -98.484804351726723, 19.265014214024273 ], [ -98.488696210809479, 19.264905364674913 ] ] ] } },
{ "type": "Feature", "properties": { "cve_loc": "211430016", "nom_loc": "Tlacotepec de José Manzo", "consultorios_faltantes": 0.0 }, "geometry": { "type": "Polygon", "coordinates": [ [ [ -98.483758362555321, 19.269607163040089 ], [ -98.483971011769768, 19.27571905236217 ], [ -98.481705331534002, 19.272748183289835 ], [ -98.479539962116291, 19.272704362903067 ], [ -98.47969696209374, 19.267096254561537 ], [ -98.483758362555321, 19.269607163040089 ] ] ] } },
{ "type": "Feature", "properties": { "cve_loc": "211440001", "nom_loc": "San Salvador Huixcolotla", "consultorios_faltantes": 0.8 }, "geometry": { "type": "Polygon", "coordinates": [ [ [ -97.77230707972025, 18.922683733096253 ], [ -97.773747168507086, 18.919824214409342 ], [ -97.771086098485284, 18.918572353743471 ], [ -97.772463729206791, 18.91653895497976 ], [ -97.771160909960969, 18.914953304724047 ], [ -97.776158368142191, 18.904757103768397 ], [ -97.781043417320348, 18.907873806843458 ], [ -97.780449987174293, 18.909961895799782 ], [ -97.784837785929867, 18.912625725539431 ], [ -97.78034486810968, 18.923805833661383 ], [ -97.77811178715865, 18.923397762564619 ], [ -97.777488468565508, 18.924934353004318 ], [ -97.77230707972025, 18.922683733096253 ] ] ] } },
{ "type": "Feature", "properties": { "cve_loc": "211480004", "nom_loc": "Santa Ana Acozautla", "consultorios_faltantes": 0.3 }, "geometry": { "type": "Polygon", "coordinates": [ [ [ -98.378151897917391, 18.968188003390406 ], [ -98.379260928073904, 18.955334796989508 ], [ -98.384256297200551, 18.948321798284706 ], [ -98.387368266206934, 18.948450428557823 ], [ -98.389393245264941, 18.952640196121703 ], [ -98.384929327231632, 18.965015744058004 ], [ -98.381899498045797, 18.969396053195908 ], [ -98.3809291466536, 18.967560623423552 ], [ -98.379250477179284, 18.968178433956517 ], [ -98.379395779202937, 18.969886243067741 ], [ -98.378151897917391, 18.968188003390406 ] ] ] } },
{ "type": "Feature", "properties": { "cve_loc": "211490001", "nom_loc": "Santiago Miahuatlán", "consultorios_faltantes": 0.5 }, "geometry": { "type": "Polygon", "coordinates": [ [ [ -97.44266571209991, 18.555928729165839 ], [ -97.443705012153544, 18.547608810902894 ], [ -97.448495380377793, 18.543120612248583 ], [ -97.447951040598028, 18.547363781437127 ], [ -97.451815729590152, 18.546152961211401 ], [ -97.450228749910423, 18.550536160728676 ], [ -97.450868079774835, 18.552310010264371 ], [ -97.452523279859861, 18.551913300063948 ], [ -97.452907299690196, 18.555082819479917 ], [ -97.443626751981256, 18.559074328422756 ], [ -97.44266571209991, 18.555928729165839 ] ] ] } },
{ "type": "Feature", "properties": { "cve_loc": "211540001", "nom_loc": "Tecamachalco", "consultorios_faltantes": 0.1 }, "geometry": { "type": "Polygon", "coordinates": [ [ [ -97.715647027552905, 18.891345967279886 ], [ -97.716037883909408, 18.885804221968236 ], [ -97.713076184670911, 18.885023852107903 ], [ -97.713544183637339, 18.883454142367356 ], [ -97.71620608729107, 18.883176660752014 ], [ -97.716690991482622, 18.881553223924641 ], [ -97.715044027962051, 18.88104112424098 ], [ -97.71495241292655, 18.87945279399371 ], [ -97.716793203451331, 18.873141304970243 ], [ -97.723989061520626, 18.875038714062292 ], [ -97.72070812176716, 18.885446141782282 ], [ -97.715647027552905, 18.891345967279886 ] ] ] } },
{ "type": "Feature", "properties": { "cve_loc": "211540011", "nom_loc": "La Purísima de Hidalgo", "consultorios_faltantes": 0.1 }, "geometry": { "type": "Polygon", "coordinates": [ [ [ -97.789068497028651, 18.832919455355029 ], [ -97.78749822038472, 18.832175545920009 ], [ -97.794333398443285, 18.820804161625958 ], [ -97.802037291758538, 18.82836472497873 ], [ -97.79366162456455, 18.84276098138174 ], [ -97.785717252010087, 18.838759155766329 ], [ -97.789068497028651, 18.832919455355029 ] ] ] } },
{ "type": "Feature", "properties": { "cve_loc": "211540021", "nom_loc": "San Mateo Tlaixpan", "consultorios_faltantes": 0.2 }, "geometry": { "type": "Polygon", "coordinates": [ [ [ -97.728111750818172, 18.921025764136253 ], [ -97.722617441626269, 18.918693474036164 ], [ -97.723239511582378, 18.915710604546863 ], [ -97.727862810270935, 18.914900505130198 ], [ -97.729051140072769, 18.910717585840015 ], [ -97.730861910177993, 18.913875065287264 ], [ -97.73671979886322, 18.914543244547179 ], [ -97.73355014883289, 18.921231303195647 ], [ -97.728111750818172, 18.921025764136253 ] ] ] } },
{ "type": "Feature", "properties": { "cve_loc": "211560009", "nom_loc": "Magdalena Cuayucatepec", "consultorios_faltantes": 0.2 }, "geometry": { "type": "Polygon", "coordinates": [ [ [ -97.484211034490755, 18.559383848955022 ], [ -97.483400122382918, 18.557617088826298 ], [ -97.486405921498502, 18.545671581362392 ], [ -97.491288439890766, 18.547167121637806 ], [ -97.491434800366363, 18.550831270319406 ], [ -97.499051797658609, 18.55274758951472 ], [ -97.492498949750129, 18.558906438050251 ], [ -97.484211034490755, 18.559383848955022 ] ] ] } },
{ "type": "Feature", "properties": { "cve_loc": "211610005", "nom_loc": "San Bartolo Teontepec", "consultorios_faltantes": 0.2 }, "geometry": { "type": "Polygon", "coordinates": [ [ [ -97.533909219172827, 18.500415113398539 ], [ -97.525716001747341, 18.491038265428664 ], [ -97.525147560940297, 18.479134257278947 ], [ -97.527158600139899, 18.479097868302635 ], [ -97.527023250617233, 18.477556028828545 ], [ -97.536018997899163, 18.477338368708882 ], [ -97.538561900354736, 18.478845269058045 ], [ -97.53395153432723, 18.479288497390243 ], [ -97.535072398810769, 18.48448103266669 ], [ -97.532145930036705, 18.487763025358252 ], [ -97.533878388946619, 18.490709575687983 ], [ -97.540429227757116, 18.490473135940903 ], [ -97.541436596554036, 18.492933174856972 ], [ -97.539050536947926, 18.493578344864765 ], [ -97.53944473727455, 18.496628743064733 ], [ -97.536124458152003, 18.49896508351129 ], [ -97.537884346822622, 18.500171203767515 ], [ -97.533909219172827, 18.500415113398539 ] ] ] } },
{ "type": "Feature", "properties": { "cve_loc": "211630001", "nom_loc": "Tepatlaxco de Hidalgo", "consultorios_faltantes": 0.9 }, "geometry": { "type": "Polygon", "coordinates": [ [ [ -97.968292770433322, 19.090768114475271 ], [ -97.968333477815563, 19.088297947012922 ], [ -97.96494971904373, 19.085978495901276 ], [ -97.966665909104165, 19.084508237289842 ], [ -97.965129679367564, 19.082814007376829 ], [ -97.968887827274045, 19.079612127922587 ], [ -97.970111348176644, 19.080824058248904 ], [ -97.97169517894622, 19.079436606173513 ], [ -97.978262427962875, 19.086970164816602 ], [ -97.973135368493075, 19.091093513568961 ], [ -97.971784772566238, 19.088895630831061 ], [ -97.968292770433322, 19.090768114475271 ] ] ] } },
{ "type": "Feature", "properties": { "cve_loc": "211640001", "nom_loc": "Tepeaca", "consultorios_faltantes": 0.2 }, "geometry": { "type": "Polygon", "coordinates": [ [ [ -97.895773624428671, 18.9848350287911 ], [ -97.897115451483458, 18.983572680936284 ], [ -97.895526063585635, 18.983289093015028 ], [ -97.895568503610306, 18.980588958768188 ], [ -97.89347642530646, 18.981359322258051 ], [ -97.889405285410149, 18.978957598380454 ], [ -97.892491034361441, 18.97447850946438 ], [ -97.893913374448189, 18.974478589755162 ], [ -97.894146657203081, 18.970295681923957 ], [ -97.900086893627901, 18.970441960429063 ], [ -97.899249882900904, 18.978429759405284 ], [ -97.902634942532629, 18.984776768036483 ], [ -97.900982312868521, 18.986863666843981 ], [ -97.895773624428671, 18.9848350287911 ] ] ] } },
{ "type": "Feature", "properties": { "cve_loc": "211640012", "nom_loc": "San Hipólito Xochiltenango", "consultorios_faltantes": 0.1 }, "geometry": { "type": "Polygon", "coordinates": [ [ [ -97.879361253136153, 18.943752318253136 ], [ -97.868805735655286, 18.939268289796111 ], [ -97.864135686305104, 18.939289748740514 ], [ -97.869270994624614, 18.928983132676837 ], [ -97.875190973600866, 18.931689380728628 ], [ -97.87755559239686, 18.935599780424486 ], [ -97.876377482867383, 18.936430520528848 ], [ -97.879361253136153, 18.943752318253136 ] ] ] } },
{ "type": "Feature", "properties": { "cve_loc": "211640013", "nom_loc": "San José Carpinteros", "consultorios_faltantes": 0.0 }, "geometry": { "type": "Polygon", "coordinates": [ [ [ -97.913576133744257, 18.999737766047879 ], [ -97.911466531324336, 19.003205346651381 ], [ -97.908923167512455, 19.001859583229802 ], [ -97.909996984076969, 18.99991236517987 ], [ -97.905775784676067, 18.996514456075037 ], [ -97.906961275971895, 18.987512477552844 ], [ -97.912859333540652, 18.988694998378016 ], [ -97.913797163249612, 18.987617707968209 ], [ -97.919319432456689, 18.991104536923206 ], [ -97.916991813723882, 18.999620002769777 ], [ -97.918990162029331, 19.000092455785055 ], [ -97.916512292264244, 19.004040744819488 ], [ -97.913576133744257, 18.999737766047879 ] ] ] } },
{ "type": "Feature", "properties": { "cve_loc": "211640016", "nom_loc": "San Mateo Parra", "consultorios_faltantes": 0.0 }, "geometry": { "type": "Polygon", "coordinates": [ [ [ -97.857687106818176, 18.991963818007658 ], [ -97.864875455721133, 18.984228248244733 ], [ -97.865558315399355, 18.98463505866691 ], [ -97.863822676094856, 18.989027507850235 ], [ -97.867298765702301, 18.98992291763734 ], [ -97.866577085425732, 18.992291986679575 ], [ -97.863735166915063, 18.991398617432658 ], [ -97.862998625581938, 18.993892747170147 ], [ -97.857687106818176, 18.991963818007658 ] ] ] } },
{ "type": "Feature", "properties": { "cve_loc": "211640024", "nom_loc": "Santiago Acatlán", "consultorios_faltantes": 0.2 }, "geometry": { "type": "Polygon", "coordinates": [ [ [ -97.929424689171782, 18.997468225191952 ], [ -97.923682180942535, 18.994553367641366 ], [ -97.928054589133112, 18.988516657985894 ], [ -97.928510389874518, 18.984453580489173 ], [ -97.936064268263365, 18.986512406203392 ], [ -97.932219528976731, 18.990324288252559 ], [ -97.933801458347205, 18.990595678139886 ], [ -97.929424689171782, 18.997468225191952 ] ] ] } },
{ "type": "Feature", "properties": { "cve_loc": "211680002", "nom_loc": "Calmeca (San Juan Calmeca)", "consultorios_faltantes": 0.2 }, "geometry": { "type": "Polygon", "coordinates": [ [ [ -98.631961926032375, 18.640119619400721 ], [ -98.630884915992823, 18.637038080073442 ], [ -98.632081185895245, 18.634268600195519 ], [ -98.630500526259937, 18.632428560532464 ], [ -98.633178884440028, 18.626679112841451 ], [ -98.634381215496774, 18.63011879134277 ], [ -98.63644374468754, 18.628773311666624 ], [ -98.63730125476232, 18.630135971783417 ], [ -98.636029185280449, 18.635624540579666 ], [ -98.636808384913522, 18.63967684898526 ], [ -98.63544143528236, 18.642260098202541 ], [ -98.631961926032375, 18.640119619400721 ] ] ] } },
{ "type": "Feature", "properties": { "cve_loc": "211740001", "nom_loc": "Teziutlán", "consultorios_faltantes": 0.8 }, "geometry": { "type": "Polygon", "coordinates": [ [ [ -97.354740891865774, 19.834330489201264 ], [ -97.357485660937385, 19.829480139906607 ], [ -97.356051121498382, 19.825420891553307 ], [ -97.357317440842223, 19.821790741586256 ], [ -97.363914429686631, 19.818133512954635 ], [ -97.364955129422597, 19.81949986289257 ], [ -97.362535689272946, 19.822355521582214 ], [ -97.360656629844513, 19.831988970044346 ], [ -97.358741750078536, 19.830610990247983 ], [ -97.356541751257666, 19.834064418957116 ], [ -97.354740891865774, 19.834330489201264 ] ] ] } },
{ "type": "Feature", "properties": { "cve_loc": "211740004", "nom_loc": "Atoluca", "consultorios_faltantes": 1.5 }, "geometry": { "type": "Polygon", "coordinates": [ [ [ -97.341083954742658, 19.853727135581178 ], [ -97.339789204872247, 19.855082844891076 ], [ -97.334278465559038, 19.855456993998146 ], [ -97.339577173833732, 19.847639846771944 ], [ -97.344429553706732, 19.848233565648801 ], [ -97.353968861340235, 19.844929077175983 ], [ -97.354903970263209, 19.8433508471267 ], [ -97.359096369995697, 19.843098257832757 ], [ -97.358835771932306, 19.853777787216728 ], [ -97.353638097933484, 19.85345017941567 ], [ -97.352119177706683, 19.854565023806764 ], [ -97.352860491425105, 19.856458266311137 ], [ -97.349828800749634, 19.85561481511585 ], [ -97.350598316419536, 19.857610142550101 ], [ -97.348393191995441, 19.860371859957255 ], [ -97.354994593832842, 19.862807715830925 ], [ -97.354658625263994, 19.864444651348681 ], [ -97.345467443458176, 19.868935840538963 ], [ -97.345584242988949, 19.864948012569858 ], [ -97.346957062602073, 19.863910642047909 ], [ -97.34426863300196, 19.862795912594155 ], [ -97.346035032941714, 19.860355932625517 ], [ -97.345284014052211, 19.856598623762039 ], [ -97.341083954742658, 19.853727135581178 ] ] ] } },
{ "type": "Feature", "properties": { "cve_loc": "211740016", "nom_loc": "San Juan Acateno", "consultorios_faltantes": 1.0 }, "geometry": { "type": "Polygon", "coordinates": [ [ [ -97.363580439344133, 19.883820307611082 ], [ -97.360394099930076, 19.881472468131324 ], [ -97.358640810206992, 19.875336189744111 ], [ -97.360930700237375, 19.872338710469027 ], [ -97.365933298510797, 19.873050039685562 ], [ -97.367801328069518, 19.868581501136919 ], [ -97.36493126839359, 19.864906585869271 ], [ -97.370765547833614, 19.863220482360976 ], [ -97.372437407111761, 19.864486362000815 ], [ -97.37393411639772, 19.870431450490013 ], [ -97.376675635511035, 19.871307850929696 ], [ -97.378007425212473, 19.873831980001349 ], [ -97.37483306674558, 19.88447495716855 ], [ -97.370675897263283, 19.883034987596812 ], [ -97.363580439344133, 19.883820307611082 ] ] ] } },
{ "type": "Feature", "properties": { "cve_loc": "211740019", "nom_loc": "San Sebastián", "consultorios_faltantes": 0.7 }, "geometry": { "type": "Polygon", "coordinates": [ [ [ -97.364945982771403, 19.864905028975016 ], [ -97.361747349841892, 19.863878343322877 ], [ -97.362345681388831, 19.859370814008852 ], [ -97.365811668603186, 19.855550134594989 ], [ -97.366006028407725, 19.850638874867357 ], [ -97.369556398176954, 19.842404507170723 ], [ -97.379798974800877, 19.848425196107716 ], [ -97.376123126510521, 19.853476874733559 ], [ -97.37384997705351, 19.868217251548725 ], [ -97.370765547833614, 19.863220482360976 ], [ -97.364945982771403, 19.864905028975016 ] ] ] } },
{ "type": "Feature", "properties": { "cve_loc": "211740022", "nom_loc": "Xoloateno", "consultorios_faltantes": 0.4 }, "geometry": { "type": "Polygon", "coordinates": [ [ [ -97.365957628922516, 19.826966970804975 ], [ -97.369164058166646, 19.820601792067659 ], [ -97.374244776044748, 19.823006142935974 ], [ -97.374807855510099, 19.819800862400204 ], [ -97.381449034155779, 19.816473403394451 ], [ -97.380898464956161, 19.819352232764093 ], [ -97.37885302532105, 19.820607512131527 ], [ -97.379057405862014, 19.823256721593076 ], [ -97.375587975932547, 19.827856521507464 ], [ -97.373757426862952, 19.827648350370882 ], [ -97.37406491688553, 19.831250230258032 ], [ -97.369718668206247, 19.831380430142147 ], [ -97.365958068631812, 19.838658057824485 ], [ -97.363269899498405, 19.837311048109857 ], [ -97.366392628257671, 19.830333920067446 ], [ -97.365957628922516, 19.826966970804975 ] ] ] } },
{ "type": "Feature", "properties": { "cve_loc": "211770019", "nom_loc": "Santa María la Alta", "consultorios_faltantes": 1.0 }, "geometry": { "type": "Polygon", "coordinates": [ [ [ -97.649104650922965, 18.602524838495096 ], [ -97.654822980058952, 18.593361489550691 ], [ -97.664864366670969, 18.596141719860295 ], [ -97.661034327825732, 18.607450366645605 ], [ -97.649104650922965, 18.602524838495096 ] ] ] } },
{ "type": "Feature", "properties": { "cve_loc": "211800001", "nom_loc": "Santa Rita Tlahuapan", "consultorios_faltantes": 0.6 }, "geometry": { "type": "Polygon", "coordinates": [ [ [ -98.590605265852858, 19.342840426339102 ], [ -98.583522617047691, 19.335778137952538 ], [ -98.578400398305646, 19.335135458006903 ], [ -98.581840477366868, 19.332998598902162 ], [ -98.578806308953915, 19.3267426005598 ], [ -98.583229387682366, 19.325805490676114 ], [ -98.589183986103862, 19.327768040189724 ], [ -98.599015753975067, 19.327769320122279 ], [ -98.602775922522369, 19.329669799170166 ], [ -98.600614303509786, 19.334097348754895 ], [ -98.592850934745542, 19.342158887039364 ], [ -98.590605265852858, 19.342840426339102 ] ] ] } },
{ "type": "Feature", "properties": { "cve_loc": "211810001", "nom_loc": "Tlaltenango", "consultorios_faltantes": 0.3 }, "geometry": { "type": "Polygon", "coordinates": [ [ [ -98.348405845685889, 19.180376573475403 ], [ -98.330763060121001, 19.17263970573838 ], [ -98.332810370100475, 19.168680556319149 ], [ -98.338252588534942, 19.171471355604066 ], [ -98.344169337040938, 19.170125586404989 ], [ -98.351929995050767, 19.173056665238413 ], [ -98.348405845685889, 19.180376573475403 ] ] ] } },
{ "type": "Feature", "properties": { "cve_loc": "211860001", "nom_loc": "Ciudad de Tlatlauquitepec", "consultorios_faltantes": 0.2 }, "geometry": { "type": "Polygon", "coordinates": [ [ [ -97.488427938105417, 19.849928905886312 ], [ -97.492508657119558, 19.849401305662983 ], [ -97.500307595000962, 19.851995865993665 ], [ -97.49864116575192, 19.855861104678482 ], [ -97.500850234366936, 19.857043394720989 ], [ -97.50007769486551, 19.859078043680078 ], [ -97.498532595424152, 19.85854128374751 ], [ -97.494299086136422, 19.863146962874659 ], [ -97.493988776651577, 19.859518853627421 ], [ -97.491764117, 19.859961783711366 ], [ -97.490008537215743, 19.858375193767408 ], [ -97.492889996580558, 19.855087545211301 ], [ -97.492462066992644, 19.851993815131621 ], [ -97.488427938105417, 19.849928905886312 ] ] ] } },
{ "type": "Feature", "properties": { "cve_loc": "211880002", "nom_loc": "San Antonio Alpanocan", "consultorios_faltantes": 0.2 }, "geometry": { "type": "Polygon", "coordinates": [ [ [ -98.706116987950011, 18.883709313562786 ], [ -98.700493647918478, 18.880432364282846 ], [ -98.699384560245889, 18.881522889594187 ], [ -98.697752368726924, 18.876949714191866 ], [ -98.701795339069022, 18.875785344046257 ], [ -98.704461367092378, 18.872426826512811 ], [ -98.707908447273297, 18.872396045222892 ], [ -98.71067461538874, 18.86834805664266 ], [ -98.712804616377483, 18.867800766099066 ], [ -98.713031834919789, 18.876526315496335 ], [ -98.710316446767521, 18.878624164314449 ], [ -98.709546556147387, 18.881264713032405 ], [ -98.707533835864055, 18.881519683008502 ], [ -98.706116987950011, 18.883709313562786 ] ] ] } },
{ "type": "Feature", "properties": { "cve_loc": "211950014", "nom_loc": "Telpatlán", "consultorios_faltantes": 0.0 }, "geometry": { "type": "Polygon", "coordinates": [ [ [ -97.156125642026112, 18.488025665829117 ], [ -97.150648571819715, 18.484723807173552 ], [ -97.148256041651166, 18.486066944686627 ], [ -97.148583509275099, 18.483349465839286 ], [ -97.147027826813257, 18.482016484960617 ], [ -97.149066306651946, 18.481818062633671 ], [ -97.142963653414498, 18.476437907849938 ], [ -97.146007067174011, 18.47550899155496 ], [ -97.1473679937681, 18.47862172376864 ], [ -97.149626412887415, 18.477410814244273 ], [ -97.149250904754979, 18.479481565954242 ], [ -97.152805068075082, 18.478137709133115 ], [ -97.152019180747516, 18.479483441213794 ], [ -97.154708093736119, 18.480349638219991 ], [ -97.154093197140369, 18.483245200984374 ], [ -97.157584763108758, 18.484573722071655 ], [ -97.155532873611378, 18.48511301352406 ], [ -97.156125642026112, 18.488025665829117 ] ] ] } },
{ "type": "Feature", "properties": { "cve_loc": "211970001", "nom_loc": "Xicotepec de Juárez", "consultorios_faltantes": 1.2 }, "geometry": { "type": "Polygon", "coordinates": [ [ [ -97.95341957960639, 20.285494447742568 ], [ -97.955800278672271, 20.283086808399727 ], [ -97.95433864944323, 20.282057069640484 ], [ -97.955531647883717, 20.281016128448162 ], [ -97.954281260004706, 20.278989299384623 ], [ -97.959044918546127, 20.278392808723872 ], [ -97.961813147829204, 20.281035408433517 ], [ -97.959066828006144, 20.286439526990776 ], [ -97.955421219264665, 20.288703497093724 ], [ -97.95341957960639, 20.285494447742568 ] ] ] } },
{ "type": "Feature", "properties": { "cve_loc": "211970029", "nom_loc": "Villa Ávila Camacho (La Ceiba)", "consultorios_faltantes": 0.0 }, "geometry": { "type": "Polygon", "coordinates": [ [ [ -97.88167276696521, 20.390781953159198 ], [ -97.882130506828474, 20.389274792961103 ], [ -97.876782328266046, 20.384518904346571 ], [ -97.878424967608652, 20.381400725199875 ], [ -97.884426925964803, 20.38616759443147 ], [ -97.885756275256625, 20.393239102074119 ], [ -97.884270936566068, 20.395889211745104 ], [ -97.884091786176981, 20.392792382544748 ], [ -97.88167276696521, 20.390781953159198 ] ] ] } },
{ "type": "Feature", "properties": { "cve_loc": "211990001", "nom_loc": "San Juan Xiutetelco", "consultorios_faltantes": 0.9 }, "geometry": { "type": "Polygon", "coordinates": [ [ [ -97.333401956219134, 19.791411058832736 ], [ -97.326687638481943, 19.799323117159641 ], [ -97.323268979552978, 19.798680097330138 ], [ -97.321766019372333, 19.800703806584607 ], [ -97.32288127864247, 19.792732349718193 ], [ -97.326800338663148, 19.789866689415078 ], [ -97.329572498382262, 19.785391840264761 ], [ -97.329509097937574, 19.791563659239625 ], [ -97.333051406729467, 19.78902703993738 ], [ -97.332127047413238, 19.789791839083669 ], [ -97.333401956219134, 19.791411058832736 ] ] ] } },
{ "type": "Feature", "properties": { "cve_loc": "211990008", "nom_loc": "San Andrés", "consultorios_faltantes": 0.0 }, "geometry": { "type": "Polygon", "coordinates": [ [ [ -97.329521508710741, 19.801547940107987 ], [ -97.32989918727742, 19.794511758770387 ], [ -97.339409074368817, 19.785499441052881 ], [ -97.344542584542097, 19.783088441668575 ], [ -97.347649783745453, 19.785041800924578 ], [ -97.345932522721782, 19.78718820978904 ], [ -97.344405583078682, 19.785739209952062 ], [ -97.341772095385281, 19.788218979705015 ], [ -97.332807868909086, 19.800605907959504 ], [ -97.330857256200204, 19.799418293486838 ], [ -97.329521508710741, 19.801547940107987 ] ] ] } },
{ "type": "Feature", "properties": { "cve_loc": "211990009", "nom_loc": "San Francisco", "consultorios_faltantes": 0.3 }, "geometry": { "type": "Polygon", "coordinates": [ [ [ -97.325565558647781, 19.790000399030163 ], [ -97.326756758954701, 19.785169491471088 ], [ -97.322185820251292, 19.783975641831393 ], [ -97.321633299936721, 19.785681520380102 ], [ -97.315396511196553, 19.783811090289294 ], [ -97.3172390709463, 19.779552461526499 ], [ -97.323904009779298, 19.773196443267789 ], [ -97.327206499031107, 19.775381662256219 ], [ -97.329356837848607, 19.772233333789917 ], [ -97.328856527708382, 19.76991885052697 ], [ -97.334212697364961, 19.772503563544817 ], [ -97.325565558647781, 19.790000399030163 ] ] ] } },
{ "type": "Feature", "properties": { "cve_loc": "211990016", "nom_loc": "Xaltipan", "consultorios_faltantes": 0.1 }, "geometry": { "type": "Polygon", "coordinates": [ [ [ -97.337404644797715, 19.773737704116837 ], [ -97.327968538379963, 19.769231274024936 ], [ -97.327706448482971, 19.766241134514921 ], [ -97.329221243040578, 19.765006135064585 ], [ -97.326206206759963, 19.764188295488189 ], [ -97.328009310216075, 19.761377846473195 ], [ -97.335720975502696, 19.764320046498003 ], [ -97.340914704949483, 19.770078523748516 ], [ -97.337404644797715, 19.773737704116837 ] ] ] } },
{ "type": "Feature", "properties": { "cve_loc": "212020010", "nom_loc": "Zoatecpan", "consultorios_faltantes": 0.0 }, "geometry": { "type": "Polygon", "coordinates": [ [ [ -97.609381907275321, 19.938705597122031 ], [ -97.60439834848529, 19.92916805769671 ], [ -97.604888378080716, 19.925322778656628 ], [ -97.610307207568368, 19.925406428548229 ], [ -97.61710954553773, 19.922527269626045 ], [ -97.623092283828115, 19.930438527447098 ], [ -97.624851033841637, 19.930613718008861 ], [ -97.62168151295829, 19.932191327787852 ], [ -97.622361854279376, 19.938155695842649 ], [ -97.620690594958816, 19.939400485518917 ], [ -97.617099665194544, 19.937922656241231 ], [ -97.609381907275321, 19.938705597122031 ] ] ] } },
{ "type": "Feature", "properties": { "cve_loc": "212070001", "nom_loc": "Zacapoaxtla", "consultorios_faltantes": 0.2 }, "geometry": { "type": "Polygon", "coordinates": [ [ [ -97.584009443714876, 19.877780900304408 ], [ -97.585304770922363, 19.868478203611531 ], [ -97.588447981177367, 19.858807657235467 ], [ -97.587476922291771, 19.865140102718776 ], [ -97.589227092959078, 19.871613530888318 ], [ -97.590264092268711, 19.871421931372659 ], [ -97.590588412650931, 19.876265160228463 ], [ -97.588637062448939, 19.879857939654539 ], [ -97.587933811692793, 19.875733940313683 ], [ -97.584009443714876, 19.877780900304408 ] ] ] } },
{ "type": "Feature", "properties": { "cve_loc": "212070012", "nom_loc": "Las Lomas", "consultorios_faltantes": 0.0 }, "geometry": { "type": "Polygon", "coordinates": [ [ [ -97.618968035053513, 19.847029417327388 ], [ -97.597809480130081, 19.836981618231853 ], [ -97.599095062792699, 19.833042750477116 ], [ -97.597865172911355, 19.829987899837388 ], [ -97.602726978348841, 19.82394245314368 ], [ -97.602395178113468, 19.817611863508606 ], [ -97.605253178283931, 19.815659774479407 ], [ -97.604133938065303, 19.812658854910982 ], [ -97.605399915466705, 19.810677886152387 ], [ -97.600625339125358, 19.80526445629696 ], [ -97.604219768574083, 19.801544468011496 ], [ -97.607591516009379, 19.800681226377474 ], [ -97.613343736519312, 19.80108311792274 ], [ -97.618711974971802, 19.803922887998421 ], [ -97.622590794114217, 19.806677807271722 ], [ -97.622870913748443, 19.811190886726923 ], [ -97.625691544107212, 19.812407866042577 ], [ -97.623160403236199, 19.817733724014342 ], [ -97.625340533220466, 19.819602314410822 ], [ -97.626184192378517, 19.823641943550697 ], [ -97.624407664255756, 19.832288920705064 ], [ -97.618968035053513, 19.847029417327388 ] ] ] } },
{ "type": "Feature", "properties": { "cve_loc": "212070018", "nom_loc": "Tatoxcac", "consultorios_faltantes": 0.7 }, "geometry": { "type": "Polygon", "coordinates": [ [ [ -97.558809448803373, 19.88408393147358 ], [ -97.556392061077318, 19.879857685305989 ], [ -97.55302028835608, 19.87919950154771 ], [ -97.551221455931852, 19.877093052118443 ], [ -97.55008921849884, 19.87812062194449 ], [ -97.552545294735324, 19.8692654914686 ], [ -97.550158791544661, 19.867302073154772 ], [ -97.549359442154696, 19.859512934008116 ], [ -97.562078188162829, 19.854563015612346 ], [ -97.567885158511572, 19.850469347478086 ], [ -97.572480446832387, 19.853275785460156 ], [ -97.575249276002353, 19.853298115714519 ], [ -97.575327715429594, 19.855703344739883 ], [ -97.57924209512133, 19.860626393466074 ], [ -97.580213463995221, 19.86787605311288 ], [ -97.575161536289755, 19.874390801827523 ], [ -97.575590525420807, 19.879935280469105 ], [ -97.56943080506413, 19.878728429981997 ], [ -97.564172245625556, 19.87989684006876 ], [ -97.562013541419674, 19.878533736940494 ], [ -97.562070063797762, 19.880996963232271 ], [ -97.564739879367465, 19.88344337098307 ], [ -97.558809448803373, 19.88408393147358 ] ] ] } },
{ "type": "Feature", "properties": { "cve_loc": "212080001", "nom_loc": "Zacatlán", "consultorios_faltantes": 0.5 }, "geometry": { "type": "Polygon", "coordinates": [ [ [ -97.961285879338931, 19.943165696020731 ], [ -97.961468679734537, 19.933136598432004 ], [ -97.967738478297292, 19.933370598986706 ], [ -97.968055737441205, 19.940192997084022 ], [ -97.970471997706085, 19.94173345659981 ], [ -97.965989228268072, 19.941923056278466 ], [ -97.965621138187132, 19.94314799602758 ], [ -97.963216649538097, 19.941718326569386 ], [ -97.961285879338931, 19.943165696020731 ] ] ] } },
{ "type": "Feature", "properties": { "cve_loc": "212110001", "nom_loc": "Zaragoza", "consultorios_faltantes": 0.1 }, "geometry": { "type": "Polygon", "coordinates": [ [ [ -97.55108584256881, 19.774284983629254 ], [ -97.55964416012479, 19.768523645051719 ], [ -97.561643959515209, 19.770647865962264 ], [ -97.560201419685299, 19.770294235469962 ], [ -97.557596720391373, 19.773596493683026 ], [ -97.559847560761057, 19.775139493687696 ], [ -97.559542530664785, 19.776481753362926 ], [ -97.556511411467724, 19.77500984428249 ], [ -97.555545211443999, 19.777841872812385 ], [ -97.55108584256881, 19.774284983629254 ] ] ] } },
{ "type": "Feature", "properties": { "cve_loc": "212120024", "nom_loc": "San Miguel Tenextatiloyan", "consultorios_faltantes": 0.1 }, "geometry": { "type": "Polygon", "coordinates": [ [ [ -97.600594120143796, 19.714906228163777 ], [ -97.598719907743728, 19.712662845553261 ], [ -97.597652830785947, 19.71461068824285 ], [ -97.593848342593091, 19.713333177794066 ], [ -97.595952752009168, 19.713393908125486 ], [ -97.595983341998377, 19.707111479602048 ], [ -97.601182920539642, 19.703557170470617 ], [ -97.601803090100276, 19.705693521266408 ], [ -97.604376504452148, 19.705259381449476 ], [ -97.603248689232899, 19.708995623523734 ], [ -97.60171740037184, 19.709629519167368 ], [ -97.606255739471024, 19.712930368462988 ], [ -97.601939429766873, 19.712522028050746 ], [ -97.600594120143796, 19.714906228163777 ] ] ] } },
{ "type": "Feature", "properties": { "cve_loc": "212140001", "nom_loc": "San Sebastián Zinacatepec", "consultorios_faltantes": 1.7 }, "geometry": { "type": "Polygon", "coordinates": [ [ [ -97.237183462794036, 18.333072672275648 ], [ -97.240455732315979, 18.333582872177718 ], [ -97.24043150262176, 18.329459472930402 ], [ -97.242362261777387, 18.32968321309319 ], [ -97.241610132451044, 18.328124242848425 ], [ -97.244397670962471, 18.329145634080913 ], [ -97.244945471476115, 18.328028243335872 ], [ -97.244948292317645, 18.331024903441261 ], [ -97.242597722425003, 18.331087273761547 ], [ -97.241326922711792, 18.334456981774075 ], [ -97.249719010820073, 18.338889941005061 ], [ -97.247865163561045, 18.339432023856183 ], [ -97.248821164072524, 18.34328378338256 ], [ -97.243264521014112, 18.343244379830455 ], [ -97.237183462794036, 18.333072672275648 ] ] ] } },
{ "type": "Feature", "properties": { "cve_loc": "212170010", "nom_loc": "Xitlama", "consultorios_faltantes": 0.1 }, "geometry": { "type": "Polygon", "coordinates": [ [ [ -97.0113628098823, 18.314788667180803 ], [ -97.005561562036405, 18.306332158710624 ], [ -97.009051134254918, 18.307897063432073 ], [ -97.015076201652874, 18.304324364887552 ], [ -97.012146118508781, 18.304875910506208 ], [ -97.008682459974935, 18.303104297115095 ], [ -97.005217741580836, 18.30389663716133 ], [ -97.0036475320954, 18.301957750660684 ], [ -97.010305159358893, 18.294159367568312 ], [ -97.01411755699246, 18.294283924484898 ], [ -97.01437100826648, 18.292172027602749 ], [ -97.018355324550669, 18.289577500626244 ], [ -97.024675615637122, 18.280920171692816 ], [ -97.035969204395201, 18.277565456667602 ], [ -97.037338813774483, 18.280203994962108 ], [ -97.041699253189876, 18.279568815388107 ], [ -97.04404121198219, 18.281059415104636 ], [ -97.045207742709607, 18.282297911810609 ], [ -97.044625879195536, 18.285874999567099 ], [ -97.041111444180089, 18.290686052515884 ], [ -97.038860606410736, 18.291373003449479 ], [ -97.038417615213191, 18.292586972416952 ], [ -97.040140634276909, 18.293460386728455 ], [ -97.027995759072482, 18.300255847925897 ], [ -97.027552624474993, 18.304695383943979 ], [ -97.031804457733685, 18.308289176313004 ], [ -97.027146128192641, 18.309038853783068 ], [ -97.026482945835141, 18.312295093627615 ], [ -97.025081861238846, 18.312685086548331 ], [ -97.022328831477651, 18.311871722772906 ], [ -97.021496124653865, 18.312187743842099 ], [ -97.023920467941394, 18.314390046733319 ], [ -97.0113628098823, 18.314788667180803 ] ] ] } },
{ "type": "Feature", "properties": { "cve_loc": "230010001", "nom_loc": "Cozumel", "consultorios_faltantes": 0.1 }, "geometry": { "type": "Polygon", "coordinates": [ [ [ -86.936839314842302, 20.507116478396604 ], [ -86.942357253293338, 20.50214035985249 ], [ -86.946358772627036, 20.505369508776564 ], [ -86.941368403767399, 20.510759148008898 ], [ -86.936839314842302, 20.507116478396604 ] ] ] } },
{ "type": "Feature", "properties": { "cve_loc": "230020001", "nom_loc": "Felipe Carrillo Puerto", "consultorios_faltantes": 0.2 }, "geometry": { "type": "Polygon", "coordinates": [ [ [ -88.058686379752473, 19.576555120102203 ], [ -88.053670832904089, 19.574750780750062 ], [ -88.053974790301524, 19.571633263900946 ], [ -88.051220611627912, 19.571360302485996 ], [ -88.047446473966374, 19.575014180783942 ], [ -88.048059992617127, 19.571031753126118 ], [ -88.04535906451315, 19.569926181771308 ], [ -88.04405565699858, 19.560442423373189 ], [ -88.045183754958984, 19.560309766603414 ], [ -88.044349425262993, 19.561470187305442 ], [ -88.047520982946835, 19.56679003255628 ], [ -88.052425981313419, 19.56894352380997 ], [ -88.052220761023975, 19.570415043541722 ], [ -88.060202545098974, 19.57199871940011 ], [ -88.058686379752473, 19.576555120102203 ] ] ] } },
{ "type": "Feature", "properties": { "cve_loc": "230030001", "nom_loc": "Isla Mujeres", "consultorios_faltantes": 0.5 }, "geometry": { "type": "Polygon", "coordinates": [ [ [ -86.730989393974568, 21.236035657504416 ], [ -86.72825951422729, 21.23031218931435 ], [ -86.73081741378148, 21.228624489539129 ], [ -86.727085025367003, 21.222728031158116 ], [ -86.72820243481128, 21.219641202022693 ], [ -86.729587684628811, 21.220065542430046 ], [ -86.732455363271598, 21.223787680795819 ], [ -86.730130674065435, 21.221372221487147 ], [ -86.734069942855925, 21.23026567951862 ], [ -86.73186161345015, 21.230023989251411 ], [ -86.733675183061749, 21.233774768637844 ], [ -86.730989393974568, 21.236035657504416 ] ] ] } },
{ "type": "Feature", "properties": { "cve_loc": "230050002", "nom_loc": "Alfredo V. Bonfil", "consultorios_faltantes": 0.6 }, "geometry": { "type": "Polygon", "coordinates": [ [ [ -86.851531101026339, 21.093269665908956 ], [ -86.847313413242773, 21.09270994580206 ], [ -86.848740112981588, 21.083597118549019 ], [ -86.85288807134549, 21.085172978256747 ], [ -86.851531101026339, 21.093269665908956 ] ] ] } },
{ "type": "Feature", "properties": { "cve_loc": "230080308", "nom_loc": "Puerto Aventuras", "consultorios_faltantes": 0.1 }, "geometry": { "type": "Polygon", "coordinates": [ [ [ -87.231902065599485, 20.518158489899577 ], [ -87.229054513134926, 20.516665108946526 ], [ -87.231813973025169, 20.514711409831719 ], [ -87.235954081393743, 20.514314819764458 ], [ -87.231902065599485, 20.518158489899577 ] ] ] } },
{ "type": "Feature", "properties": { "cve_loc": "230090001", "nom_loc": "Tulum", "consultorios_faltantes": 0.0 }, "geometry": { "type": "Polygon", "coordinates": [ [ [ -87.455080833015103, 20.219096889154443 ], [ -87.453409422925077, 20.214142413300326 ], [ -87.459472972711211, 20.212225121272379 ], [ -87.461192262119269, 20.21704411833344 ], [ -87.455080833015103, 20.219096889154443 ] ] ] } },
{ "type": "Feature", "properties": { "cve_loc": "230110001", "nom_loc": "Puerto Morelos", "consultorios_faltantes": 0.7 }, "geometry": { "type": "Polygon", "coordinates": [ [ [ -86.900162701074848, 20.856550687211886 ], [ -86.902087271102559, 20.850547608802358 ], [ -86.907164009615002, 20.85490989795148 ], [ -86.905969599604774, 20.85851205762653 ], [ -86.900162701074848, 20.856550687211886 ] ] ] } },
{ "type": "Feature", "properties": { "cve_loc": "240080001", "nom_loc": "Cerritos", "consultorios_faltantes": 0.1 }, "geometry": { "type": "Polygon", "coordinates": [ [ [ -100.27877426514965, 22.441403944202186 ], [ -100.278508629719695, 22.438730928510946 ], [ -100.276695700909912, 22.436199269179642 ], [ -100.274739922021055, 22.437082058979254 ], [ -100.273270771972619, 22.431590918622422 ], [ -100.275254501326884, 22.430644030656048 ], [ -100.279423239624194, 22.431812057115899 ], [ -100.280988640513385, 22.430159609784479 ], [ -100.286053358221707, 22.434784209041741 ], [ -100.284321160186991, 22.435030388565835 ], [ -100.282067989568489, 22.440237887890113 ], [ -100.279412928396212, 22.43966673325259 ], [ -100.27877426514965, 22.441403944202186 ] ] ] } },
{ "type": "Feature", "properties": { "cve_loc": "240110001", "nom_loc": "Ciudad Fernández", "consultorios_faltantes": 1.0 }, "geometry": { "type": "Polygon", "coordinates": [ [ [ -100.052819180879055, 21.94618185201535 ], [ -100.031702307164835, 21.937704293463955 ], [ -100.034010705286477, 21.933104114883683 ], [ -100.035924055975002, 21.929981235452647 ], [ -100.045310442745816, 21.933098116128896 ], [ -100.048923091462257, 21.924120097106826 ], [ -100.052800591242388, 21.932935976227828 ], [ -100.052819180879055, 21.94618185201535 ] ] ] } },
{ "type": "Feature", "properties": { "cve_loc": "240150001", "nom_loc": "Charcas", "consultorios_faltantes": 0.0 }, "geometry": { "type": "Polygon", "coordinates": [ [ [ -101.127703252560565, 23.133338728237213 ], [ -101.114074040078052, 23.1313588296475 ], [ -101.114395904824846, 23.129617416131854 ], [ -101.11837739424891, 23.125417151559795 ], [ -101.124002902116615, 23.127246809800226 ], [ -101.12447980242105, 23.132383859268398 ], [ -101.127703252560565, 23.133338728237213 ] ] ] } },
{ "type": "Feature", "properties": { "cve_loc": "240160001", "nom_loc": "Ebano", "consultorios_faltantes": 0.1 }, "geometry": { "type": "Polygon", "coordinates": [ [ [ -98.387426104430631, 22.226711083880858 ], [ -98.381431444715489, 22.216937125279337 ], [ -98.39496227142817, 22.213629496498253 ], [ -98.395070671812874, 22.215260855055774 ], [ -98.400617747991362, 22.216029952359811 ], [ -98.40203149593151, 22.220454914092564 ], [ -98.399229955856583, 22.22103096689268 ], [ -98.394073866153718, 22.21838440385627 ], [ -98.391906689979251, 22.221968860832558 ], [ -98.390817923068951, 22.221463007833886 ], [ -98.392056108032918, 22.217346234603685 ], [ -98.389985420457933, 22.21619308815275 ], [ -98.388993746366722, 22.218978421339088 ], [ -98.385168855520462, 22.218709521453324 ], [ -98.385540618470642, 22.222411375782841 ], [ -98.38711413788522, 22.222148719638511 ], [ -98.389828405326838, 22.226252172966365 ], [ -98.387426104430631, 22.226711083880858 ] ] ] } },
{ "type": "Feature", "properties": { "cve_loc": "240200001", "nom_loc": "Matehuala", "consultorios_faltantes": 0.0 }, "geometry": { "type": "Polygon", "coordinates": [ [ [ -100.648228503855123, 23.655899304608432 ], [ -100.647917673743592, 23.654059694518356 ], [ -100.647792753035347, 23.655646264089402 ], [ -100.643266524877092, 23.656023264379662 ], [ -100.643516784569329, 23.650029095278114 ], [ -100.649578422962776, 23.650730065616926 ], [ -100.649396932925484, 23.652360445281058 ], [ -100.651395952382927, 23.652896384488017 ], [ -100.652137702917855, 23.655347014662894 ], [ -100.648228503855123, 23.655899304608432 ] ] ] } },
{ "type": "Feature", "properties": { "cve_loc": "240240001", "nom_loc": "Rioverde", "consultorios_faltantes": 0.5 }, "geometry": { "type": "Polygon", "coordinates": [ [ [ -100.004114593253149, 21.9501385581355 ], [ -99.999715881009806, 21.947834301116739 ], [ -100.000294264436931, 21.946678372272611 ], [ -99.99335333246816, 21.945709031277723 ], [ -99.993338775693985, 21.938485223800996 ], [ -99.995410255842941, 21.9387351927104 ], [ -99.99574080429845, 21.934496604895223 ], [ -99.998148344668181, 21.936231594405495 ], [ -99.999405454552502, 21.933815544855971 ], [ -100.002158284291355, 21.93304333454336 ], [ -100.011965049180006, 21.93442231376385 ], [ -100.00302871278565, 21.936029004505386 ], [ -100.00353754260729, 21.939882563347201 ], [ -100.006137602904062, 21.941568453841136 ], [ -100.005659962562007, 21.942805232401835 ], [ -100.00380239271739, 21.941922293530347 ], [ -100.004255632588396, 21.9449078029334 ], [ -100.006346730595752, 21.945843481316867 ], [ -100.004114593253149, 21.9501385581355 ] ] ] } },
{ "type": "Feature", "properties": { "cve_loc": "240250001", "nom_loc": "Salinas de Hidalgo", "consultorios_faltantes": 0.1 }, "geometry": { "type": "Polygon", "coordinates": [ [ [ -101.724792605031126, 22.623650245178187 ], [ -101.714110716126925, 22.621923895847448 ], [ -101.712460236779222, 22.618682957061399 ], [ -101.70887860928022, 22.618650417001646 ], [ -101.717035216248249, 22.615899417331136 ], [ -101.716806437402795, 22.613233098810461 ], [ -101.72036672486125, 22.616637788277757 ], [ -101.726767405137508, 22.614973157474481 ], [ -101.724792605031126, 22.623650245178187 ] ] ] } },
{ "type": "Feature", "properties": { "cve_loc": "240280239", "nom_loc": "Laguna de Santa Rita", "consultorios_faltantes": 0.2 }, "geometry": { "type": "Polygon", "coordinates": [ [ [ -100.845938498779546, 22.118620503204113 ], [ -100.843628479341618, 22.117543483812234 ], [ -100.843533789271703, 22.111187485440315 ], [ -100.852653953601589, 22.112954470112179 ], [ -100.852412958180736, 22.114765264577645 ], [ -100.853856433470412, 22.115321219171641 ], [ -100.85087541867631, 22.118382223137321 ], [ -100.849434458646513, 22.117205483323211 ], [ -100.845938498779546, 22.118620503204113 ] ] ] } },
{ "type": "Feature", "properties": { "cve_loc": "240280264", "nom_loc": "La Pila", "consultorios_faltantes": 0.4 }, "geometry": { "type": "Polygon", "coordinates": [ [ [ -100.866279854810614, 22.034660610728736 ], [ -100.865529814442695, 22.033583762440035 ], [ -100.862269985560388, 22.034485851908723 ], [ -100.860739855825543, 22.028753702954067 ], [ -100.869101991461136, 22.029693045706697 ], [ -100.870837379742014, 22.028158941130012 ], [ -100.870360984531061, 22.031698642865059 ], [ -100.874947323787993, 22.03252938207001 ], [ -100.873247624251178, 22.035097552214307 ], [ -100.866279854810614, 22.034660610728736 ] ] ] } },
{ "type": "Feature", "properties": { "cve_loc": "240320001", "nom_loc": "Santa María del Río", "consultorios_faltantes": 0.1 }, "geometry": { "type": "Polygon", "coordinates": [ [ [ -100.749893385477392, 21.802754370664044 ], [ -100.740661506800777, 21.801040831238485 ], [ -100.741424568213915, 21.797022781484003 ], [ -100.737601878613219, 21.797630350664988 ], [ -100.735588358044211, 21.795933291604054 ], [ -100.738130938648297, 21.79128780259402 ], [ -100.7400627153268, 21.791811623573917 ], [ -100.742394737229873, 21.789939400309812 ], [ -100.746937560168604, 21.794098042199575 ], [ -100.756662394277328, 21.794537891778852 ], [ -100.757689443605202, 21.797768550734954 ], [ -100.755866764628564, 21.800506521168941 ], [ -100.749996848389884, 21.80158038671544 ], [ -100.749893385477392, 21.802754370664044 ] ] ] } },
{ "type": "Feature", "properties": { "cve_loc": "240350026", "nom_loc": "Rancho Nuevo", "consultorios_faltantes": 0.2 }, "geometry": { "type": "Polygon", "coordinates": [ [ [ -100.925994979022136, 22.231250309274952 ], [ -100.920934779911917, 22.228959690037957 ], [ -100.917006261309211, 22.229015609813622 ], [ -100.917712281510987, 22.227185350449496 ], [ -100.916368311432521, 22.227186987989196 ], [ -100.916343841361652, 22.225303640469914 ], [ -100.926231489289492, 22.214483202895845 ], [ -100.926723659726832, 22.216135364846767 ], [ -100.928757969003087, 22.216075612443099 ], [ -100.93208107791159, 22.212713693787119 ], [ -100.935325107013696, 22.213413294713749 ], [ -100.930944288292878, 22.221828602050287 ], [ -100.928104198404753, 22.2217419414199 ], [ -100.924537719448622, 22.22899624030573 ], [ -100.92757239883467, 22.228200639929984 ], [ -100.925994979022136, 22.231250309274952 ] ] ] } },
{ "type": "Feature", "properties": { "cve_loc": "240370001", "nom_loc": "Tamazunchale", "consultorios_faltantes": 0.5 }, "geometry": { "type": "Polygon", "coordinates": [ [ [ -98.794072563537156, 21.264107391214687 ], [ -98.788877815205439, 21.259430393547362 ], [ -98.789124929083556, 21.257351161664118 ], [ -98.789878679709076, 21.258758109893048 ], [ -98.793211074002841, 21.258140296931266 ], [ -98.798633197408449, 21.25987566115711 ], [ -98.797491969718138, 21.263455267441149 ], [ -98.799324602959103, 21.263001679614746 ], [ -98.799096353000877, 21.264086791986344 ], [ -98.794072563537156, 21.264107391214687 ] ] ] } },
{ "type": "Feature", "properties": { "cve_loc": "240460001", "nom_loc": "Villa de Arriaga", "consultorios_faltantes": 0.4 }, "geometry": { "type": "Polygon", "coordinates": [ [ [ -101.376718536176639, 21.909264612870629 ], [ -101.37634658280497, 21.906401091055535 ], [ -101.374722585806182, 21.905943713892931 ], [ -101.376520304396706, 21.905369443831635 ], [ -101.375952116854194, 21.903563748535177 ], [ -101.379766981634518, 21.903615048951291 ], [ -101.378551177562613, 21.898965897636394 ], [ -101.383133900733185, 21.900889941503635 ], [ -101.382908368669675, 21.898922015402889 ], [ -101.38679285935099, 21.899867342389587 ], [ -101.386347842236859, 21.897987677910823 ], [ -101.390628103307535, 21.897900746294258 ], [ -101.389178407508737, 21.899430067965142 ], [ -101.390018046063574, 21.905259599019555 ], [ -101.392997540400074, 21.908172897816037 ], [ -101.390248033073263, 21.907888184798423 ], [ -101.389997631976414, 21.909095333205094 ], [ -101.377138154964214, 21.907035674471398 ], [ -101.376718536176639, 21.909264612870629 ] ] ] } },
{ "type": "Feature", "properties": { "cve_loc": "240500001", "nom_loc": "Villa de Reyes", "consultorios_faltantes": 0.2 }, "geometry": { "type": "Polygon", "coordinates": [ [ [ -100.947381435233936, 21.804584031301285 ], [ -100.939382087392303, 21.804441531887459 ], [ -100.934346407463252, 21.797952693032109 ], [ -100.932803229200587, 21.798415503680729 ], [ -100.935836858119472, 21.795565183092993 ], [ -100.93676327737812, 21.796415813624861 ], [ -100.943044188137023, 21.794648149686576 ], [ -100.946116568450435, 21.797494044082271 ], [ -100.947381435233936, 21.804584031301285 ] ] ] } },
{ "type": "Feature", "properties": { "cve_loc": "240500035", "nom_loc": "Pardo", "consultorios_faltantes": 0.0 }, "geometry": { "type": "Polygon", "coordinates": [ [ [ -100.857620084263317, 21.887437564827064 ], [ -100.852287854144592, 21.887527165470008 ], [ -100.851890887502819, 21.885526100902208 ], [ -100.853897179263953, 21.884739605769354 ], [ -100.854519452587169, 21.882061506672585 ], [ -100.853500212482345, 21.879413224527958 ], [ -100.85729822021942, 21.882290490941209 ], [ -100.859111391580186, 21.879373401159064 ], [ -100.864540181375759, 21.882121241093515 ], [ -100.860731445888774, 21.883614610647072 ], [ -100.86060269973791, 21.885685391392364 ], [ -100.863606772907175, 21.886680946614703 ], [ -100.859991156786904, 21.887636674898129 ], [ -100.862783456805033, 21.889408511641467 ], [ -100.857620084263317, 21.887437564827064 ] ] ] } },
{ "type": "Feature", "properties": { "cve_loc": "240550001", "nom_loc": "Villa de Zaragoza", "consultorios_faltantes": 0.6 }, "geometry": { "type": "Polygon", "coordinates": [ [ [ -100.730493875822972, 22.042672375325314 ], [ -100.727879356350783, 22.039545298391129 ], [ -100.726351258433553, 22.04165259029724 ], [ -100.723024905414547, 22.041720774308875 ], [ -100.722916752551185, 22.039549362897901 ], [ -100.726070630511089, 22.03943297646925 ], [ -100.725302478025327, 22.035302731821492 ], [ -100.722640744467228, 22.033233219335187 ], [ -100.724953569111463, 22.03370892074048 ], [ -100.726535769845967, 22.032208422861139 ], [ -100.730658630365653, 22.034067438478743 ], [ -100.732620047910871, 22.032790220774995 ], [ -100.732970056218349, 22.03548573044888 ], [ -100.730458528165002, 22.03594116062682 ], [ -100.730112248058376, 22.037311729936512 ], [ -100.730493875822972, 22.042672375325314 ] ] ] } },
{ "type": "Feature", "properties": { "cve_loc": "240560002", "nom_loc": "Villa de Arista", "consultorios_faltantes": 0.2 }, "geometry": { "type": "Polygon", "coordinates": [ [ [ -100.840904694275977, 22.644931281830782 ], [ -100.838681321092608, 22.637281588120924 ], [ -100.842120638301665, 22.640070643633617 ], [ -100.842226866833386, 22.63715832184538 ], [ -100.845554169591651, 22.637351414787052 ], [ -100.847460837174438, 22.631596229541817 ], [ -100.847171962912824, 22.635956452667291 ], [ -100.850632193959825, 22.635753220359707 ], [ -100.850438192069561, 22.637393233281937 ], [ -100.848488781190838, 22.637379522678092 ], [ -100.848754610845518, 22.642990201460769 ], [ -100.840904694275977, 22.644931281830782 ] ] ] } },
{ "type": "Feature", "properties": { "cve_loc": "240570010", "nom_loc": "Chalchocoyo", "consultorios_faltantes": 0.0 }, "geometry": { "type": "Polygon", "coordinates": [ [ [ -98.785490696618936, 21.321214558104717 ], [ -98.787622806185226, 21.316557389672681 ], [ -98.785624326674466, 21.315788459921016 ], [ -98.783739306743414, 21.317115519594964 ], [ -98.782563417027134, 21.313417610340331 ], [ -98.785360416802206, 21.31426147702075 ], [ -98.785958246033729, 21.312228470760122 ], [ -98.787905065640473, 21.311536160383369 ], [ -98.790126095457836, 21.313428869957757 ], [ -98.792461295065308, 21.311629260250079 ], [ -98.792318934576841, 21.313937609849422 ], [ -98.798403893369709, 21.313506749785713 ], [ -98.798966533412951, 21.316349889414038 ], [ -98.797113133712102, 21.315515789590702 ], [ -98.792132934915784, 21.319064639081056 ], [ -98.790874675250507, 21.317852948954656 ], [ -98.790511585427467, 21.320465238848552 ], [ -98.785490696618936, 21.321214558104717 ] ] ] } },
{ "type": "Feature", "properties": { "cve_loc": "250010070", "nom_loc": "Ahome", "consultorios_faltantes": 0.0 }, "geometry": { "type": "Polygon", "coordinates": [ [ [ -109.156841034615084, 25.915597666456335 ], [ -109.156385576043633, 25.913078946576068 ], [ -109.159499724177493, 25.913829577003693 ], [ -109.158922695566034, 25.90951946693356 ], [ -109.16417412364423, 25.913924966762881 ], [ -109.166624863378132, 25.909032938181412 ], [ -109.165375923416789, 25.906427347957898 ], [ -109.167908102158009, 25.90659043813638 ], [ -109.168735463347446, 25.908115625450023 ], [ -109.166721523850129, 25.914003404292355 ], [ -109.163065293654142, 25.919027224254542 ], [ -109.160652804383076, 25.920111165214227 ], [ -109.160451264551639, 25.919790256089218 ], [ -109.16285044460659, 25.9162495059586 ], [ -109.156841034615084, 25.915597666456335 ] ] ] } },
{ "type": "Feature", "properties": { "cve_loc": "250010120", "nom_loc": "Compuertas", "consultorios_faltantes": 0.5 }, "geometry": { "type": "Polygon", "coordinates": [ [ [ -109.020179870547679, 25.847522895402886 ], [ -109.013764631601532, 25.84398266693545 ], [ -109.017765800352208, 25.834236218889231 ], [ -109.025153519200344, 25.839451578688642 ], [ -109.020179870547679, 25.847522895402886 ] ] ] } },
{ "type": "Feature", "properties": { "cve_loc": "250010136", "nom_loc": "El Estero (Juan José Ríos)", "consultorios_faltantes": 0.5 }, "geometry": { "type": "Polygon", "coordinates": [ [ [ -108.837910395177218, 25.773112102934125 ], [ -108.830548446950814, 25.773377880756769 ], [ -108.832424746203159, 25.770887481672954 ], [ -108.826774686930392, 25.767967561549902 ], [ -108.829350456763891, 25.763974023662307 ], [ -108.831978277248567, 25.765388331922786 ], [ -108.839603605869982, 25.753706784836872 ], [ -108.84344017497844, 25.754144535201803 ], [ -108.842921845000816, 25.75758441426099 ], [ -108.84030752064227, 25.758387507643874 ], [ -108.840743025006503, 25.763014353880152 ], [ -108.836094704860642, 25.769364282984803 ], [ -108.837910395177218, 25.773112102934125 ] ] ] } },
{ "type": "Feature", "properties": { "cve_loc": "250010240", "nom_loc": "Topolobampo", "consultorios_faltantes": 0.0 }, "geometry": { "type": "Polygon", "coordinates": [ [ [ -109.048069325892769, 25.609023845334594 ], [ -109.047826135655271, 25.606550015337557 ], [ -109.044071846692361, 25.6054247947486 ], [ -109.043212386548205, 25.603265875188143 ], [ -109.044376006723368, 25.604639515463194 ], [ -109.048812535893219, 25.603650106176584 ], [ -109.049233445433714, 25.598754025914708 ], [ -109.056378384625134, 25.603789355570136 ], [ -109.056843154705248, 25.606134565554616 ], [ -109.057508814004265, 25.603027365090131 ], [ -109.059119236250311, 25.606007348720318 ], [ -109.05951222510339, 25.603439853473454 ], [ -109.062514982416431, 25.602819847780541 ], [ -109.062251153241974, 25.606328797465423 ], [ -109.056701664735257, 25.606547675355941 ], [ -109.055064413776151, 25.609456584266287 ], [ -109.050956586026544, 25.611643596336666 ], [ -109.046658674893948, 25.621935763071544 ], [ -109.041391407698171, 25.619495223025407 ], [ -109.048069325892769, 25.609023845334594 ] ] ] } },
{ "type": "Feature", "properties": { "cve_loc": "250060312", "nom_loc": "Costa Rica", "consultorios_faltantes": 0.0 }, "geometry": { "type": "Polygon", "coordinates": [ [ [ -107.380191481647785, 24.594837451448225 ], [ -107.380296099975268, 24.58557793434251 ], [ -107.381315850599037, 24.584417454727802 ], [ -107.389366809584246, 24.595006421582319 ], [ -107.380191481647785, 24.594837451448225 ] ] ] } },
{ "type": "Feature", "properties": { "cve_loc": "250061346", "nom_loc": "El Diez", "consultorios_faltantes": 0.2 }, "geometry": { "type": "Polygon", "coordinates": [ [ [ -107.444529053794525, 24.733039337664742 ], [ -107.443654804104114, 24.728637009260467 ], [ -107.441132542264867, 24.728576875924894 ], [ -107.441031652595697, 24.72670554135923 ], [ -107.444533944674973, 24.728023879173936 ], [ -107.44445314387373, 24.725458799236112 ], [ -107.450225573229503, 24.724488949882929 ], [ -107.451464791810039, 24.728720339939834 ], [ -107.4493065919104, 24.73457533761119 ], [ -107.444529053794525, 24.733039337664742 ] ] ] } },
{ "type": "Feature", "properties": { "cve_loc": "250100133", "nom_loc": "Mochicahui", "consultorios_faltantes": 0.2 }, "geometry": { "type": "Polygon", "coordinates": [ [ [ -108.930473080534796, 25.95602985205057 ], [ -108.926402921740134, 25.952559212243532 ], [ -108.922241500527903, 25.952791152581227 ], [ -108.919503084036364, 25.947488273965732 ], [ -108.921600142763566, 25.946398352653627 ], [ -108.924531722570507, 25.949012493812784 ], [ -108.925621711260064, 25.946079893665882 ], [ -108.9264938825402, 25.947230792623191 ], [ -108.928105150583832, 25.946294123043398 ], [ -108.928645692187715, 25.948259452522336 ], [ -108.933062029522404, 25.945938734246127 ], [ -108.932610910655171, 25.949222793443944 ], [ -108.936988106541833, 25.946879908947576 ], [ -108.930473080534796, 25.95602985205057 ] ] ] } },
{ "type": "Feature", "properties": { "cve_loc": "250110001", "nom_loc": "Guasave", "consultorios_faltantes": 0.0 }, "geometry": { "type": "Polygon", "coordinates": [ [ [ -108.46919273670639, 25.573932307866865 ], [ -108.466860127850452, 25.569797678842722 ], [ -108.467191798472442, 25.566810278600087 ], [ -108.469551306612686, 25.568025188529877 ], [ -108.471073486581005, 25.564632900233736 ], [ -108.476338167330368, 25.564394346507441 ], [ -108.478519765625975, 25.571639449637996 ], [ -108.46919273670639, 25.573932307866865 ] ] ] } },
{ "type": "Feature", "properties": { "cve_loc": "250110035", "nom_loc": "Adolfo Ruiz Cortines", "consultorios_faltantes": 0.4 }, "geometry": { "type": "Polygon", "coordinates": [ [ [ -108.726968400352831, 25.718276858075232 ], [ -108.718152532165206, 25.714043878361572 ], [ -108.720028501300234, 25.71122898880834 ], [ -108.722240791166584, 25.712393788786027 ], [ -108.728331509997503, 25.705061960596836 ], [ -108.733939848761608, 25.707656929785408 ], [ -108.726968400352831, 25.718276858075232 ] ] ] } },
{ "type": "Feature", "properties": { "cve_loc": "250110049", "nom_loc": "Bachoco", "consultorios_faltantes": 0.1 }, "geometry": { "type": "Polygon", "coordinates": [ [ [ -108.818383581967538, 25.701762223397608 ], [ -108.807615983791806, 25.699712373292282 ], [ -108.808152283877405, 25.69555962378293 ], [ -108.806351914056748, 25.694604574041001 ], [ -108.80724218423569, 25.693305683879583 ], [ -108.808356613419946, 25.693924773762593 ], [ -108.808955653963451, 25.689954664523334 ], [ -108.823703980762758, 25.696726003848791 ], [ -108.818407891672024, 25.697500744070197 ], [ -108.817386861282728, 25.699360223672056 ], [ -108.818383581967538, 25.701762223397608 ] ] ] } },
{ "type": "Feature", "properties": { "cve_loc": "250110132", "nom_loc": "Gabriel Leyva Solano (Benito Juárez)", "consultorios_faltantes": 0.1 }, "geometry": { "type": "Polygon", "coordinates": [ [ [ -108.643742668751116, 25.66593891578551 ], [ -108.638701050000719, 25.663362575796906 ], [ -108.629967212293579, 25.658097056879491 ], [ -108.632329871864158, 25.656795537175729 ], [ -108.642695249084184, 25.660016366866675 ], [ -108.643854919022132, 25.66061794698048 ], [ -108.643742668751116, 25.66593891578551 ] ] ] } },
{ "type": "Feature", "properties": { "cve_loc": "250110138", "nom_loc": "Juan José Ríos", "consultorios_faltantes": 0.1 }, "geometry": { "type": "Polygon", "coordinates": [ [ [ -108.823287408927541, 25.766105531609803 ], [ -108.82392816868601, 25.765135671904993 ], [ -108.826441598315881, 25.76645496188894 ], [ -108.834250546111988, 25.75455659453231 ], [ -108.839603605869982, 25.753706784836872 ], [ -108.831978277248567, 25.765388331922786 ], [ -108.829350456763891, 25.763974023662307 ], [ -108.826774686930392, 25.767967561549902 ], [ -108.823287408927541, 25.766105531609803 ] ] ] } },
{ "type": "Feature", "properties": { "cve_loc": "250120348", "nom_loc": "Villa Unión", "consultorios_faltantes": 0.1 }, "geometry": { "type": "Polygon", "coordinates": [ [ [ -106.219838757239614, 23.185098188168631 ], [ -106.214930528210331, 23.183105218713511 ], [ -106.214874728648667, 23.181720498766133 ], [ -106.211436209448223, 23.183975277925022 ], [ -106.208732390339335, 23.183446699097477 ], [ -106.211456918760689, 23.182558748409782 ], [ -106.211883178900905, 23.179511559234278 ], [ -106.214174378799981, 23.17996087993377 ], [ -106.213167929116565, 23.175506021104582 ], [ -106.218143158046871, 23.181985219173104 ], [ -106.220089817934976, 23.181017309870061 ], [ -106.219838757239614, 23.185098188168631 ] ] ] } },
{ "type": "Feature", "properties": { "cve_loc": "250121257", "nom_loc": "Fraccionamiento los Ángeles", "consultorios_faltantes": 0.2 }, "geometry": { "type": "Polygon", "coordinates": [ [ [ -106.324984643915727, 23.187716109348088 ], [ -106.331384922492632, 23.184041610654642 ], [ -106.332353992171221, 23.187346079834857 ], [ -106.333877223802588, 23.187420533755393 ], [ -106.326654874317114, 23.19132380844481 ], [ -106.324984643915727, 23.187716109348088 ] ] ] } },
{ "type": "Feature", "properties": { "cve_loc": "250150001", "nom_loc": "Guamúchil", "consultorios_faltantes": 0.0 }, "geometry": { "type": "Polygon", "coordinates": [ [ [ -108.056992789242159, 25.448920034776297 ], [ -108.056110417453937, 25.445608511784997 ], [ -108.061055286699499, 25.441885223284554 ], [ -108.062711175357805, 25.448552462100661 ], [ -108.056992789242159, 25.448920034776297 ] ] ] } },
{ "type": "Feature", "properties": { "cve_loc": "250180374", "nom_loc": "Licenciado Benito Juárez (Campo Gobierno)", "consultorios_faltantes": 0.4 }, "geometry": { "type": "Polygon", "coordinates": [ [ [ -107.535054276149751, 24.660329102563736 ], [ -107.539885926120206, 24.655371993403104 ], [ -107.536977645910838, 24.654132624954851 ], [ -107.537542106273762, 24.652456524791312 ], [ -107.540767376011786, 24.652862215419457 ], [ -107.543443238961714, 24.65000313569211 ], [ -107.543374694349438, 24.652285855425916 ], [ -107.544781245301891, 24.653005424171585 ], [ -107.543440404832907, 24.656452814278033 ], [ -107.547031174726811, 24.656865924729988 ], [ -107.547258413829184, 24.655584394752573 ], [ -107.547351183821661, 24.657835393577908 ], [ -107.549277234088862, 24.659072783645719 ], [ -107.545802153971152, 24.659698413754285 ], [ -107.54281304513043, 24.65860684398535 ], [ -107.541438974585233, 24.656365583305519 ], [ -107.537309415161403, 24.660578473502753 ], [ -107.535054276149751, 24.660329102563736 ] ] ] } },
{ "type": "Feature", "properties": { "cve_loc": "260020001", "nom_loc": "Agua Prieta", "consultorios_faltantes": 0.2 }, "geometry": { "type": "Polygon", "coordinates": [ [ [ -109.512788390315222, 31.32693898514335 ], [ -109.517539598620544, 31.326876595241814 ], [ -109.517507047035906, 31.334212135803146 ], [ -109.512688527093459, 31.334231765047178 ], [ -109.512788390315222, 31.32693898514335 ] ] ] } },
{ "type": "Feature", "properties": { "cve_loc": "260170001", "nom_loc": "Heroica Caborca", "consultorios_faltantes": 0.0 }, "geometry": { "type": "Polygon", "coordinates": [ [ [ -112.144468028833813, 30.738456214608696 ], [ -112.145098807803393, 30.727812896431345 ], [ -112.150233776985516, 30.726973727199834 ], [ -112.149409235881819, 30.73796426550927 ], [ -112.144468028833813, 30.738456214608696 ] ] ] } },
{ "type": "Feature", "properties": { "cve_loc": "260180311", "nom_loc": "Esperanza", "consultorios_faltantes": 0.1 }, "geometry": { "type": "Polygon", "coordinates": [ [ [ -109.932320321807381, 27.597193511420706 ], [ -109.927697402992365, 27.592298732476404 ], [ -109.92709334390166, 27.588856624061624 ], [ -109.925701653405952, 27.589282512659985 ], [ -109.925608144452525, 27.584498673149486 ], [ -109.935189122430614, 27.583945853963787 ], [ -109.932640962247874, 27.586923483212455 ], [ -109.930043373048193, 27.594728931645889 ], [ -109.934336121897161, 27.595944802001572 ], [ -109.932320321807381, 27.597193511420706 ] ] ] } },
{ "type": "Feature", "properties": { "cve_loc": "260180334", "nom_loc": "Marte R. Gómez (Tobarito)", "consultorios_faltantes": 0.1 }, "geometry": { "type": "Polygon", "coordinates": [ [ [ -109.891711558139249, 27.372820407011194 ], [ -109.881734870777905, 27.372809876653292 ], [ -109.881760311267882, 27.363746778051624 ], [ -109.891918759017827, 27.363633738939097 ], [ -109.891881158513627, 27.368274337862246 ], [ -109.894083418202754, 27.368274837831599 ], [ -109.894071708642457, 27.370330657828831 ], [ -109.896054278119152, 27.371380717394977 ], [ -109.891711558139249, 27.372820407011194 ] ] ] } },
{ "type": "Feature", "properties": { "cve_loc": "260180365", "nom_loc": "Quetchehueca", "consultorios_faltantes": 0.0 }, "geometry": { "type": "Polygon", "coordinates": [ [ [ -109.95180874955075, 27.272681895140391 ], [ -109.950426460579678, 27.26758805592976 ], [ -109.946184441060382, 27.267651955688166 ], [ -109.943437431679769, 27.262872356689435 ], [ -109.941391812953725, 27.262871507082423 ], [ -109.946115261888167, 27.262222617139766 ], [ -109.94610093196242, 27.259739127411812 ], [ -109.948853660184497, 27.259416306999011 ], [ -109.948579720794271, 27.258510048055513 ], [ -109.950082090767921, 27.261543727642707 ], [ -109.947783553297668, 27.251493353568076 ], [ -109.950370297076546, 27.251297898701708 ], [ -109.94928581121934, 27.252777128762176 ], [ -109.950349060787161, 27.25953453762137 ], [ -109.953403900098692, 27.259505397972308 ], [ -109.95345041023424, 27.268742526205447 ], [ -109.951249470411526, 27.268999216133139 ], [ -109.95180874955075, 27.272681895140391 ] ] ] } },
{ "type": "Feature", "properties": { "cve_loc": "260180403", "nom_loc": "Pueblo Yaqui", "consultorios_faltantes": 0.5 }, "geometry": { "type": "Polygon", "coordinates": [ [ [ -110.02500178242957, 27.363565172873759 ], [ -110.024966932495516, 27.354408513891197 ], [ -110.032984790955069, 27.35513057452167 ], [ -110.034244302869439, 27.363621925463505 ], [ -110.02500178242957, 27.363565172873759 ] ] ] } },
{ "type": "Feature", "properties": { "cve_loc": "260190001", "nom_loc": "Heroica Ciudad de Cananea", "consultorios_faltantes": 0.1 }, "geometry": { "type": "Polygon", "coordinates": [ [ [ -110.287454250834031, 30.996622718745044 ], [ -110.28873776951643, 30.994028020582157 ], [ -110.286769421326667, 30.994325480048893 ], [ -110.295280475874662, 30.98782117946044 ], [ -110.29730930822457, 30.987670840877225 ], [ -110.300115789107551, 30.990918420669903 ], [ -110.304443477475488, 30.990647920145257 ], [ -110.307354596432944, 30.988011300970232 ], [ -110.30711434907947, 30.991942328816315 ], [ -110.305455359550777, 30.992259567204513 ], [ -110.307937055659878, 30.993976840343567 ], [ -110.304501217919025, 30.997014279919949 ], [ -110.301863197527894, 30.995239730669976 ], [ -110.298119367841309, 30.995492809491857 ], [ -110.292266648467603, 30.998749702886766 ], [ -110.287454250834031, 30.996622718745044 ] ] ] } },
{ "type": "Feature", "properties": { "cve_loc": "260290325", "nom_loc": "Vícam (Switch)", "consultorios_faltantes": 0.1 }, "geometry": { "type": "Polygon", "coordinates": [ [ [ -110.317131539291324, 27.660744268572941 ], [ -110.298050546618526, 27.649512623608281 ], [ -110.297849746158207, 27.653206993808734 ], [ -110.295621096860629, 27.651853513848952 ], [ -110.295820646998422, 27.648232914103335 ], [ -110.292399296365318, 27.646163594924179 ], [ -110.297485286382965, 27.637273455719168 ], [ -110.299267816394533, 27.638144285837271 ], [ -110.302038205417773, 27.643981775714689 ], [ -110.315678691694927, 27.653455254425321 ], [ -110.314799292678998, 27.653975774180534 ], [ -110.318457594215673, 27.659988339061819 ], [ -110.317131539291324, 27.660744268572941 ] ] ] } },
{ "type": "Feature", "properties": { "cve_loc": "260300343", "nom_loc": "Miguel Alemán (La Doce)", "consultorios_faltantes": 0.3 }, "geometry": { "type": "Polygon", "coordinates": [ [ [ -111.486411440660902, 28.84853638256758 ], [ -111.487549730657264, 28.848527252730548 ], [ -111.487461100997578, 28.839628124167028 ], [ -111.492109119507461, 28.839591334353056 ], [ -111.492250699789153, 28.849130562935617 ], [ -111.486411440660902, 28.84853638256758 ] ] ] } },
{ "type": "Feature", "properties": { "cve_loc": "260330094", "nom_loc": "La Unión", "consultorios_faltantes": 0.5 }, "geometry": { "type": "Polygon", "coordinates": [ [ [ -109.606312814750211, 26.82792905991829 ], [ -109.606257205393973, 26.809395223771624 ], [ -109.610527694487985, 26.8093812233999 ], [ -109.610257846144663, 26.823599275848252 ], [ -109.612416130682263, 26.823634440177877 ], [ -109.61187261308676, 26.82591043118909 ], [ -109.610267853898918, 26.825160820663346 ], [ -109.61031172373832, 26.828796620210245 ], [ -109.608288253838523, 26.828772309853441 ], [ -109.606312814750211, 26.82792905991829 ] ] ] } },
{ "type": "Feature", "properties": { "cve_loc": "260330099", "nom_loc": "Yavaros (Isla las Viejas)", "consultorios_faltantes": 0.2 }, "geometry": { "type": "Polygon", "coordinates": [ [ [ -109.56033567718849, 26.721175736509593 ], [ -109.551070189736677, 26.710025188585455 ], [ -109.547632541694185, 26.707791078729997 ], [ -109.544482050615514, 26.70810761906224 ], [ -109.545734111854259, 26.70682052917472 ], [ -109.54437879199439, 26.70610095991081 ], [ -109.534060054098049, 26.703039959219094 ], [ -109.53231096340285, 26.705945479621292 ], [ -109.527219195929305, 26.705114269483722 ], [ -109.52625579455615, 26.707314189367498 ], [ -109.522245601107741, 26.70641413712546 ], [ -109.518631457678268, 26.708266467590011 ], [ -109.517594056624233, 26.705902389256494 ], [ -109.516815487086987, 26.707422277960557 ], [ -109.508721999116418, 26.704764647621847 ], [ -109.515168598104381, 26.70389530880891 ], [ -109.516426827988155, 26.701694479882352 ], [ -109.520076966020454, 26.699450300105344 ], [ -109.521099565752593, 26.699737820174335 ], [ -109.522372456280308, 26.700795819242312 ], [ -109.52010431732171, 26.699939100057456 ], [ -109.519394456580343, 26.700954280188768 ], [ -109.524949746315386, 26.703550678726682 ], [ -109.530079514552938, 26.698628049432301 ], [ -109.530316974105844, 26.701012589669247 ], [ -109.533823913417407, 26.700500250101829 ], [ -109.541420512303944, 26.703817790316251 ], [ -109.542628251334506, 26.703374299858908 ], [ -109.54052948204837, 26.701997219555754 ], [ -109.543822742183082, 26.702621589552514 ], [ -109.548707910883635, 26.699739220279579 ], [ -109.55018522122397, 26.702522269307405 ], [ -109.549068191206956, 26.703811729111415 ], [ -109.544146652236037, 26.70337358882394 ], [ -109.543929541644303, 26.705583678937398 ], [ -109.54838665187097, 26.705776529434424 ], [ -109.548086280948382, 26.706855788756975 ], [ -109.550697791129878, 26.70724793850518 ], [ -109.554062429864885, 26.711245777701869 ], [ -109.55500198979064, 26.709187388345736 ], [ -109.557649018350716, 26.709299339591038 ], [ -109.557706850121903, 26.714619208458629 ], [ -109.560379068554752, 26.716436047424786 ], [ -109.558063189124255, 26.717231017011237 ], [ -109.56177541849695, 26.720303376726577 ], [ -109.56033567718849, 26.721175736509593 ] ] ] } },
{ "type": "Feature", "properties": { "cve_loc": "260360001", "nom_loc": "Magdalena de Kino", "consultorios_faltantes": 0.3 }, "geometry": { "type": "Polygon", "coordinates": [ [ [ -110.966637305523733, 30.622506473186217 ], [ -110.965033446324341, 30.62320341354101 ], [ -110.965215796413958, 30.621180153707883 ], [ -110.961392316799802, 30.61871490386935 ], [ -110.964827256626464, 30.616302505332158 ], [ -110.963019430079257, 30.612536541214102 ], [ -110.965779867547639, 30.611998646900869 ], [ -110.964951985833252, 30.61378548020997 ], [ -110.968137252400282, 30.612655594039207 ], [ -110.966440625891295, 30.614070405124085 ], [ -110.970166075102725, 30.618967294073009 ], [ -110.973904394132617, 30.617640154594973 ], [ -110.972414964739215, 30.611453155588404 ], [ -110.976996163673817, 30.614262534952733 ], [ -110.976359473988197, 30.617975104516589 ], [ -110.974335453783482, 30.618667124572745 ], [ -110.975353614231082, 30.62095027397692 ], [ -110.97059448366295, 30.623801523249195 ], [ -110.971366794253669, 30.624783694531057 ], [ -110.969726429660042, 30.625489752930704 ], [ -110.966637305523733, 30.622506473186217 ] ] ] } },
{ "type": "Feature", "properties": { "cve_loc": "270020001", "nom_loc": "Cárdenas", "consultorios_faltantes": 0.1 }, "geometry": { "type": "Polygon", "coordinates": [ [ [ -93.357237178930021, 18.021432183083416 ], [ -93.355306920388699, 18.020569421437596 ], [ -93.354419269645504, 18.014394711453811 ], [ -93.355940079915143, 18.01140512591072 ], [ -93.363059731990873, 18.005632293309791 ], [ -93.370732171794941, 18.007271012563116 ], [ -93.367915197561288, 18.019731712148698 ], [ -93.357237178930021, 18.021432183083416 ] ] ] } },
{ "type": "Feature", "properties": { "cve_loc": "270020024", "nom_loc": "Poblado C-28 Coronel Gregorio Méndez Magaña", "consultorios_faltantes": 0.2 }, "geometry": { "type": "Polygon", "coordinates": [ [ [ -93.494133228945657, 18.02003188005688 ], [ -93.494099698110091, 18.017144510030466 ], [ -93.508640863967386, 18.017134279877499 ], [ -93.508561094478111, 18.018908170212288 ], [ -93.503943666304593, 18.018878649378845 ], [ -93.503941026016705, 18.02310833861161 ], [ -93.497923916969526, 18.023119049259439 ], [ -93.497917808336638, 18.021337688727368 ], [ -93.494133228945657, 18.02003188005688 ] ] ] } },
{ "type": "Feature", "properties": { "cve_loc": "270020051", "nom_loc": "Melchor Ocampo", "consultorios_faltantes": 0.3 }, "geometry": { "type": "Polygon", "coordinates": [ [ [ -93.372947069484127, 18.062705308493438 ], [ -93.364568291690418, 18.036053715192299 ], [ -93.35853852365976, 18.044479073663076 ], [ -93.355247594444123, 18.044571135404645 ], [ -93.355035100934543, 18.04580402371818 ], [ -93.348536006656332, 18.038481674220137 ], [ -93.343934077148873, 18.036384084756605 ], [ -93.344326467554396, 18.035276446501978 ], [ -93.350053526536442, 18.037637084302634 ], [ -93.357537615246059, 18.036916115601883 ], [ -93.360926634114094, 18.038062435157631 ], [ -93.363633093147158, 18.035096505469554 ], [ -93.364515042225548, 18.030503946352418 ], [ -93.362382133121329, 18.03019191705733 ], [ -93.36357336307816, 18.025519448271602 ], [ -93.356882135293944, 18.024318248610147 ], [ -93.35679426399021, 18.023212397798503 ], [ -93.36215643294166, 18.021989425612439 ], [ -93.3628931886864, 18.019725202540823 ], [ -93.36718287787987, 18.019515853234662 ], [ -93.37142648372371, 18.021475419500906 ], [ -93.370702331097789, 18.025165606650219 ], [ -93.366866861720979, 18.026201308678317 ], [ -93.365289255209944, 18.035712415268382 ], [ -93.372947069484127, 18.062705308493438 ] ] ] } },
{ "type": "Feature", "properties": { "cve_loc": "270020087", "nom_loc": "Poblado C-33 20 de Noviembre", "consultorios_faltantes": 0.1 }, "geometry": { "type": "Polygon", "coordinates": [ [ [ -93.560265411589867, 17.972038461729177 ], [ -93.560607081059501, 17.960248584885647 ], [ -93.565201850249352, 17.96121846341687 ], [ -93.565219299980271, 17.963160643349145 ], [ -93.56997326835257, 17.963152634505938 ], [ -93.569909849297517, 17.972128831714144 ], [ -93.560265411589867, 17.972038461729177 ] ] ] } },
{ "type": "Feature", "properties": { "cve_loc": "270030001", "nom_loc": "Frontera", "consultorios_faltantes": 0.3 }, "geometry": { "type": "Polygon", "coordinates": [ [ [ -92.639902313673531, 18.54114098765395 ], [ -92.637829094690346, 18.533971921708496 ], [ -92.645781692121716, 18.530883090166505 ], [ -92.648537252056926, 18.536895008665429 ], [ -92.639902313673531, 18.54114098765395 ] ] ] } },
{ "type": "Feature", "properties": { "cve_loc": "270030056", "nom_loc": "Simón Sarlat", "consultorios_faltantes": 0.1 }, "geometry": { "type": "Polygon", "coordinates": [ [ [ -92.815955507509543, 18.346098347778963 ], [ -92.790611414444783, 18.339231319458968 ], [ -92.791955334333323, 18.334287569192863 ], [ -92.807672453197782, 18.340047250338689 ], [ -92.809035439557604, 18.338717488824425 ], [ -92.81093270885124, 18.3396920079986 ], [ -92.814009011847347, 18.342306534386427 ], [ -92.814009157632867, 18.345427597123056 ], [ -92.815955507509543, 18.346098347778963 ] ] ] } },
{ "type": "Feature", "properties": { "cve_loc": "270040145", "nom_loc": "Parrilla", "consultorios_faltantes": 0.2 }, "geometry": { "type": "Polygon", "coordinates": [ [ [ -92.920308620480398, 17.934071670765814 ], [ -92.919229868688305, 17.925780673950772 ], [ -92.916566480342752, 17.92549416204465 ], [ -92.912754858333358, 17.921357432929685 ], [ -92.913641157355272, 17.919241913912661 ], [ -92.912150156201633, 17.918804723096716 ], [ -92.914821161008945, 17.91650028567306 ], [ -92.915951930462597, 17.912674596483161 ], [ -92.921042248955928, 17.909108146651374 ], [ -92.924086959148894, 17.913887886255694 ], [ -92.924083468420349, 17.924856542124168 ], [ -92.920308620480398, 17.934071670765814 ] ] ] } },
{ "type": "Feature", "properties": { "cve_loc": "270040160", "nom_loc": "Río Viejo 1ra. Sección", "consultorios_faltantes": 1.6 }, "geometry": { "type": "Polygon", "coordinates": [ [ [ -92.97364516525252, 17.972074550635778 ], [ -92.972195966026078, 17.968701532571096 ], [ -92.976698485628916, 17.966195982606102 ], [ -92.978480595250232, 17.959048934153326 ], [ -92.985669972913087, 17.951456925979421 ], [ -92.985548223197554, 17.94900087631958 ], [ -92.97984943443592, 17.944462698136306 ], [ -92.978603765428801, 17.940303438967934 ], [ -92.983383563609252, 17.931518076129922 ], [ -92.984014313812423, 17.925722072452142 ], [ -92.986740023132413, 17.923240132843727 ], [ -92.988142942645752, 17.926061622468939 ], [ -92.986177743629611, 17.926795192263629 ], [ -92.987187703004921, 17.927918742291766 ], [ -92.985717023020356, 17.928965081640541 ], [ -92.983900534154159, 17.93949656900244 ], [ -92.989253502779434, 17.940208669208239 ], [ -92.987376172392374, 17.94372681829131 ], [ -92.99017313191392, 17.949045566153352 ], [ -92.98884373230311, 17.951385896103414 ], [ -92.991774391308269, 17.95047143597106 ], [ -92.98904806268888, 17.955271435441961 ], [ -92.989500572547442, 17.958203434685849 ], [ -92.987291942977734, 17.960450524125559 ], [ -92.988507172700309, 17.962197633502619 ], [ -92.984998853332712, 17.965963152299921 ], [ -92.981530793965518, 17.966208232021053 ], [ -92.97364516525252, 17.972074550635778 ] ] ] } },
{ "type": "Feature", "properties": { "cve_loc": "270040176", "nom_loc": "Macultepec", "consultorios_faltantes": 0.8 }, "geometry": { "type": "Polygon", "coordinates": [ [ [ -92.854264967556574, 18.151458085458515 ], [ -92.860285450445986, 18.151786503422937 ], [ -92.861734561590438, 18.142314007084998 ], [ -92.864468191017309, 18.142688909927294 ], [ -92.864854073972324, 18.141028343308616 ], [ -92.871284853000617, 18.142747688088061 ], [ -92.865432670349264, 18.142871407623154 ], [ -92.864819091879681, 18.144116366561668 ], [ -92.864474978046673, 18.145427016955459 ], [ -92.867021470525074, 18.145290522454861 ], [ -92.862916025854346, 18.155174705465743 ], [ -92.861736914790711, 18.155342364175816 ], [ -92.862684283260222, 18.158773692452723 ], [ -92.866238368235244, 18.160596878440671 ], [ -92.855975916531378, 18.161187363223288 ], [ -92.856078606135497, 18.159455713159833 ], [ -92.854131517146229, 18.15927850401027 ], [ -92.854264967556574, 18.151458085458515 ] ] ] } },
{ "type": "Feature", "properties": { "cve_loc": "270040214", "nom_loc": "Ocuiltzapotlán", "consultorios_faltantes": 0.2 }, "geometry": { "type": "Polygon", "coordinates": [ [ [ -92.866100454661506, 18.135420924617776 ], [ -92.865423374245339, 18.123346352544967 ], [ -92.87046791253897, 18.122826373554009 ], [ -92.872588912889654, 18.124329373373222 ], [ -92.874067931769005, 18.123245773354867 ], [ -92.87236724408811, 18.127771532620962 ], [ -92.868922592743488, 18.125927292106432 ], [ -92.868682071015982, 18.129520307539739 ], [ -92.87174591192516, 18.129277372052407 ], [ -92.873420913064209, 18.132945371134443 ], [ -92.872661062644383, 18.135331389682197 ], [ -92.87057454332259, 18.135080259824949 ], [ -92.870341242517796, 18.136546114449597 ], [ -92.866100454661506, 18.135420924617776 ] ] ] } },
{ "type": "Feature", "properties": { "cve_loc": "270040264", "nom_loc": "Parrilla II", "consultorios_faltantes": 0.0 }, "geometry": { "type": "Polygon", "coordinates": [ [ [ -92.916326161596317, 17.8856418322164 ], [ -92.917800901318827, 17.883817454282212 ], [ -92.917001280567959, 17.882843783005683 ], [ -92.920994410278382, 17.880516745308281 ], [ -92.921429920354853, 17.878686254068743 ], [ -92.922725050085162, 17.878818355384524 ], [ -92.922138329546783, 17.883780553362257 ], [ -92.92586752918487, 17.880652514600133 ], [ -92.929292527739861, 17.884600752529902 ], [ -92.928092982867341, 17.885719913474393 ], [ -92.926564528631076, 17.884010463298335 ], [ -92.924224469901958, 17.885904658261754 ], [ -92.922104669928672, 17.88469601283801 ], [ -92.919764020816586, 17.886171513086751 ], [ -92.916326161596317, 17.8856418322164 ] ] ] } },
{ "type": "Feature", "properties": { "cve_loc": "270040316", "nom_loc": "Bicentenario", "consultorios_faltantes": 0.2 }, "geometry": { "type": "Polygon", "coordinates": [ [ [ -92.920946264974418, 17.815032455522857 ], [ -92.924733542497762, 17.818454238921586 ], [ -92.928031627485026, 17.818857443043164 ], [ -92.926467555639121, 17.820918278465612 ], [ -92.919521977654654, 17.816724090237827 ], [ -92.920946264974418, 17.815032455522857 ] ] ] } },
{ "type": "Feature", "properties": { "cve_loc": "270050001", "nom_loc": "Comalcalco", "consultorios_faltantes": 0.8 }, "geometry": { "type": "Polygon", "coordinates": [ [ [ -93.228978558725203, 18.281545853395254 ], [ -93.222750969828624, 18.279494613898247 ], [ -93.222999251130091, 18.267186233703949 ], [ -93.227627686992747, 18.265608664822466 ], [ -93.227513250949713, 18.267700230822484 ], [ -93.232627477658795, 18.268332586358362 ], [ -93.229736833679098, 18.269418938520701 ], [ -93.231622367306159, 18.269700801265444 ], [ -93.230728541225986, 18.271091676796832 ], [ -93.232431455843312, 18.272040459823387 ], [ -93.228429497454059, 18.272458763318365 ], [ -93.226108418492274, 18.278392915130709 ], [ -93.223425478574399, 18.278776994038466 ], [ -93.229062615654925, 18.27925400990172 ], [ -93.228978558725203, 18.281545853395254 ] ] ] } },
{ "type": "Feature", "properties": { "cve_loc": "270060044", "nom_loc": "Once de Febrero 1ra. Sección", "consultorios_faltantes": 1.0 }, "geometry": { "type": "Polygon", "coordinates": [ [ [ -93.321437773078685, 18.108239912451005 ], [ -93.317274805722263, 18.099776193059405 ], [ -93.319325196347251, 18.099728594678041 ], [ -93.318842496752708, 18.098509934189103 ], [ -93.321155907689217, 18.09761746495327 ], [ -93.321873403057296, 18.099328041934829 ], [ -93.324193428393258, 18.099226651254284 ], [ -93.323441556156567, 18.095468077194997 ], [ -93.324557248274672, 18.097513421921679 ], [ -93.333194681047885, 18.095114459529437 ], [ -93.335061325318406, 18.097499929305275 ], [ -93.336540529828298, 18.096146400141336 ], [ -93.337205269394104, 18.096909435513904 ], [ -93.33304539598322, 18.100126155030679 ], [ -93.339763318021824, 18.108836222301541 ], [ -93.337694830281777, 18.109142491804665 ], [ -93.335381780279192, 18.112272490786808 ], [ -93.327964242849802, 18.116553619817672 ], [ -93.321437773078685, 18.108239912451005 ] ] ] } },
{ "type": "Feature", "properties": { "cve_loc": "270080001", "nom_loc": "Huimanguillo", "consultorios_faltantes": 0.1 }, "geometry": { "type": "Polygon", "coordinates": [ [ [ -93.388733895639405, 17.82881646762473 ], [ -93.388892715390554, 17.825501937778274 ], [ -93.386893756700445, 17.82160199976164 ], [ -93.388912206234011, 17.822357068709739 ], [ -93.389524155935618, 17.824553028404946 ], [ -93.395610212236321, 17.822626216093738 ], [ -93.391003525554169, 17.831646386019322 ], [ -93.388733895639405, 17.82881646762473 ] ] ] } },
{ "type": "Feature", "properties": { "cve_loc": "270080098", "nom_loc": "La Venta", "consultorios_faltantes": 0.5 }, "geometry": { "type": "Polygon", "coordinates": [ [ [ -94.041232255416332, 18.111522056831724 ], [ -94.040224374186124, 18.108478626886473 ], [ -94.043597883154575, 18.102115199516827 ], [ -94.041302948903848, 18.098125849796606 ], [ -94.043576064113765, 18.098981520121335 ], [ -94.043384753607128, 18.097867690657051 ], [ -94.045963113449673, 18.097897430229665 ], [ -94.047842451094951, 18.099237401327674 ], [ -94.051259092046124, 18.097659362364752 ], [ -94.055564968848529, 18.099238603849926 ], [ -94.051670972239293, 18.098192669831512 ], [ -94.051620311190987, 18.100280409147999 ], [ -94.048380572025891, 18.100291180251574 ], [ -94.048508892966311, 18.105685833342914 ], [ -94.046732352988343, 18.106882667749367 ], [ -94.048934222781881, 18.110127356840714 ], [ -94.045475670072562, 18.114016373464121 ], [ -94.041232255416332, 18.111522056831724 ] ] ] } },
{ "type": "Feature", "properties": { "cve_loc": "270100001", "nom_loc": "Jalpa de Méndez", "consultorios_faltantes": 0.9 }, "geometry": { "type": "Polygon", "coordinates": [ [ [ -93.058026233554045, 18.184741784395626 ], [ -93.051741645584087, 18.178101098687801 ], [ -93.047222416044505, 18.177135879277539 ], [ -93.047543315092199, 18.173242941028473 ], [ -93.057661263313065, 18.175302959803062 ], [ -93.057690342465278, 18.16981402117084 ], [ -93.059776203787692, 18.169720611964685 ], [ -93.058025913786409, 18.162833423648383 ], [ -93.059302153897121, 18.162125993930918 ], [ -93.060465799377297, 18.170349458621107 ], [ -93.062312912008522, 18.173660640093853 ], [ -93.063471242834666, 18.187067696963791 ], [ -93.058026233554045, 18.184741784395626 ] ] ] } },
{ "type": "Feature", "properties": { "cve_loc": "270120016", "nom_loc": "Belén", "consultorios_faltantes": 1.2 }, "geometry": { "type": "Polygon", "coordinates": [ [ [ -92.606119953159961, 17.799219643823115 ], [ -92.59677577059422, 17.798291894037646 ], [ -92.597446422637717, 17.791680946821504 ], [ -92.600611951397099, 17.791977761405658 ], [ -92.600760459506219, 17.790357839748157 ], [ -92.603045669351971, 17.790443666481437 ], [ -92.603263617016594, 17.789171630394979 ], [ -92.605766987076052, 17.790418357141359 ], [ -92.612488648477253, 17.783940202954003 ], [ -92.612463121120498, 17.782842058896517 ], [ -92.609193493132835, 17.782053538999062 ], [ -92.608554203834501, 17.779576858977787 ], [ -92.609801872962265, 17.777649369643701 ], [ -92.618628660334664, 17.780645360139221 ], [ -92.615072731546093, 17.794932900063156 ], [ -92.607225102657608, 17.796096500397734 ], [ -92.606119953159961, 17.799219643823115 ] ] ] } },
{ "type": "Feature", "properties": { "cve_loc": "270120018", "nom_loc": "Benito Juárez (San Carlos)", "consultorios_faltantes": 0.1 }, "geometry": { "type": "Polygon", "coordinates": [ [ [ -92.531779664172277, 17.838422153062833 ], [ -92.529904774708669, 17.829301617578874 ], [ -92.53114980939506, 17.829429096469308 ], [ -92.531770834155253, 17.823377107679331 ], [ -92.533111858732994, 17.82351621100435 ], [ -92.532925788106851, 17.825505115372351 ], [ -92.534319107848646, 17.82563724581027 ], [ -92.53320811356555, 17.838505703757793 ], [ -92.531779664172277, 17.838422153062833 ] ] ] } },
{ "type": "Feature", "properties": { "cve_loc": "270120039", "nom_loc": "La Curva", "consultorios_faltantes": 0.1 }, "geometry": { "type": "Polygon", "coordinates": [ [ [ -92.483642936846209, 17.870604126865111 ], [ -92.485764094843546, 17.870431091465289 ], [ -92.48560723486581, 17.865020468688478 ], [ -92.48928299462149, 17.86482788259627 ], [ -92.490139855807314, 17.862002264827616 ], [ -92.485488012561433, 17.860576551995095 ], [ -92.491265643539052, 17.857251959926721 ], [ -92.495724663624969, 17.85092166173126 ], [ -92.497981182776513, 17.851380071046275 ], [ -92.493677932699214, 17.868825776353695 ], [ -92.487832615707191, 17.869671956305655 ], [ -92.4871176950642, 17.872040004681185 ], [ -92.483642936846209, 17.870604126865111 ] ] ] } },
{ "type": "Feature", "properties": { "cve_loc": "270130001", "nom_loc": "Nacajuca", "consultorios_faltantes": 1.2 }, "geometry": { "type": "Polygon", "coordinates": [ [ [ -93.010883905367351, 18.181282579071826 ], [ -93.007812154983398, 18.168203883088175 ], [ -93.022520244412817, 18.169981581233845 ], [ -93.023599892538243, 18.16631362213079 ], [ -93.027589328557028, 18.167125851597568 ], [ -93.024916700347504, 18.176111530306752 ], [ -93.027008129090845, 18.177605499428552 ], [ -93.02604781229229, 18.180994578448484 ], [ -93.022849190445569, 18.177660163967566 ], [ -93.018965691657428, 18.18120629617864 ], [ -93.021129732539436, 18.183881738332673 ], [ -93.014415932520322, 18.183219933467939 ], [ -93.015073346805067, 18.181815008710679 ], [ -93.010883905367351, 18.181282579071826 ] ] ] } },
{ "type": "Feature", "properties": { "cve_loc": "270130088", "nom_loc": "Pomoca", "consultorios_faltantes": 1.9 }, "geometry": { "type": "Polygon", "coordinates": [ [ [ -92.932491786197431, 18.054258441093964 ], [ -92.930099817994488, 18.053545910363511 ], [ -92.929945916769597, 18.050578931810289 ], [ -92.92848118828897, 18.050352070784026 ], [ -92.929198183813909, 18.049078668408214 ], [ -92.92764106830451, 18.047827961314983 ], [ -92.929793557320664, 18.046435712130858 ], [ -92.930327517294145, 18.044084533105245 ], [ -92.93430812596003, 18.049314341858615 ], [ -92.932196897435006, 18.051442050801672 ], [ -92.934391326580851, 18.052709880386697 ], [ -92.935903805202528, 18.051922170844382 ], [ -92.932491786197431, 18.054258441093964 ] ] ] } },
{ "type": "Feature", "properties": { "cve_loc": "270140001", "nom_loc": "Paraíso", "consultorios_faltantes": 0.2 }, "geometry": { "type": "Polygon", "coordinates": [ [ [ -93.206186564989068, 18.412474660035034 ], [ -93.20494566291147, 18.404061048202891 ], [ -93.208209723256005, 18.397036374157999 ], [ -93.209881213536434, 18.396802980143491 ], [ -93.212883222018121, 18.398129014448941 ], [ -93.209415620874893, 18.405476714337613 ], [ -93.207529104280297, 18.405569842538256 ], [ -93.207684423401304, 18.412552473784093 ], [ -93.206186564989068, 18.412474660035034 ] ] ] } },
{ "type": "Feature", "properties": { "cve_loc": "270140027", "nom_loc": "Quintín Arauz", "consultorios_faltantes": 0.1 }, "geometry": { "type": "Polygon", "coordinates": [ [ [ -93.204933104276975, 18.380143109482397 ], [ -93.20652777236009, 18.378550421485265 ], [ -93.199877796087236, 18.36577536298854 ], [ -93.209319122205869, 18.362076885852417 ], [ -93.208343107198914, 18.359951315077538 ], [ -93.211885473198748, 18.35241902521318 ], [ -93.215399731822416, 18.358624745344237 ], [ -93.214242652526877, 18.360583969512412 ], [ -93.215773637752179, 18.368499270172432 ], [ -93.224519708257077, 18.374460530372019 ], [ -93.221965671995889, 18.375877387292306 ], [ -93.221916849180317, 18.379174049953246 ], [ -93.216734140579518, 18.378266250429373 ], [ -93.215270452616153, 18.37951064873204 ], [ -93.210374343350196, 18.377472329008508 ], [ -93.208096645874463, 18.381669000689172 ], [ -93.204933104276975, 18.380143109482397 ] ] ] } },
{ "type": "Feature", "properties": { "cve_loc": "270150001", "nom_loc": "Tacotalpa", "consultorios_faltantes": 0.5 }, "geometry": { "type": "Polygon", "coordinates": [ [ [ -92.8233673858918, 17.587283338683701 ], [ -92.823237905883616, 17.594496756808311 ], [ -92.828473392560582, 17.596077148912993 ], [ -92.82889074232321, 17.598072325026859 ], [ -92.825186306052856, 17.600723474384573 ], [ -92.819481466941852, 17.599423854489604 ], [ -92.819806637650018, 17.594549026342431 ], [ -92.823180385176286, 17.594104366812804 ], [ -92.8233673858918, 17.587283338683701 ] ] ] } },
{ "type": "Feature", "properties": { "cve_loc": "270160001", "nom_loc": "Teapa", "consultorios_faltantes": 0.8 }, "geometry": { "type": "Polygon", "coordinates": [ [ [ -92.944363613690811, 17.551229137269786 ], [ -92.941832213525871, 17.548989607539074 ], [ -92.941710844541987, 17.547179488497896 ], [ -92.942181688904881, 17.545378020900962 ], [ -92.945731813232001, 17.544031999273614 ], [ -92.945114608050844, 17.541956463608134 ], [ -92.949449143035139, 17.545779978083171 ], [ -92.949662525764282, 17.540938659645192 ], [ -92.95318831083739, 17.541026139635576 ], [ -92.952861891754921, 17.54245977918843 ], [ -92.954641917430081, 17.542872072334664 ], [ -92.95481855240088, 17.541126470885033 ], [ -92.957596520607567, 17.54231219955372 ], [ -92.958400399942377, 17.540953230071239 ], [ -92.960951720049152, 17.542310029725062 ], [ -92.960009313332037, 17.544290241021127 ], [ -92.96284091768203, 17.544431919807952 ], [ -92.961709659066983, 17.546705949321655 ], [ -92.957825371026445, 17.545095168326124 ], [ -92.945289814377915, 17.548337167452505 ], [ -92.944363613690811, 17.551229137269786 ] ] ] } },
{ "type": "Feature", "properties": { "cve_loc": "270170001", "nom_loc": "Tenosique de Pino Suárez", "consultorios_faltantes": 0.4 }, "geometry": { "type": "Polygon", "coordinates": [ [ [ -91.408329683846574, 17.471779628821555 ], [ -91.408268382748801, 17.470019248669395 ], [ -91.41203632475289, 17.469069198728597 ], [ -91.411916107269349, 17.467118845013982 ], [ -91.414308483103994, 17.466825399688364 ], [ -91.416591852161474, 17.46301348061823 ], [ -91.418254204829068, 17.463061367634381 ], [ -91.417383126918651, 17.464271345310657 ], [ -91.419435524011647, 17.470702389417241 ], [ -91.414624784058404, 17.470797685595855 ], [ -91.412701252950683, 17.47257821771527 ], [ -91.408329683846574, 17.471779628821555 ] ] ] } },
{ "type": "Feature", "properties": { "cve_loc": "280030001", "nom_loc": "Altamira", "consultorios_faltantes": 0.2 }, "geometry": { "type": "Polygon", "coordinates": [ [ [ -97.93440730305889, 22.421231813944647 ], [ -97.935087673417243, 22.414598415817288 ], [ -97.939413502697931, 22.415801305152552 ], [ -97.944561870512317, 22.421829964190724 ], [ -97.943905960622672, 22.426135753013661 ], [ -97.93440730305889, 22.421231813944647 ] ] ] } },
{ "type": "Feature", "properties": { "cve_loc": "280210001", "nom_loc": "Ciudad Mante", "consultorios_faltantes": 0.0 }, "geometry": { "type": "Polygon", "coordinates": [ [ [ -98.958722666039421, 22.766648901077104 ], [ -98.959996944822578, 22.761952115831438 ], [ -98.958661197243913, 22.761798659413358 ], [ -98.958893368671028, 22.760337883086116 ], [ -98.960211945552558, 22.760498519064846 ], [ -98.960647844517567, 22.757268472412221 ], [ -98.967298703782973, 22.758326142424345 ], [ -98.966424154565317, 22.764710811143249 ], [ -98.958722666039421, 22.766648901077104 ] ] ] } },
{ "type": "Feature", "properties": { "cve_loc": "280270162", "nom_loc": "El Campanario y Oradel", "consultorios_faltantes": 0.2 }, "geometry": { "type": "Polygon", "coordinates": [ [ [ -99.61893764935742, 27.471643168204722 ], [ -99.623040957600494, 27.47114406854573 ], [ -99.624059507002329, 27.474171659197211 ], [ -99.618480069180421, 27.476033366024637 ], [ -99.61893764935742, 27.471643168204722 ] ] ] } },
{ "type": "Feature", "properties": { "cve_loc": "280330291", "nom_loc": "Nuevo Progreso", "consultorios_faltantes": 0.2 }, "geometry": { "type": "Polygon", "coordinates": [ [ [ -97.950323611729885, 26.06215402494573 ], [ -97.952928121667668, 26.04950770765166 ], [ -97.956401019784536, 26.049889478870998 ], [ -97.957421721020296, 26.048609688246987 ], [ -97.956968879713685, 26.051829027597694 ], [ -97.95976187070174, 26.052121167610117 ], [ -97.955828561436149, 26.057830227217696 ], [ -97.956730609558562, 26.059865936428487 ], [ -97.954451451259743, 26.061680536605049 ], [ -97.950323611729885, 26.06215402494573 ] ] ] } },
{ "type": "Feature", "properties": { "cve_loc": "290010001", "nom_loc": "Amaxac de Guerrero", "consultorios_faltantes": 0.6 }, "geometry": { "type": "Polygon", "coordinates": [ [ [ -98.158648121116727, 19.353558622718218 ], [ -98.155681872154275, 19.34880303447596 ], [ -98.15801177286265, 19.348162774466754 ], [ -98.163806470840598, 19.34040354594519 ], [ -98.165751200893013, 19.341830056147707 ], [ -98.16677606978989, 19.340026426804837 ], [ -98.169232779943215, 19.340354735818707 ], [ -98.173735227992367, 19.343820035479681 ], [ -98.179056497028398, 19.343262055865672 ], [ -98.175003638268777, 19.347604824381623 ], [ -98.158648121116727, 19.353558622718218 ] ] ] } },
{ "type": "Feature", "properties": { "cve_loc": "290020001", "nom_loc": "Apetatitlán", "consultorios_faltantes": 0.1 }, "geometry": { "type": "Polygon", "coordinates": [ [ [ -98.192821972899708, 19.336643687189508 ], [ -98.186185375620937, 19.329115408879989 ], [ -98.187068925242031, 19.32627925943445 ], [ -98.1890282854026, 19.327102569495356 ], [ -98.190436803718725, 19.323773490877127 ], [ -98.194021263453152, 19.325555720680157 ], [ -98.194045973559781, 19.329564119411373 ], [ -98.200059983823152, 19.328989615354178 ], [ -98.197206432978945, 19.334080408224395 ], [ -98.193582564276184, 19.334651837520848 ], [ -98.192821972899708, 19.336643687189508 ] ] ] } },
{ "type": "Feature", "properties": { "cve_loc": "290050001", "nom_loc": "Ciudad de Apizaco", "consultorios_faltantes": 0.1 }, "geometry": { "type": "Polygon", "coordinates": [ [ [ -98.134667068694952, 19.412194839334923 ], [ -98.133544698347961, 19.405380191066559 ], [ -98.136767708042683, 19.404479581099459 ], [ -98.136582708265564, 19.40618530088112 ], [ -98.138813097665164, 19.405568790989008 ], [ -98.143423356535493, 19.407764980633846 ], [ -98.139940417017371, 19.414605518933048 ], [ -98.134667068694952, 19.412194839334923 ] ] ] } },
{ "type": "Feature", "properties": { "cve_loc": "290050007", "nom_loc": "San Luis Apizaquito", "consultorios_faltantes": 0.3 }, "geometry": { "type": "Polygon", "coordinates": [ [ [ -98.116762103077349, 19.437852723957509 ], [ -98.115165652777961, 19.432394465384739 ], [ -98.116776143180388, 19.430773346535211 ], [ -98.115170963265015, 19.428204246373962 ], [ -98.111500394335678, 19.432224634566566 ], [ -98.107875903654488, 19.418519928945422 ], [ -98.12207418135354, 19.41645069894189 ], [ -98.11824724137405, 19.419283818865942 ], [ -98.115849905404659, 19.423506173441712 ], [ -98.118370901990417, 19.424959607433216 ], [ -98.119869160680523, 19.423631157539166 ], [ -98.123460731387894, 19.432403974771123 ], [ -98.116762103077349, 19.437852723957509 ] ] ] } },
{ "type": "Feature", "properties": { "cve_loc": "290050010", "nom_loc": "Santa María Texcalac", "consultorios_faltantes": 0.0 }, "geometry": { "type": "Polygon", "coordinates": [ [ [ -98.086864889054283, 19.434807484812733 ], [ -98.075908662608882, 19.427418245788886 ], [ -98.073571343131064, 19.428850775645149 ], [ -98.072096753795563, 19.428000125307161 ], [ -98.075398692829637, 19.426701685699836 ], [ -98.070092824650345, 19.420460387747806 ], [ -98.076203972521171, 19.415299608532788 ], [ -98.081393921567354, 19.417860438261833 ], [ -98.083606910673652, 19.420719727739819 ], [ -98.087507790235563, 19.418124778378491 ], [ -98.09297645874237, 19.423411236983263 ], [ -98.087247340052329, 19.427620346294329 ], [ -98.086206740401593, 19.427031696028511 ], [ -98.086864889054283, 19.434807484812733 ] ] ] } },
{ "type": "Feature", "properties": { "cve_loc": "290060001", "nom_loc": "Heroica Ciudad de Calpulalpan", "consultorios_faltantes": 0.2 }, "geometry": { "type": "Polygon", "coordinates": [ [ [ -98.574866908614609, 19.588895199784172 ], [ -98.571643939745385, 19.581044601350357 ], [ -98.570027049705558, 19.581491911132961 ], [ -98.568300540296917, 19.578461652700593 ], [ -98.564713471039212, 19.577427412809076 ], [ -98.565274601118716, 19.575254553440303 ], [ -98.559692562514726, 19.573224613359905 ], [ -98.559401592642573, 19.569738864347809 ], [ -98.56367114210174, 19.564447715281315 ], [ -98.569118130345657, 19.567003464555835 ], [ -98.567663871077912, 19.573620633744124 ], [ -98.569452250014834, 19.580208211779937 ], [ -98.571083329976162, 19.575932812614219 ], [ -98.571487569279483, 19.580198482266734 ], [ -98.577212527417828, 19.580199461518411 ], [ -98.576139788824435, 19.582571661675448 ], [ -98.577196938359535, 19.589978859718105 ], [ -98.574866908614609, 19.588895199784172 ] ] ] } },
{ "type": "Feature", "properties": { "cve_loc": "290070001", "nom_loc": "Villa de El Carmen Tequexquitla", "consultorios_faltantes": 0.3 }, "geometry": { "type": "Polygon", "coordinates": [ [ [ -97.651147849258365, 19.326823838545128 ], [ -97.661866565025704, 19.323808869348472 ], [ -97.665951855240877, 19.326436488866868 ], [ -97.66385764632777, 19.32589063885996 ], [ -97.663259126023704, 19.327254998646268 ], [ -97.661467906912478, 19.326172208270382 ], [ -97.661714876139953, 19.328790627465988 ], [ -97.66033921649327, 19.328058968159599 ], [ -97.659604296910871, 19.329904007903206 ], [ -97.65767839765347, 19.328959537574772 ], [ -97.654776448323062, 19.331531437301749 ], [ -97.653497798425761, 19.328366167831373 ], [ -97.654814768302401, 19.327491747742911 ], [ -97.651147849258365, 19.326823838545128 ] ] ] } },
{ "type": "Feature", "properties": { "cve_loc": "290080001", "nom_loc": "Cuapiaxtla", "consultorios_faltantes": 0.0 }, "geometry": { "type": "Polygon", "coordinates": [ [ [ -97.7776761839595, 19.303077382262952 ], [ -97.766863849227235, 19.30167057455991 ], [ -97.770712388284281, 19.295363696859312 ], [ -97.780558306735259, 19.298097555625368 ], [ -97.7776761839595, 19.303077382262952 ] ] ] } },
{ "type": "Feature", "properties": { "cve_loc": "290100001", "nom_loc": "Santa Ana Chiautempan", "consultorios_faltantes": 0.7 }, "geometry": { "type": "Polygon", "coordinates": [ [ [ -98.186659795917947, 19.31123337266995 ], [ -98.188448095213658, 19.309258343467487 ], [ -98.186838095971126, 19.30830257329659 ], [ -98.18786116503361, 19.30683374395775 ], [ -98.189739944800721, 19.309016953583424 ], [ -98.194366514219851, 19.306847473941005 ], [ -98.194324063765777, 19.311263802938338 ], [ -98.191608634330478, 19.311190603514305 ], [ -98.18943176454944, 19.317016341763406 ], [ -98.186386885736724, 19.314121512049791 ], [ -98.187892454967837, 19.312134642739405 ], [ -98.186659795917947, 19.31123337266995 ] ] ] } },
{ "type": "Feature", "properties": { "cve_loc": "290100013", "nom_loc": "San Pedro Xochiteotla", "consultorios_faltantes": 0.0 }, "geometry": { "type": "Polygon", "coordinates": [ [ [ -98.1441716981723, 19.314846201824857 ], [ -98.138004475292092, 19.313182042666526 ], [ -98.1247004505598, 19.304346745118472 ], [ -98.129833049779492, 19.297697176113338 ], [ -98.139209466683525, 19.301842969568252 ], [ -98.145512656954352, 19.302415074669163 ], [ -98.145158603858221, 19.303645345718675 ], [ -98.1510970143554, 19.306470380195766 ], [ -98.155517294053951, 19.314550316139915 ], [ -98.149821754621101, 19.311174842863956 ], [ -98.142192275625945, 19.309064713421506 ], [ -98.141390786035458, 19.310136913118107 ], [ -98.144168935450523, 19.312332633264656 ], [ -98.142988536742337, 19.313660710585509 ], [ -98.1441716981723, 19.314846201824857 ] ] ] } },
{ "type": "Feature", "properties": { "cve_loc": "290130001", "nom_loc": "Huamantla", "consultorios_faltantes": 1.4 }, "geometry": { "type": "Polygon", "coordinates": [ [ [ -97.932489159623458, 19.319666112926935 ], [ -97.928421669024516, 19.321973170970391 ], [ -97.924730830967107, 19.3221170304022 ], [ -97.923380920819753, 19.325175829390606 ], [ -97.921565551231765, 19.323244229869228 ], [ -97.92103415166828, 19.316582061233476 ], [ -97.927323389911976, 19.31622203105012 ], [ -97.927400180508627, 19.317740180980131 ], [ -97.930189578706816, 19.316095632041087 ], [ -97.932489159623458, 19.319666112926935 ] ] ] } },
{ "type": "Feature", "properties": { "cve_loc": "290130016", "nom_loc": "Ignacio Zaragoza", "consultorios_faltantes": 0.4 }, "geometry": { "type": "Polygon", "coordinates": [ [ [ -97.922290351023037, 19.294771066329716 ], [ -97.921059131951196, 19.289501157991381 ], [ -97.92567807085571, 19.288389247910921 ], [ -97.926418720621498, 19.293829296656664 ], [ -97.922290351023037, 19.294771066329716 ] ] ] } },
{ "type": "Feature", "properties": { "cve_loc": "290130044", "nom_loc": "San José Xicohténcatl", "consultorios_faltantes": 0.1 }, "geometry": { "type": "Polygon", "coordinates": [ [ [ -97.823411814941892, 19.354789283103536 ], [ -97.815250667664401, 19.351755203471892 ], [ -97.815086407646788, 19.350574113386728 ], [ -97.831143494402056, 19.352929702644413 ], [ -97.830186284563538, 19.356355651636825 ], [ -97.827665974645726, 19.356319662002683 ], [ -97.826214955568062, 19.360687511105798 ], [ -97.823411814941892, 19.354789283103536 ] ] ] } },
{ "type": "Feature", "properties": { "cve_loc": "290140001", "nom_loc": "Hueyotlipan", "consultorios_faltantes": 0.1 }, "geometry": { "type": "Polygon", "coordinates": [ [ [ -98.346340195396152, 19.476350705244855 ], [ -98.34033578677311, 19.473836766200016 ], [ -98.34216836678128, 19.471003436804406 ], [ -98.33612944838309, 19.469525426957858 ], [ -98.335384418353058, 19.466726657125992 ], [ -98.345258786012394, 19.461548968632755 ], [ -98.34905044539758, 19.465421737386173 ], [ -98.346340195396152, 19.476350705244855 ] ] ] } },
{ "type": "Feature", "properties": { "cve_loc": "290150031", "nom_loc": "Santa Inés Tecuexcomac", "consultorios_faltantes": 0.1 }, "geometry": { "type": "Polygon", "coordinates": [ [ [ -98.341672153110054, 19.29587185349056 ], [ -98.34140150694067, 19.289747518536132 ], [ -98.34357433650213, 19.289871468564616 ], [ -98.343460507296641, 19.285457159071214 ], [ -98.345969556451493, 19.28625166945347 ], [ -98.345183726035813, 19.284557129616537 ], [ -98.350571184923965, 19.284722469477376 ], [ -98.356021253577055, 19.291087818093295 ], [ -98.355613322999076, 19.292243558484188 ], [ -98.360225722861756, 19.293076437879559 ], [ -98.359195502501123, 19.295719386890621 ], [ -98.352063444480606, 19.293797387760613 ], [ -98.350147614906717, 19.300675185800582 ], [ -98.344569426376339, 19.303261546286642 ], [ -98.346644185946985, 19.300951986050649 ], [ -98.341672153110054, 19.29587185349056 ] ] ] } },
{ "type": "Feature", "properties": { "cve_loc": "290160001", "nom_loc": "Ixtenco", "consultorios_faltantes": 0.0 }, "geometry": { "type": "Polygon", "coordinates": [ [ [ -97.894055817813182, 19.263019644550852 ], [ -97.891888188071349, 19.257594415296992 ], [ -97.885501399651915, 19.262120594380331 ], [ -97.887756709778714, 19.255228555099336 ], [ -97.899277096454909, 19.250813157795054 ], [ -97.900517725753872, 19.248531088176431 ], [ -97.908860064151654, 19.246211757673109 ], [ -97.908616934823854, 19.248537078024935 ], [ -97.902224635596909, 19.254294025960291 ], [ -97.900754436948304, 19.260160624745904 ], [ -97.89647081814762, 19.260259684346188 ], [ -97.894055817813182, 19.263019644550852 ] ] ] } },
{ "type": "Feature", "properties": { "cve_loc": "290170001", "nom_loc": "Mazatecochco", "consultorios_faltantes": 2.2 }, "geometry": { "type": "Polygon", "coordinates": [ [ [ -98.191422004345171, 19.184900473610099 ], [ -98.178123318367, 19.179735243913004 ], [ -98.176427598264397, 19.179860503925642 ], [ -98.180815167397768, 19.177393774015361 ], [ -98.178689167556328, 19.176825294563976 ], [ -98.183351227064321, 19.17666438381233 ], [ -98.188737714989301, 19.174010644793952 ], [ -98.188910204895819, 19.176182863980529 ], [ -98.191911823352768, 19.176054045297519 ], [ -98.194547604451486, 19.178903813949379 ], [ -98.193706893679376, 19.18398090331366 ], [ -98.191422004345171, 19.184900473610099 ] ] ] } },
{ "type": "Feature", "properties": { "cve_loc": "290180001", "nom_loc": "Contla", "consultorios_faltantes": 1.4 }, "geometry": { "type": "Polygon", "coordinates": [ [ [ -98.165517870783944, 19.338216146678725 ], [ -98.178738057915126, 19.326630059496317 ], [ -98.186185375620937, 19.329115408879989 ], [ -98.182202606745591, 19.336741147189873 ], [ -98.178316807339101, 19.339932506768854 ], [ -98.170564779146801, 19.335401007466825 ], [ -98.167246860355348, 19.339160026986185 ], [ -98.165517870783944, 19.338216146678725 ] ] ] } },
{ "type": "Feature", "properties": { "cve_loc": "290190001", "nom_loc": "Tepetitla", "consultorios_faltantes": 0.6 }, "geometry": { "type": "Polygon", "coordinates": [ [ [ -98.376211437295851, 19.271819842651936 ], [ -98.369708190072103, 19.264743194434924 ], [ -98.371139190138763, 19.262180854934112 ], [ -98.381452207833561, 19.267515883495371 ], [ -98.3826302425596, 19.264428795560331 ], [ -98.387395245597176, 19.269576243021774 ], [ -98.386877585947346, 19.270958422740215 ], [ -98.381416247099807, 19.270454162717325 ], [ -98.376211437295851, 19.271819842651936 ] ] ] } },
{ "type": "Feature", "properties": { "cve_loc": "290190007", "nom_loc": "San Mateo Ayecac", "consultorios_faltantes": 0.6 }, "geometry": { "type": "Polygon", "coordinates": [ [ [ -98.401755689179367, 19.287877272934868 ], [ -98.393380724885574, 19.287173380091826 ], [ -98.393897065238477, 19.283964880061145 ], [ -98.389295175374059, 19.282052301523322 ], [ -98.389529865835129, 19.275670223212931 ], [ -98.389145334459414, 19.276750459583205 ], [ -98.387330158923305, 19.276207926270548 ], [ -98.388719816649598, 19.270608672849239 ], [ -98.401321112749315, 19.282395280966867 ], [ -98.402342741593273, 19.286337177140748 ], [ -98.401755689179367, 19.287877272934868 ] ] ] } },
{ "type": "Feature", "properties": { "cve_loc": "290190009", "nom_loc": "Villa Alta", "consultorios_faltantes": 0.3 }, "geometry": { "type": "Polygon", "coordinates": [ [ [ -98.398462373537569, 19.310222873498812 ], [ -98.393709042984511, 19.309582804595369 ], [ -98.396129183616779, 19.307418184443915 ], [ -98.398024522949143, 19.302489325867029 ], [ -98.397881953196233, 19.290938758335333 ], [ -98.406929601517902, 19.293084268046691 ], [ -98.401114772478294, 19.295039206967957 ], [ -98.402397182091875, 19.302677635854185 ], [ -98.399685113186408, 19.304719754645664 ], [ -98.398462373537569, 19.310222873498812 ] ] ] } },
{ "type": "Feature", "properties": { "cve_loc": "290210001", "nom_loc": "Ciudad de Nanacamilpa", "consultorios_faltantes": 0.3 }, "geometry": { "type": "Polygon", "coordinates": [ [ [ -98.537810798122095, 19.490522872060996 ], [ -98.541660167312159, 19.493733391455063 ], [ -98.536602838646971, 19.501661049615912 ], [ -98.53706891809334, 19.49843268036437 ], [ -98.533912399353653, 19.496757170741017 ], [ -98.537810798122095, 19.490522872060996 ] ] ] } },
{ "type": "Feature", "properties": { "cve_loc": "290230004", "nom_loc": "Santo Tomás la Concordia", "consultorios_faltantes": 0.1 }, "geometry": { "type": "Polygon", "coordinates": [ [ [ -98.316126343981168, 19.231400401818771 ], [ -98.313672284636425, 19.22953439578486 ], [ -98.316519513312315, 19.224249914516527 ], [ -98.315388736913874, 19.221743818163926 ], [ -98.32475959115952, 19.20939385681303 ], [ -98.318338343555581, 19.220574694652544 ], [ -98.32472129168265, 19.225125263378814 ], [ -98.323940627971425, 19.229627934086455 ], [ -98.32907108940563, 19.230290238946154 ], [ -98.328204708476662, 19.23202319105507 ], [ -98.320371172808478, 19.231230131875744 ], [ -98.315801343882399, 19.233606431579918 ], [ -98.316126343981168, 19.231400401818771 ] ] ] } },
{ "type": "Feature", "properties": { "cve_loc": "290230016", "nom_loc": "Santiago Michac", "consultorios_faltantes": 0.3 }, "geometry": { "type": "Polygon", "coordinates": [ [ [ -98.339458702730425, 19.229093690970473 ], [ -98.333749959541265, 19.227455973734898 ], [ -98.335723389225123, 19.222625233731485 ], [ -98.331261219920776, 19.220547764371542 ], [ -98.333681089419059, 19.21520468648643 ], [ -98.33205142940912, 19.213974966172689 ], [ -98.334959788532302, 19.210046938593369 ], [ -98.342736276980162, 19.214924146048357 ], [ -98.342264337153409, 19.216414095107588 ], [ -98.346572365790394, 19.220064534617343 ], [ -98.34474758706213, 19.222297994386349 ], [ -98.343124876864948, 19.22144257409202 ], [ -98.341765457588778, 19.222789493868582 ], [ -98.339458702730425, 19.229093690970473 ] ] ] } },
{ "type": "Feature", "properties": { "cve_loc": "290240001", "nom_loc": "Panotla", "consultorios_faltantes": 0.0 }, "geometry": { "type": "Polygon", "coordinates": [ [ [ -98.272136504867916, 19.319036691858798 ], [ -98.258743757515717, 19.316893601593033 ], [ -98.264094875489846, 19.309543293700518 ], [ -98.267563435841268, 19.30763783367048 ], [ -98.271028154586745, 19.310475443543861 ], [ -98.265903156436764, 19.312731432791047 ], [ -98.273116544310568, 19.317015201626095 ], [ -98.272136504867916, 19.319036691858798 ] ] ] } },
{ "type": "Feature", "properties": { "cve_loc": "290240007", "nom_loc": "San Jorge Tezoquipan", "consultorios_faltantes": 0.3 }, "geometry": { "type": "Polygon", "coordinates": [ [ [ -98.315272854176925, 19.325444379921908 ], [ -98.305284995607281, 19.324738001101629 ], [ -98.303005206790885, 19.321645781062767 ], [ -98.312512774230925, 19.318690831476275 ], [ -98.313413174129352, 19.316754431623313 ], [ -98.318150933207676, 19.317663321396584 ], [ -98.316248563259975, 19.319430261485795 ], [ -98.31816703290464, 19.321298461236612 ], [ -98.315272854176925, 19.325444379921908 ] ] ] } },
{ "type": "Feature", "properties": { "cve_loc": "290250001", "nom_loc": "Ciudad de San Pablo del Monte", "consultorios_faltantes": 1.9 }, "geometry": { "type": "Polygon", "coordinates": [ [ [ -98.154734574104495, 19.138999823287794 ], [ -98.150927785015725, 19.135227443770745 ], [ -98.149520183887788, 19.136547394495285 ], [ -98.148091064740072, 19.13275671472126 ], [ -98.145682328343341, 19.135794603516548 ], [ -98.14227540742786, 19.135954363308436 ], [ -98.145681506016203, 19.129264335178135 ], [ -98.151110694793729, 19.123674516355003 ], [ -98.153134434157224, 19.123993586490553 ], [ -98.151779524685253, 19.126844535484285 ], [ -98.15918050303317, 19.133764853764042 ], [ -98.157834833118116, 19.136829393258726 ], [ -98.156144693736451, 19.13668604326817 ], [ -98.154734574104495, 19.138999823287794 ] ] ] } },
{ "type": "Feature", "properties": { "cve_loc": "290250002", "nom_loc": "San Isidro Buen Suceso", "consultorios_faltantes": 1.3 }, "geometry": { "type": "Polygon", "coordinates": [ [ [ -98.109939382498325, 19.143479301715892 ], [ -98.110633995304937, 19.144620221608641 ], [ -98.108550384373572, 19.148692640492403 ], [ -98.112308044396187, 19.150924350314103 ], [ -98.100264450165767, 19.163278237576023 ], [ -98.099350316828207, 19.16139187813755 ], [ -98.102689566651875, 19.157517469455403 ], [ -98.103215446592301, 19.152570730149975 ], [ -98.109939382498325, 19.143479301715892 ] ] ] } },
{ "type": "Feature", "properties": { "cve_loc": "290260001", "nom_loc": "Santa Cruz Tlaxcala", "consultorios_faltantes": 0.0 }, "geometry": { "type": "Polygon", "coordinates": [ [ [ -98.146912895768239, 19.363833651073332 ], [ -98.14522047567327, 19.364416100370658 ], [ -98.14250137648996, 19.360738901063733 ], [ -98.1412020367152, 19.362686131455821 ], [ -98.139384037169521, 19.360445531109178 ], [ -98.147133894949548, 19.35646454241277 ], [ -98.152345754362642, 19.351842033710543 ], [ -98.148976385038694, 19.348674764685462 ], [ -98.152495263978508, 19.34557608540975 ], [ -98.158941031968382, 19.352267804481116 ], [ -98.158735492339645, 19.354729594071383 ], [ -98.161414611417172, 19.358344853282119 ], [ -98.159245861804649, 19.358657761852768 ], [ -98.15818309146853, 19.363740230550412 ], [ -98.151657003082192, 19.369783989936952 ], [ -98.147218355804085, 19.365776360150548 ], [ -98.146912895768239, 19.363833651073332 ] ] ] } },
{ "type": "Feature", "properties": { "cve_loc": "290260004", "nom_loc": "San Lucas Tlacochcalco", "consultorios_faltantes": 0.3 }, "geometry": { "type": "Polygon", "coordinates": [ [ [ -98.145651343476629, 19.345918887434731 ], [ -98.14022336807291, 19.34695185451114 ], [ -98.131522709195494, 19.339408146513971 ], [ -98.13663086562056, 19.335771967903892 ], [ -98.13903412442933, 19.337123472304121 ], [ -98.13928088799878, 19.335404984552152 ], [ -98.140348406484563, 19.336040245087684 ], [ -98.141700386355069, 19.334332226979903 ], [ -98.153423602981348, 19.338438887928753 ], [ -98.149670304134673, 19.34320590636538 ], [ -98.152495263978508, 19.34557608540975 ], [ -98.148539639258814, 19.350236453436057 ], [ -98.145651343476629, 19.345918887434731 ] ] ] } },
{ "type": "Feature", "properties": { "cve_loc": "290260005", "nom_loc": "San Miguel Contla", "consultorios_faltantes": 0.2 }, "geometry": { "type": "Polygon", "coordinates": [ [ [ -98.127018850257741, 19.365949909897754 ], [ -98.120691760932289, 19.361494621054891 ], [ -98.122752590712892, 19.358496233250609 ], [ -98.116178841011461, 19.356824972586413 ], [ -98.12244138167803, 19.350962370491331 ], [ -98.139384037169521, 19.360445531109178 ], [ -98.135090038265332, 19.364814400248495 ], [ -98.131547449625685, 19.363490820681037 ], [ -98.127018850257741, 19.365949909897754 ] ] ] } },
{ "type": "Feature", "properties": { "cve_loc": "290280001", "nom_loc": "Teolocholco", "consultorios_faltantes": 0.3 }, "geometry": { "type": "Polygon", "coordinates": [ [ [ -98.169990150034209, 19.247418258129048 ], [ -98.172655289174315, 19.247338478137991 ], [ -98.175678828999509, 19.244956158596064 ], [ -98.169450700450398, 19.241686109236465 ], [ -98.168163660156395, 19.240239459905791 ], [ -98.168788320087529, 19.238435709689625 ], [ -98.172443949300288, 19.23794018987337 ], [ -98.173825578966458, 19.234925530322712 ], [ -98.181267226793921, 19.234156001283043 ], [ -98.179930567530633, 19.25261505622835 ], [ -98.17749976853051, 19.252341086299477 ], [ -98.177838427867158, 19.251304327063302 ], [ -98.16974427044795, 19.252159726786729 ], [ -98.170871199692371, 19.249977847019991 ], [ -98.169990150034209, 19.247418258129048 ] ] ] } },
{ "type": "Feature", "properties": { "cve_loc": "290290003", "nom_loc": "San Cosme Atlamaxac", "consultorios_faltantes": 0.1 }, "geometry": { "type": "Polygon", "coordinates": [ [ [ -98.216071257510833, 19.24592136821424 ], [ -98.217125957199571, 19.241805220278763 ], [ -98.208341278980527, 19.241287129912514 ], [ -98.209366030218149, 19.236084060507991 ], [ -98.21628016748781, 19.234006281382591 ], [ -98.229876855547232, 19.23510885083515 ], [ -98.22867564474636, 19.243222978504498 ], [ -98.221302917367851, 19.245732247915573 ], [ -98.216071257510833, 19.24592136821424 ] ] ] } },
{ "type": "Feature", "properties": { "cve_loc": "290300001", "nom_loc": "Terrenate", "consultorios_faltantes": 0.2 }, "geometry": { "type": "Polygon", "coordinates": [ [ [ -97.921442411035216, 19.481249432979091 ], [ -97.921532411382543, 19.477171974146319 ], [ -97.920374530756291, 19.476311794049085 ], [ -97.919307241636659, 19.47773077460981 ], [ -97.91593350581681, 19.475319782770377 ], [ -97.920961350093023, 19.46946162601628 ], [ -97.924015580411535, 19.47157505523149 ], [ -97.924874380336192, 19.47042554572457 ], [ -97.927514289425531, 19.471238305176708 ], [ -97.92571436006709, 19.472789574879506 ], [ -97.927367268873098, 19.476397503928371 ], [ -97.923702641045125, 19.477587254088832 ], [ -97.921442411035216, 19.481249432979091 ] ] ] } },
{ "type": "Feature", "properties": { "cve_loc": "290310001", "nom_loc": "Tetla", "consultorios_faltantes": 0.3 }, "geometry": { "type": "Polygon", "coordinates": [ [ [ -98.098827847338498, 19.448340121045199 ], [ -98.094897718370234, 19.439050972884953 ], [ -98.100791686408556, 19.432988354431689 ], [ -98.106946945454425, 19.44005148302606 ], [ -98.108953505059304, 19.444755862192896 ], [ -98.098827847338498, 19.448340121045199 ] ] ] } },
{ "type": "Feature", "properties": { "cve_loc": "290310010", "nom_loc": "San Bartolomé Matlalohcan", "consultorios_faltantes": 0.1 }, "geometry": { "type": "Polygon", "coordinates": [ [ [ -98.108966304695016, 19.460414008456127 ], [ -98.108318415066776, 19.455535209479049 ], [ -98.116495022574753, 19.452752739944426 ], [ -98.114522503267054, 19.445555311682945 ], [ -98.116281942697199, 19.438315083003985 ], [ -98.12919660936565, 19.427027667101068 ], [ -98.134172678272535, 19.431655294826534 ], [ -98.129615619393306, 19.439975922667173 ], [ -98.127486670170157, 19.448866830918892 ], [ -98.116952142094931, 19.46020925861567 ], [ -98.108966304695016, 19.460414008456127 ] ] ] } },
{ "type": "Feature", "properties": { "cve_loc": "290330008", "nom_loc": "Ocotlán", "consultorios_faltantes": 0.5 }, "geometry": { "type": "Polygon", "coordinates": [ [ [ -98.216825648151328, 19.317200271882342 ], [ -98.217921367141315, 19.306421184282254 ], [ -98.224913755679822, 19.312146743032319 ], [ -98.222977756382562, 19.313588033768497 ], [ -98.220966046155908, 19.312363433294657 ], [ -98.219404396806482, 19.316710011755518 ], [ -98.216825648151328, 19.317200271882342 ] ] ] } },
{ "type": "Feature", "properties": { "cve_loc": "290330012", "nom_loc": "San Gabriel Cuauhtla", "consultorios_faltantes": 0.1 }, "geometry": { "type": "Polygon", "coordinates": [ [ [ -98.234712224166699, 19.315091832197758 ], [ -98.230520474573311, 19.312136972566122 ], [ -98.234608793553477, 19.306369433940805 ], [ -98.237522732741709, 19.30938740338371 ], [ -98.234712224166699, 19.315091832197758 ] ] ] } },
{ "type": "Feature", "properties": { "cve_loc": "290330016", "nom_loc": "Santa María Acuitlapilco", "consultorios_faltantes": 0.0 }, "geometry": { "type": "Polygon", "coordinates": [ [ [ -98.236223643034734, 19.297825776481886 ], [ -98.237764791951264, 19.290690867649914 ], [ -98.240674282560121, 19.289946048405398 ], [ -98.241211281940238, 19.301622665296538 ], [ -98.240905082243941, 19.299392045825325 ], [ -98.236223643034734, 19.297825776481886 ] ] ] } },
{ "type": "Feature", "properties": { "cve_loc": "290330017", "nom_loc": "Santa María Ixtulco", "consultorios_faltantes": 0.3 }, "geometry": { "type": "Polygon", "coordinates": [ [ [ -98.193997804127449, 19.329128919038567 ], [ -98.194026492593238, 19.325322749350818 ], [ -98.197870882169781, 19.326598670066261 ], [ -98.197724882482447, 19.322774800010727 ], [ -98.202424341237815, 19.321386120759467 ], [ -98.208228719089334, 19.323792579876898 ], [ -98.213925938747977, 19.323906750734714 ], [ -98.208689570505086, 19.325499199756781 ], [ -98.206310280146113, 19.32864963986848 ], [ -98.193997804127449, 19.329128919038567 ] ] ] } },
{ "type": "Feature", "properties": { "cve_loc": "290350001", "nom_loc": "Tocatlán", "consultorios_faltantes": 0.4 }, "geometry": { "type": "Polygon", "coordinates": [ [ [ -98.022318045872026, 19.40133165183191 ], [ -98.016426808041615, 19.392466123705486 ], [ -98.0238527857869, 19.38964379492921 ], [ -98.026677035449595, 19.391588934236299 ], [ -98.031253073682109, 19.390688363849577 ], [ -98.033775472157416, 19.386036616558538 ], [ -98.041704260896381, 19.386310426510356 ], [ -98.04222895161459, 19.390353134419961 ], [ -98.03360943311327, 19.392038394917979 ], [ -98.03677453146112, 19.394452454249613 ], [ -98.034494213263287, 19.395047703137841 ], [ -98.03386410331899, 19.397063532385641 ], [ -98.025015554870564, 19.399275133049333 ], [ -98.022318045872026, 19.40133165183191 ] ] ] } },
{ "type": "Feature", "properties": { "cve_loc": "290380002", "nom_loc": "San Andrés Ahuashuatepec", "consultorios_faltantes": 0.5 }, "geometry": { "type": "Polygon", "coordinates": [ [ [ -98.118768882112477, 19.409995900419982 ], [ -98.11645561303304, 19.399625922517259 ], [ -98.113677738882743, 19.393678990774184 ], [ -98.11657124293346, 19.393674183610383 ], [ -98.120587732286253, 19.396466783061289 ], [ -98.125188639110647, 19.407031521191843 ], [ -98.127371779977139, 19.408666120211638 ], [ -98.118768882112477, 19.409995900419982 ] ] ] } },
{ "type": "Feature", "properties": { "cve_loc": "290390001", "nom_loc": "Xaloztoc", "consultorios_faltantes": 0.5 }, "geometry": { "type": "Polygon", "coordinates": [ [ [ -98.045105070332227, 19.409467699655647 ], [ -98.045661260779283, 19.407831760235577 ], [ -98.044327530828838, 19.40661972094081 ], [ -98.047533230161591, 19.402845131513924 ], [ -98.054370698686967, 19.401387152136255 ], [ -98.051043319515117, 19.404828100739213 ], [ -98.061786666752695, 19.410584699806783 ], [ -98.055148067895288, 19.416460288405123 ], [ -98.048205890293517, 19.416958327895234 ], [ -98.045105070332227, 19.409467699655647 ] ] ] } },
{ "type": "Feature", "properties": { "cve_loc": "290410001", "nom_loc": "Papalotla", "consultorios_faltantes": 0.2 }, "geometry": { "type": "Polygon", "coordinates": [ [ [ -98.216506018685948, 19.151909239989003 ], [ -98.222175077270663, 19.150822930318022 ], [ -98.221628677495403, 19.146455311483077 ], [ -98.226588425674549, 19.148668780392875 ], [ -98.225952816434628, 19.15078371042377 ], [ -98.228219905594003, 19.151805790304238 ], [ -98.221271487075242, 19.157415078795488 ], [ -98.216525718139891, 19.154841448968003 ], [ -98.216506018685948, 19.151909239989003 ] ] ] } },
{ "type": "Feature", "properties": { "cve_loc": "290410004", "nom_loc": "San Marcos Contla", "consultorios_faltantes": 0.7 }, "geometry": { "type": "Polygon", "coordinates": [ [ [ -98.208132660849188, 19.203408829163202 ], [ -98.189716433670881, 19.204417899058488 ], [ -98.185789696449248, 19.203565199162579 ], [ -98.187637115750121, 19.197477809325481 ], [ -98.192270054464615, 19.197308029230474 ], [ -98.194478973511821, 19.193610890678396 ], [ -98.194127514103243, 19.19701214980142 ], [ -98.209273139067079, 19.194937353691312 ], [ -98.211338889424155, 19.196610063786203 ], [ -98.208357889151827, 19.199446369005287 ], [ -98.209120109506941, 19.201452998824664 ], [ -98.206560160181994, 19.202944378879579 ], [ -98.208132660849188, 19.203408829163202 ] ] ] } },
{ "type": "Feature", "properties": { "cve_loc": "290420001", "nom_loc": "Xicohtzinco", "consultorios_faltantes": 0.9 }, "geometry": { "type": "Polygon", "coordinates": [ [ [ -98.239693592575989, 19.185886982608704 ], [ -98.23050768438759, 19.186462772929996 ], [ -98.240010382536369, 19.173179925086718 ], [ -98.242294112520113, 19.174631584685248 ], [ -98.245217681384531, 19.173147525177004 ], [ -98.242077511773232, 19.177694574052946 ], [ -98.244629961233926, 19.17965354338498 ], [ -98.242476042103263, 19.181813033036899 ], [ -98.243604270571666, 19.182700783093846 ], [ -98.239693592575989, 19.185886982608704 ] ] ] } },
{ "type": "Feature", "properties": { "cve_loc": "290430007", "nom_loc": "Santa Úrsula Zimatepec", "consultorios_faltantes": 0.4 }, "geometry": { "type": "Polygon", "coordinates": [ [ [ -98.157230402942474, 19.425749836235447 ], [ -98.156604633111499, 19.422743717220357 ], [ -98.154009173634066, 19.42249204684725 ], [ -98.157163462243233, 19.416957319415918 ], [ -98.154323843351136, 19.415522379797288 ], [ -98.159704861811676, 19.411176209980123 ], [ -98.16424587077843, 19.410070549964722 ], [ -98.163954730878331, 19.413033899548207 ], [ -98.167129920642267, 19.414880749250884 ], [ -98.165979530925924, 19.417218758121219 ], [ -98.164251970842301, 19.418542548463034 ], [ -98.161204501481379, 19.416794288892358 ], [ -98.15911432179395, 19.423465776557961 ], [ -98.160221721893762, 19.424740527050211 ], [ -98.157230402942474, 19.425749836235447 ] ] ] } },
{ "type": "Feature", "properties": { "cve_loc": "290430008", "nom_loc": "San José Tetel", "consultorios_faltantes": 0.5 }, "geometry": { "type": "Polygon", "coordinates": [ [ [ -98.156864172577727, 19.443518112339646 ], [ -98.147079294873166, 19.434339785371371 ], [ -98.150463474566095, 19.43138749510906 ], [ -98.151705494482258, 19.432944725149206 ], [ -98.155969433264787, 19.432147864625772 ], [ -98.159509172504343, 19.428267695940761 ], [ -98.165754440715659, 19.432021494616979 ], [ -98.156864172577727, 19.443518112339646 ] ] ] } },
{ "type": "Feature", "properties": { "cve_loc": "290430011", "nom_loc": "Hualcaltzinco", "consultorios_faltantes": 0.2 }, "geometry": { "type": "Polygon", "coordinates": [ [ [ -98.156573232496811, 19.405208390134312 ], [ -98.157696462863953, 19.403241181772277 ], [ -98.155480152396024, 19.401837362253101 ], [ -98.157261671838512, 19.398076943747299 ], [ -98.160615151860071, 19.401730622190918 ], [ -98.163570071000109, 19.401251131846912 ], [ -98.167385240565508, 19.404245101514608 ], [ -98.16372878150132, 19.403213332082302 ], [ -98.161857440606653, 19.404927917992786 ], [ -98.1602284624323, 19.40400995118037 ], [ -98.158954216281515, 19.40626590260301 ], [ -98.156573232496811, 19.405208390134312 ] ] ] } },
{ "type": "Feature", "properties": { "cve_loc": "290440001", "nom_loc": "Zacatelco", "consultorios_faltantes": 0.6 }, "geometry": { "type": "Polygon", "coordinates": [ [ [ -98.241081281405386, 19.23267569137429 ], [ -98.230605675382847, 19.227093932466275 ], [ -98.23061581530547, 19.225605942769992 ], [ -98.23341575284536, 19.224695393059196 ], [ -98.230543084230334, 19.222021963403144 ], [ -98.23518175362274, 19.222106023916936 ], [ -98.237614383224724, 19.218656694646658 ], [ -98.242861881787164, 19.22138156412468 ], [ -98.244823081488022, 19.225546342743865 ], [ -98.241868191107912, 19.228796112313958 ], [ -98.242417841466334, 19.23138456224412 ], [ -98.241081281405386, 19.23267569137429 ] ] ] } },
{ "type": "Feature", "properties": { "cve_loc": "290480001", "nom_loc": "La Magdalena Tlaltelulco", "consultorios_faltantes": 0.5 }, "geometry": { "type": "Polygon", "coordinates": [ [ [ -98.195205433211811, 19.293802416741645 ], [ -98.185123162815003, 19.286217359857755 ], [ -98.188020595318903, 19.281433159663486 ], [ -98.183937636691525, 19.277461050498086 ], [ -98.186825635282673, 19.27282541156459 ], [ -98.19547699384708, 19.276747380958579 ], [ -98.195205433211811, 19.293802416741645 ] ] ] } },
{ "type": "Feature", "properties": { "cve_loc": "290500001", "nom_loc": "San Francisco Tetlanohcan", "consultorios_faltantes": 0.2 }, "geometry": { "type": "Polygon", "coordinates": [ [ [ -98.175491778878424, 19.267831222874218 ], [ -98.17592529799451, 19.263514953988508 ], [ -98.163808301633381, 19.262816763893461 ], [ -98.16386424085411, 19.259983126105158 ], [ -98.175033627886975, 19.257090675113698 ], [ -98.179486485378703, 19.257329597260174 ], [ -98.180013945648625, 19.255264726400874 ], [ -98.181243396463785, 19.255281187447888 ], [ -98.180701594867671, 19.257404586418065 ], [ -98.183873494631101, 19.257715047376053 ], [ -98.182778804909418, 19.263004564123058 ], [ -98.188731923749543, 19.264042225104006 ], [ -98.18361011479692, 19.26674562440278 ], [ -98.175491778878424, 19.267831222874218 ] ] ] } },
{ "type": "Feature", "properties": { "cve_loc": "290520001", "nom_loc": "San José Teacalco", "consultorios_faltantes": 0.3 }, "geometry": { "type": "Polygon", "coordinates": [ [ [ -98.07549145280386, 19.350494053780867 ], [ -98.062201066147566, 19.342737885558549 ], [ -98.05977626685808, 19.339906566387086 ], [ -98.058847977333571, 19.334862807224543 ], [ -98.060251317007413, 19.330540518315082 ], [ -98.069476544025079, 19.328105289361233 ], [ -98.074311793115783, 19.329176198277619 ], [ -98.072584913507455, 19.331172107918668 ], [ -98.072956223608969, 19.343892825407305 ], [ -98.07549145280386, 19.350494053780867 ] ] ] } },
{ "type": "Feature", "properties": { "cve_loc": "290530001", "nom_loc": "San Juan Huactzinco", "consultorios_faltantes": 0.1 }, "geometry": { "type": "Polygon", "coordinates": [ [ [ -98.244637279878347, 19.241002441759942 ], [ -98.242341551362287, 19.238899619478275 ], [ -98.244003271008623, 19.237139131019518 ], [ -98.242791160899657, 19.235244830320458 ], [ -98.246032051388809, 19.234237200970625 ], [ -98.252031779852089, 19.232855231382107 ], [ -98.251498380161379, 19.234345190590265 ], [ -98.256041789051878, 19.238053340315968 ], [ -98.252721818974393, 19.241072529178432 ], [ -98.244637279878347, 19.241002441759942 ] ] ] } },
{ "type": "Feature", "properties": { "cve_loc": "290540001", "nom_loc": "San Lorenzo Axocomanitla", "consultorios_faltantes": 0.1 }, "geometry": { "type": "Polygon", "coordinates": [ [ [ -98.246287779655304, 19.222829603457487 ], [ -98.247279810684006, 19.219942285891431 ], [ -98.252356928667865, 19.219574404462669 ], [ -98.254489618011888, 19.216539165616286 ], [ -98.253428209257777, 19.222564333970503 ], [ -98.260145587396622, 19.226157222968908 ], [ -98.258897447995494, 19.227402392545603 ], [ -98.258324706989754, 19.226237033276728 ], [ -98.251427469604323, 19.226198513122252 ], [ -98.249766588842292, 19.228187853214941 ], [ -98.247495580357551, 19.22572002337791 ], [ -98.248607650756071, 19.224352883569811 ], [ -98.246287779655304, 19.222829603457487 ] ] ] } },
{ "type": "Feature", "properties": { "cve_loc": "290580001", "nom_loc": "Santa Catarina Ayometla", "consultorios_faltantes": 0.0 }, "geometry": { "type": "Polygon", "coordinates": [ [ [ -98.215101818252577, 19.206176228535039 ], [ -98.216422188513775, 19.19943800938913 ], [ -98.226449875729188, 19.190261041158053 ], [ -98.231100875153956, 19.189739437975508 ], [ -98.23057987358068, 19.207354268520483 ], [ -98.215101818252577, 19.206176228535039 ] ] ] } },
{ "type": "Feature", "properties": { "cve_loc": "290590001", "nom_loc": "Santa Cruz Quilehtla", "consultorios_faltantes": 0.1 }, "geometry": { "type": "Polygon", "coordinates": [ [ [ -98.223525395950517, 19.218989434502447 ], [ -98.211329018989488, 19.216091394966742 ], [ -98.204711169985174, 19.216393994862678 ], [ -98.207053820979624, 19.211808466548987 ], [ -98.214174219772318, 19.210630529667995 ], [ -98.215101818252577, 19.206176228535039 ], [ -98.23057987358068, 19.207354268520483 ], [ -98.222859227104649, 19.212962565459591 ], [ -98.220915137789561, 19.216784034723101 ], [ -98.223525395950517, 19.218989434502447 ] ] ] } },
{ "type": "Feature", "properties": { "cve_loc": "300020001", "nom_loc": "Acatlán", "consultorios_faltantes": 0.1 }, "geometry": { "type": "Polygon", "coordinates": [ [ [ -96.836255692700277, 19.69885374463507 ], [ -96.8399588312231, 19.696248149686664 ], [ -96.839171652251935, 19.693667739707433 ], [ -96.84085531185994, 19.694536029325267 ], [ -96.843253450647978, 19.691756940162087 ], [ -96.846133940109738, 19.691274310734929 ], [ -96.84591708024341, 19.698588739045686 ], [ -96.840518901645282, 19.700168768326133 ], [ -96.839172721444214, 19.697662004996953 ], [ -96.836255692700277, 19.69885374463507 ] ] ] } },
{ "type": "Feature", "properties": { "cve_loc": "300030001", "nom_loc": "Acayucan", "consultorios_faltantes": 0.9 }, "geometry": { "type": "Polygon", "coordinates": [ [ [ -94.918616746472892, 17.954852214818445 ], [ -94.916420726829259, 17.951735386229569 ], [ -94.916350466904817, 17.950193386541784 ], [ -94.918363496156488, 17.949745676485449 ], [ -94.917790655755169, 17.945225567971917 ], [ -94.921205495922734, 17.94561484782982 ], [ -94.923971423888176, 17.95274523595808 ], [ -94.921236995708412, 17.954507935345116 ], [ -94.921953545700248, 17.955791434627951 ], [ -94.918616746472892, 17.954852214818445 ] ] ] } },
{ "type": "Feature", "properties": { "cve_loc": "300090046", "nom_loc": "Palma Sola", "consultorios_faltantes": 0.1 }, "geometry": { "type": "Polygon", "coordinates": [ [ [ -96.433921014268037, 19.779556027706217 ], [ -96.433181204138307, 19.775732328525784 ], [ -96.430760154084567, 19.776760499300927 ], [ -96.425647597808364, 19.769284287650109 ], [ -96.420960183136984, 19.770302112958163 ], [ -96.420172236325442, 19.768043321191364 ], [ -96.420411606741638, 19.767232800814512 ], [ -96.434308443260917, 19.768798670724088 ], [ -96.436063303266963, 19.765962122107158 ], [ -96.437179233361221, 19.767478781974283 ], [ -96.442162060898852, 19.765258401278928 ], [ -96.444131830069111, 19.77064929141881 ], [ -96.440784562786362, 19.772123749717615 ], [ -96.43995733201605, 19.770207600922916 ], [ -96.43503680316482, 19.771484100308488 ], [ -96.436976962406419, 19.778958889047477 ], [ -96.433921014268037, 19.779556027706217 ] ] ] } },
{ "type": "Feature", "properties": { "cve_loc": "300100001", "nom_loc": "Altotonga", "consultorios_faltantes": 1.6 }, "geometry": { "type": "Polygon", "coordinates": [ [ [ -97.248898758289229, 19.764722674797113 ], [ -97.240186330554934, 19.763833905307521 ], [ -97.241003379290603, 19.760491095955601 ], [ -97.238826830827492, 19.759738106539878 ], [ -97.240825559142507, 19.753758017413237 ], [ -97.243223929439651, 19.754587067732537 ], [ -97.244034459526048, 19.749993439377263 ], [ -97.246210667635708, 19.750209074417693 ], [ -97.246061498358031, 19.748778189377166 ], [ -97.250368747504666, 19.75415749690913 ], [ -97.249863238417277, 19.763878586185974 ], [ -97.252389027965975, 19.767345584390913 ], [ -97.248851898662423, 19.767471984876011 ], [ -97.248898758289229, 19.764722674797113 ] ] ] } },
{ "type": "Feature", "properties": { "cve_loc": "300110001", "nom_loc": "Alvarado", "consultorios_faltantes": 0.1 }, "geometry": { "type": "Polygon", "coordinates": [ [ [ -95.759982359064495, 18.775179525945354 ], [ -95.757723479573485, 18.771612966387337 ], [ -95.762615498330987, 18.769613356730044 ], [ -95.765589237805727, 18.771838266536676 ], [ -95.759982359064495, 18.775179525945354 ] ] ] } },
{ "type": "Feature", "properties": { "cve_loc": "300110003", "nom_loc": "Antón Lizardo", "consultorios_faltantes": 0.3 }, "geometry": { "type": "Polygon", "coordinates": [ [ [ -95.982113790600351, 19.065278856105984 ], [ -95.98280350179931, 19.060842687297971 ], [ -95.977081281621466, 19.059013167798632 ], [ -95.975616743450274, 19.05562952214888 ], [ -95.977915682544221, 19.054333839858394 ], [ -95.978241082235655, 19.051600899387044 ], [ -95.98567107995332, 19.055398928616899 ], [ -95.986365080263823, 19.052475119635279 ], [ -95.990933379573818, 19.052791400102137 ], [ -95.991548899043238, 19.062749086582677 ], [ -95.983106960297732, 19.063226867902856 ], [ -95.982113790600351, 19.065278856105984 ] ] ] } },
{ "type": "Feature", "properties": { "cve_loc": "300140001", "nom_loc": "Amatlán de los Reyes", "consultorios_faltantes": 0.7 }, "geometry": { "type": "Polygon", "coordinates": [ [ [ -96.906345825283609, 18.846472879630589 ], [ -96.910033389097705, 18.843518306407599 ], [ -96.908720652749381, 18.842069829983753 ], [ -96.910523018109544, 18.839314384576838 ], [ -96.909344686581434, 18.836843623226422 ], [ -96.911723684668672, 18.83889828178058 ], [ -96.916929375009957, 18.836395282148032 ], [ -96.919759411339655, 18.836882843845409 ], [ -96.920826114825616, 18.835071621588636 ], [ -96.921320913384136, 18.838006122277925 ], [ -96.922851062283954, 18.837139862787303 ], [ -96.922814521929766, 18.846415231171424 ], [ -96.918707922881978, 18.846109920339256 ], [ -96.917568803065109, 18.844709800411731 ], [ -96.911321916145141, 18.850763689824785 ], [ -96.906345825283609, 18.846472879630589 ] ] ] } },
{ "type": "Feature", "properties": { "cve_loc": "300140016", "nom_loc": "Peñuela", "consultorios_faltantes": 0.1 }, "geometry": { "type": "Polygon", "coordinates": [ [ [ -96.886879812477176, 18.869791365259534 ], [ -96.890092700919325, 18.863511085956358 ], [ -96.895474609115269, 18.864231516923557 ], [ -96.896806898498497, 18.861124227002335 ], [ -96.902370818482623, 18.862436487397709 ], [ -96.90052171790424, 18.863435275825118 ], [ -96.902120577187333, 18.865163445311065 ], [ -96.898779489544353, 18.864371945537179 ], [ -96.897337289653279, 18.865352315241804 ], [ -96.897444528449938, 18.870032255128759 ], [ -96.886879812477176, 18.869791365259534 ] ] ] } },
{ "type": "Feature", "properties": { "cve_loc": "300150001", "nom_loc": "Ángel R. Cabada", "consultorios_faltantes": 0.0 }, "geometry": { "type": "Polygon", "coordinates": [ [ [ -95.444118669775889, 18.59693037824988 ], [ -95.44394046009495, 18.591546120875794 ], [ -95.451104207766392, 18.592241489473228 ], [ -95.452639238486526, 18.588136860738665 ], [ -95.453572066833857, 18.594325939927018 ], [ -95.46695637347635, 18.593716969606934 ], [ -95.462058572775888, 18.594298481694373 ], [ -95.461083287125192, 18.595973572811161 ], [ -95.46086643000983, 18.594442521344202 ], [ -95.444118669775889, 18.59693037824988 ] ] ] } },
{ "type": "Feature", "properties": { "cve_loc": "300240001", "nom_loc": "Tlaltetela", "consultorios_faltantes": 0.9 }, "geometry": { "type": "Polygon", "coordinates": [ [ [ -96.905240656620336, 19.307469388535711 ], [ -96.906636175012139, 19.30936124113769 ], [ -96.911042713942351, 19.310333870799994 ], [ -96.910070515784071, 19.31690890876537 ], [ -96.907517324923631, 19.316093469428541 ], [ -96.906789813231256, 19.318290182182857 ], [ -96.90412440563135, 19.319102548448168 ], [ -96.901272617513598, 19.318063109721546 ], [ -96.900647208493282, 19.319450608614762 ], [ -96.895947949301814, 19.320420838105029 ], [ -96.894613587818043, 19.318816798015188 ], [ -96.89437148973775, 19.320839317703779 ], [ -96.890921958914248, 19.32214068844813 ], [ -96.890959336608773, 19.318260229145228 ], [ -96.892838889121194, 19.316374339264616 ], [ -96.890934272024751, 19.314957229467868 ], [ -96.898213147122817, 19.309903230167645 ], [ -96.905240656620336, 19.307469388535711 ] ] ] } },
{ "type": "Feature", "properties": { "cve_loc": "300250003", "nom_loc": "Los Altos", "consultorios_faltantes": 0.4 }, "geometry": { "type": "Polygon", "coordinates": [ [ [ -97.201041711909227, 19.451803738134974 ], [ -97.197481967321195, 19.449277378508583 ], [ -97.197612622768588, 19.439173150608326 ], [ -97.199122962153098, 19.442530980213718 ], [ -97.204744190379941, 19.442422840124856 ], [ -97.20790964944608, 19.44550316978394 ], [ -97.205603610162157, 19.449112548601281 ], [ -97.201041711909227, 19.451803738134974 ] ] ] } },
{ "type": "Feature", "properties": { "cve_loc": "300260001", "nom_loc": "Banderilla", "consultorios_faltantes": 1.6 }, "geometry": { "type": "Polygon", "coordinates": [ [ [ -96.935873307262369, 19.590202314857688 ], [ -96.937773811753715, 19.585039308871 ], [ -96.940455106734717, 19.587000876479063 ], [ -96.945141795714193, 19.586264105154822 ], [ -96.947884395069991, 19.589608345823788 ], [ -96.953728832069046, 19.590024145810606 ], [ -96.952484033377459, 19.59110402409642 ], [ -96.953414233637304, 19.594079773988163 ], [ -96.948977633993394, 19.597309852624903 ], [ -96.944174054722751, 19.597594573155163 ], [ -96.938900826707325, 19.59416147393512 ], [ -96.935873307262369, 19.590202314857688 ] ] ] } },
{ "type": "Feature", "properties": { "cve_loc": "300280001", "nom_loc": "Boca del Río", "consultorios_faltantes": 0.2 }, "geometry": { "type": "Polygon", "coordinates": [ [ [ -96.102719191230435, 19.11049375570008 ], [ -96.106387320006633, 19.105247907538924 ], [ -96.112043098360601, 19.108003846159402 ], [ -96.115426897552609, 19.111764685386603 ], [ -96.105785819874399, 19.112534255079517 ], [ -96.105639920128993, 19.110550217126839 ], [ -96.102719191230435, 19.11049375570008 ] ] ] } },
{ "type": "Feature", "properties": { "cve_loc": "300300001", "nom_loc": "Ciudad Mendoza", "consultorios_faltantes": 0.6 }, "geometry": { "type": "Polygon", "coordinates": [ [ [ -97.186052776515282, 18.803979240008651 ], [ -97.186042376894846, 18.802183091249923 ], [ -97.181185117855762, 18.797518332236233 ], [ -97.181816317053617, 18.795050642455919 ], [ -97.190422576002348, 18.804502640636297 ], [ -97.195541933351635, 18.80708377948369 ], [ -97.195340513434715, 18.809317098767952 ], [ -97.192206414937687, 18.810165118976919 ], [ -97.186052776515282, 18.803979240008651 ] ] ] } },
{ "type": "Feature", "properties": { "cve_loc": "300320001", "nom_loc": "Catemaco", "consultorios_faltantes": 0.1 }, "geometry": { "type": "Polygon", "coordinates": [ [ [ -95.113511845624672, 18.431928157901865 ], [ -95.104862788516627, 18.429646188959971 ], [ -95.105005298407548, 18.428686779082867 ], [ -95.108789547103484, 18.429880118923144 ], [ -95.110144466648251, 18.422557160647646 ], [ -95.115640175147362, 18.426228919897945 ], [ -95.113511845624672, 18.431928157901865 ] ] ] } },
{ "type": "Feature", "properties": { "cve_loc": "300360001", "nom_loc": "Coacoatzintla", "consultorios_faltantes": 0.8 }, "geometry": { "type": "Polygon", "coordinates": [ [ [ -96.934811767782818, 19.653393469752512 ], [ -96.933145658180038, 19.649940120674 ], [ -96.934482117755152, 19.648501580613623 ], [ -96.941775935876635, 19.645191232085832 ], [ -96.941991316313405, 19.64900876038682 ], [ -96.947900884660939, 19.653089589768136 ], [ -96.947861204295293, 19.656341259526567 ], [ -96.945838675391926, 19.657671809128125 ], [ -96.940460076346895, 19.653252429514172 ], [ -96.934811767782818, 19.653393469752512 ] ] ] } },
{ "type": "Feature", "properties": { "cve_loc": "300370002", "nom_loc": "Coahuitlán", "consultorios_faltantes": 0.1 }, "geometry": { "type": "Polygon", "coordinates": [ [ [ -97.729609305807116, 20.264272290921003 ], [ -97.725331966661571, 20.262592641398989 ], [ -97.725655276624238, 20.256279383463148 ], [ -97.728435995507411, 20.255647733589445 ], [ -97.73145817555465, 20.257249423237926 ], [ -97.731377855579879, 20.262698011198527 ], [ -97.729609305807116, 20.264272290921003 ] ] ] } },
{ "type": "Feature", "properties": { "cve_loc": "300380001", "nom_loc": "Coatepec", "consultorios_faltantes": 0.2 }, "geometry": { "type": "Polygon", "coordinates": [ [ [ -96.958612142458364, 19.468728273121865 ], [ -96.952472874079461, 19.464598054871566 ], [ -96.953921734113905, 19.462387824297434 ], [ -96.956650793143424, 19.464868284499133 ], [ -96.957260133439704, 19.46251682436494 ], [ -96.958467133045502, 19.46309997415964 ], [ -96.958630562843936, 19.459590205773981 ], [ -96.961140071834635, 19.457960795968834 ], [ -96.961012711974575, 19.456490026221338 ], [ -96.964431711298488, 19.457917545640502 ], [ -96.968969799708262, 19.464953204468511 ], [ -96.973563868459792, 19.4676821137455 ], [ -96.962777941353423, 19.472816362407951 ], [ -96.958612142458364, 19.468728273121865 ] ] ] } },
{ "type": "Feature", "properties": { "cve_loc": "300380012", "nom_loc": "Mahuixtlán", "consultorios_faltantes": 0.4 }, "geometry": { "type": "Polygon", "coordinates": [ [ [ -96.920688371819494, 19.41730583545446 ], [ -96.917511802081847, 19.413158041138836 ], [ -96.913634842890019, 19.411054266894638 ], [ -96.913362773709068, 19.409398888238439 ], [ -96.914972952869292, 19.409139417373225 ], [ -96.913202812842243, 19.406041695425838 ], [ -96.916311702204581, 19.405973457999504 ], [ -96.921220685356545, 19.409395567914039 ], [ -96.922122217558652, 19.41188352058985 ], [ -96.920516662534737, 19.412526466475153 ], [ -96.922916151192325, 19.416354665630184 ], [ -96.920688371819494, 19.41730583545446 ] ] ] } },
{ "type": "Feature", "properties": { "cve_loc": "300380015", "nom_loc": "Pacho Viejo", "consultorios_faltantes": 0.7 }, "geometry": { "type": "Polygon", "coordinates": [ [ [ -96.918606842032176, 19.4887983892758 ], [ -96.912376173730152, 19.48651335866175 ], [ -96.909565494608884, 19.481668700915144 ], [ -96.915533843771243, 19.477212872044024 ], [ -96.920193752634745, 19.476216571783233 ], [ -96.924742999912013, 19.483543340806328 ], [ -96.919801912044662, 19.485977398723087 ], [ -96.921740751934962, 19.48853469909405 ], [ -96.918606842032176, 19.4887983892758 ] ] ] } },
{ "type": "Feature", "properties": { "cve_loc": "300380019", "nom_loc": "Tuzamapan", "consultorios_faltantes": 1.2 }, "geometry": { "type": "Polygon", "coordinates": [ [ [ -96.863640955623737, 19.40859978717172 ], [ -96.862528216357873, 19.409641486994836 ], [ -96.860445396990869, 19.407393717919206 ], [ -96.862015185807977, 19.405064347785597 ], [ -96.859238457987217, 19.405384468206282 ], [ -96.860528706355652, 19.401592918678425 ], [ -96.857747857590624, 19.400220990049849 ], [ -96.860050697963175, 19.397201210087154 ], [ -96.861455616246928, 19.398633990213725 ], [ -96.864070256482265, 19.397166589962307 ], [ -96.863184256817703, 19.395717729712395 ], [ -96.864487765251184, 19.394912381344028 ], [ -96.866355335297484, 19.396393561207521 ], [ -96.865165765389079, 19.39874234906333 ], [ -96.868835935155616, 19.399662439855582 ], [ -96.867376045000455, 19.403919808479841 ], [ -96.868724075332253, 19.40542371860759 ], [ -96.865526306568086, 19.407093607587022 ], [ -96.865648425437982, 19.4111169774676 ], [ -96.863640955623737, 19.40859978717172 ] ] ] } },
{ "type": "Feature", "properties": { "cve_loc": "300390021", "nom_loc": "Allende", "consultorios_faltantes": 0.1 }, "geometry": { "type": "Polygon", "coordinates": [ [ [ -94.392626823231964, 18.159779194419091 ], [ -94.392723373022989, 18.15523811575898 ], [ -94.391237023202521, 18.155296315705062 ], [ -94.39020640353732, 18.147544827343602 ], [ -94.39562985218268, 18.147725077618031 ], [ -94.396764451962426, 18.150149046680347 ], [ -94.396779052607627, 18.159503674689908 ], [ -94.392626823231964, 18.159779194419091 ] ] ] } },
{ "type": "Feature", "properties": { "cve_loc": "300390147", "nom_loc": "Fraccionamiento Ciudad Olmeca", "consultorios_faltantes": 0.1 }, "geometry": { "type": "Polygon", "coordinates": [ [ [ -94.553281620913822, 18.160127104860042 ], [ -94.554000960036873, 18.154396477045822 ], [ -94.555603551124278, 18.154585965860964 ], [ -94.555369411144255, 18.156358915729374 ], [ -94.557866100154101, 18.156646966080025 ], [ -94.557361920049942, 18.160578674260336 ], [ -94.553281620913822, 18.160127104860042 ] ] ] } },
{ "type": "Feature", "properties": { "cve_loc": "300390170", "nom_loc": "Puerto Esmeralda", "consultorios_faltantes": 0.7 }, "geometry": { "type": "Polygon", "coordinates": [ [ [ -94.515349480063492, 18.149944847482416 ], [ -94.515521540855659, 18.148568657044756 ], [ -94.518327880313308, 18.149057017415814 ], [ -94.519886912944031, 18.144854087844525 ], [ -94.521599769001412, 18.145073138952444 ], [ -94.521189729339468, 18.148256448621364 ], [ -94.523196729597785, 18.15148654631632 ], [ -94.518178570305182, 18.150483146634006 ], [ -94.517921390383677, 18.151662287128065 ], [ -94.515349480063492, 18.149944847482416 ] ] ] } },
{ "type": "Feature", "properties": { "cve_loc": "300390178", "nom_loc": "Villa San Martín", "consultorios_faltantes": 0.9 }, "geometry": { "type": "Polygon", "coordinates": [ [ [ -94.540420602542, 18.151575068848143 ], [ -94.544490469352752, 18.152047650961748 ], [ -94.543453440434476, 18.158740918025661 ], [ -94.539594484044827, 18.157913644304092 ], [ -94.540420602542, 18.151575068848143 ] ] ] } },
{ "type": "Feature", "properties": { "cve_loc": "300400001", "nom_loc": "Coatzintla", "consultorios_faltantes": 0.3 }, "geometry": { "type": "Polygon", "coordinates": [ [ [ -97.446356344477962, 20.481355959991983 ], [ -97.44800584419005, 20.475597171247902 ], [ -97.454301502672607, 20.478691420438537 ], [ -97.453985923209956, 20.480798279718542 ], [ -97.446356344477962, 20.481355959991983 ] ] ] } },
{ "type": "Feature", "properties": { "cve_loc": "300440047", "nom_loc": "La Luz Francisco I. Madero (San Román)", "consultorios_faltantes": 0.0 }, "geometry": { "type": "Polygon", "coordinates": [ [ [ -96.967585801652575, 18.885575300939742 ], [ -96.965410301257748, 18.881317193175931 ], [ -96.967957761978141, 18.87986227220491 ], [ -96.968868071442714, 18.884995811433029 ], [ -96.967585801652575, 18.885575300939742 ] ] ] } },
{ "type": "Feature", "properties": { "cve_loc": "300440120", "nom_loc": "El Pueblito (Crucero Nacional)", "consultorios_faltantes": 0.4 }, "geometry": { "type": "Polygon", "coordinates": [ [ [ -96.97127320048007, 18.888523450591421 ], [ -96.971504400248136, 18.882416471419905 ], [ -96.975618048832558, 18.881775651693921 ], [ -96.97543824890974, 18.887402021292626 ], [ -96.97127320048007, 18.888523450591421 ] ] ] } },
{ "type": "Feature", "properties": { "cve_loc": "300470001", "nom_loc": "Coscomatepec de Bravo", "consultorios_faltantes": 0.9 }, "geometry": { "type": "Polygon", "coordinates": [ [ [ -97.044822121737241, 19.083611854327696 ], [ -97.046612601703913, 19.081254424928982 ], [ -97.047120981632077, 19.072451327101508 ], [ -97.058119078728723, 19.070904836968875 ], [ -97.051160710420632, 19.082650664547216 ], [ -97.044822121737241, 19.083611854327696 ] ] ] } },
{ "type": "Feature", "properties": { "cve_loc": "300470026", "nom_loc": "Tetelzingo", "consultorios_faltantes": 0.9 }, "geometry": { "type": "Polygon", "coordinates": [ [ [ -97.147899984530525, 19.055727811226863 ], [ -97.137044947444252, 19.055286920558775 ], [ -97.136172152713428, 19.054002007656656 ], [ -97.140556837433323, 19.050189102918118 ], [ -97.142328367527753, 19.045195889646884 ], [ -97.144013331044846, 19.047464105969347 ], [ -97.148255715584213, 19.048367493610762 ], [ -97.149300819630923, 19.053832234886947 ], [ -97.147899984530525, 19.055727811226863 ] ] ] } },
{ "type": "Feature", "properties": { "cve_loc": "300470036", "nom_loc": "Xocotla", "consultorios_faltantes": 0.6 }, "geometry": { "type": "Polygon", "coordinates": [ [ [ -97.093665139430897, 19.014768680389771 ], [ -97.102077597997379, 19.014351410249628 ], [ -97.104219297003738, 19.015928360586535 ], [ -97.099369068606023, 19.017982709727796 ], [ -97.093684469666044, 19.016984269950274 ], [ -97.093665139430897, 19.014768680389771 ] ] ] } },
{ "type": "Feature", "properties": { "cve_loc": "300480001", "nom_loc": "Cosoleacaque", "consultorios_faltantes": 0.5 }, "geometry": { "type": "Polygon", "coordinates": [ [ [ -94.635611100242485, 18.001962254997 ], [ -94.640784757605459, 17.994710746460441 ], [ -94.652545935113011, 17.989437187968228 ], [ -94.651778479020166, 17.995537656551999 ], [ -94.646698386530574, 17.996752685193357 ], [ -94.642142907610449, 18.001560064566895 ], [ -94.641703048199261, 17.999967314467185 ], [ -94.639588669194723, 17.999369233857344 ], [ -94.639151068236984, 18.001670713923147 ], [ -94.635611100242485, 18.001962254997 ] ] ] } },
{ "type": "Feature", "properties": { "cve_loc": "300480008", "nom_loc": "Coacotla", "consultorios_faltantes": 0.2 }, "geometry": { "type": "Polygon", "coordinates": [ [ [ -94.666465361634664, 17.9380039293831 ], [ -94.669706661291443, 17.936587670227908 ], [ -94.665047092640961, 17.947035927081849 ], [ -94.666283592155779, 17.948514016446392 ], [ -94.662201132917588, 17.946982126991944 ], [ -94.656462124979981, 17.94787203668681 ], [ -94.658517263826383, 17.945488567755792 ], [ -94.657775224602602, 17.937659669655769 ], [ -94.659695643335539, 17.93344274037333 ], [ -94.662124583209774, 17.933891470691734 ], [ -94.666465361634664, 17.9380039293831 ] ] ] } },
{ "type": "Feature", "properties": { "cve_loc": "300480011", "nom_loc": "Estero del Pantano", "consultorios_faltantes": 0.3 }, "geometry": { "type": "Polygon", "coordinates": [ [ [ -94.453229177085092, 18.106513797452671 ], [ -94.448782577808757, 18.102112759929387 ], [ -94.451552078226044, 18.097677100129811 ], [ -94.451398549808218, 18.094008839996039 ], [ -94.447995524379024, 18.091316796204907 ], [ -94.449279685764523, 18.088924628497892 ], [ -94.457544507096799, 18.095795156177296 ], [ -94.458212971508047, 18.094787891321399 ], [ -94.460386454461371, 18.095939603025041 ], [ -94.462091904995191, 18.093474087051149 ], [ -94.462888057412073, 18.09406694071717 ], [ -94.461598045761335, 18.098260639196528 ], [ -94.465759263897425, 18.102029118998278 ], [ -94.465598294214843, 18.103445348736024 ], [ -94.457832155912357, 18.106365557547214 ], [ -94.453229177085092, 18.106513797452671 ] ] ] } },
{ "type": "Feature", "properties": { "cve_loc": "300480024", "nom_loc": "San Pedro Mártir", "consultorios_faltantes": 0.8 }, "geometry": { "type": "Polygon", "coordinates": [ [ [ -94.607311146427563, 17.983806087835617 ], [ -94.599567747931474, 17.98525182800023 ], [ -94.601193827755765, 17.983593658945814 ], [ -94.602799367619795, 17.974033071800534 ], [ -94.614093315967764, 17.974146381667946 ], [ -94.620637534030777, 17.975927460690315 ], [ -94.623933712757292, 17.980711459055993 ], [ -94.611087146488288, 17.987290348200204 ], [ -94.607311146427563, 17.983806087835617 ] ] ] } },
{ "type": "Feature", "properties": { "cve_loc": "300480073", "nom_loc": "Minatitlán", "consultorios_faltantes": 0.2 }, "geometry": { "type": "Polygon", "coordinates": [ [ [ -94.583369153392596, 18.018186050871986 ], [ -94.574014006156091, 18.010280262173328 ], [ -94.584168083583492, 18.007689602870208 ], [ -94.584865122784279, 18.011175021906013 ], [ -94.583369153392596, 18.018186050871986 ] ] ] } },
{ "type": "Feature", "properties": { "cve_loc": "300480286", "nom_loc": "Fraccionamiento los Mangos", "consultorios_faltantes": 0.0 }, "geometry": { "type": "Polygon", "coordinates": [ [ [ -94.614614536300792, 17.97428858224027 ], [ -94.617800872286509, 17.967249884540895 ], [ -94.616702868544408, 17.966832313257015 ], [ -94.617684372101806, 17.964615035829056 ], [ -94.619666523850441, 17.966763338694154 ], [ -94.617815568946185, 17.970696361384213 ], [ -94.619194224218148, 17.970721875275654 ], [ -94.617339092607395, 17.973909558259958 ], [ -94.614614536300792, 17.97428858224027 ] ] ] } },
{ "type": "Feature", "properties": { "cve_loc": "300580001", "nom_loc": "Chicontepec de Tejeda", "consultorios_faltantes": 0.5 }, "geometry": { "type": "Polygon", "coordinates": [ [ [ -98.167206061377371, 20.977074431039021 ], [ -98.166185141942094, 20.970898962328537 ], [ -98.16376780235359, 20.968269713251026 ], [ -98.164729088348778, 20.967559453504656 ], [ -98.182847198076544, 20.971756971972386 ], [ -98.182767444508968, 20.970255642804428 ], [ -98.189099166113763, 20.965552763448073 ], [ -98.188563846259584, 20.96938419271676 ], [ -98.190652355665932, 20.970696422966952 ], [ -98.182345387979936, 20.975419261440642 ], [ -98.170534990932325, 20.973138631577328 ], [ -98.168062621773174, 20.973871291881316 ], [ -98.167206061377371, 20.977074431039021 ] ] ] } },
{ "type": "Feature", "properties": { "cve_loc": "300590001", "nom_loc": "Chinameca", "consultorios_faltantes": 0.1 }, "geometry": { "type": "Polygon", "coordinates": [ [ [ -94.670185456025123, 18.010050988004942 ], [ -94.672121213523695, 17.994354431945311 ], [ -94.676827974891225, 17.992345341299139 ], [ -94.675948885532804, 17.988431458570506 ], [ -94.677197453700117, 17.987539846231215 ], [ -94.67873972459266, 17.995284852191919 ], [ -94.683361835049652, 18.006015867403612 ], [ -94.68257455515112, 18.007219240307357 ], [ -94.679945487553567, 18.00355445981528 ], [ -94.67211829940014, 18.012117232421513 ], [ -94.670185456025123, 18.010050988004942 ] ] ] } },
{ "type": "Feature", "properties": { "cve_loc": "300610001", "nom_loc": "Las Choapas", "consultorios_faltantes": 0.1 }, "geometry": { "type": "Polygon", "coordinates": [ [ [ -94.107974447093071, 17.901294368983109 ], [ -94.104175808625826, 17.894010770108455 ], [ -94.108105367006615, 17.893195091242873 ], [ -94.10883304707086, 17.889396521811726 ], [ -94.113525416088777, 17.889067031321513 ], [ -94.118628310228544, 17.896674164927905 ], [ -94.113271756712791, 17.895982200259972 ], [ -94.110008806724764, 17.898959770445575 ], [ -94.110534386221332, 17.900336009401865 ], [ -94.107974447093071, 17.901294368983109 ] ] ] } },
{ "type": "Feature", "properties": { "cve_loc": "300620001", "nom_loc": "Chocamán", "consultorios_faltantes": 0.9 }, "geometry": { "type": "Polygon", "coordinates": [ [ [ -97.029056055942149, 19.025847327562147 ], [ -97.026893406890949, 19.016388620384436 ], [ -97.022592687244341, 19.01681998008344 ], [ -97.018487728760775, 19.013208131121171 ], [ -97.019121358445503, 19.011955780808595 ], [ -97.021925867994099, 19.010803541234463 ], [ -97.029138636372181, 19.012644960518031 ], [ -97.029120266314507, 19.011058621255525 ], [ -97.031562975313307, 19.011469381545197 ], [ -97.03144109554357, 19.010324141673753 ], [ -97.041294782756978, 19.011836041531001 ], [ -97.036922973846202, 19.012325641320082 ], [ -97.035348374129541, 19.017066559545896 ], [ -97.033872214960027, 19.016773589570551 ], [ -97.030694855437361, 19.026695187926837 ], [ -97.029056055942149, 19.025847327562147 ] ] ] } },
{ "type": "Feature", "properties": { "cve_loc": "300650015", "nom_loc": "La Estanzuela", "consultorios_faltantes": 0.3 }, "geometry": { "type": "Polygon", "coordinates": [ [ [ -96.856070198371356, 19.46697927323445 ], [ -96.855811328137349, 19.462070574603853 ], [ -96.850707079671039, 19.462440404383283 ], [ -96.848247310269059, 19.460346874805975 ], [ -96.851019219525767, 19.46138908451249 ], [ -96.852541219011471, 19.459752424620053 ], [ -96.855471128112498, 19.459948825208365 ], [ -96.856620928051086, 19.456207545499545 ], [ -96.861943676876436, 19.454287146043782 ], [ -96.861277537446199, 19.460052534673412 ], [ -96.863442767089737, 19.462278994359618 ], [ -96.861141387559627, 19.464113023672983 ], [ -96.863942897961081, 19.466466362619492 ], [ -96.860776357544623, 19.466566433181022 ], [ -96.860210957937298, 19.464740313413767 ], [ -96.856070198371356, 19.46697927323445 ] ] ] } },
{ "type": "Feature", "properties": { "cve_loc": "300650169", "nom_loc": "Jacarandas", "consultorios_faltantes": 0.2 }, "geometry": { "type": "Polygon", "coordinates": [ [ [ -96.852841928617664, 19.499300770301399 ], [ -96.846353849769287, 19.494641557557753 ], [ -96.846927140083963, 19.49343859705883 ], [ -96.854826928312875, 19.497982796770284 ], [ -96.853477106723219, 19.49750661650608 ], [ -96.852841928617664, 19.499300770301399 ] ] ] } },
{ "type": "Feature", "properties": { "cve_loc": "300650224", "nom_loc": "La Pradera", "consultorios_faltantes": 0.1 }, "geometry": { "type": "Polygon", "coordinates": [ [ [ -96.85266986908043, 19.50426696748422 ], [ -96.853710566892659, 19.501567991728574 ], [ -96.860992761642507, 19.503340346320606 ], [ -96.856993590494625, 19.503892780523724 ], [ -96.856665019840051, 19.505411016490015 ], [ -96.85266986908043, 19.50426696748422 ] ] ] } },
{ "type": "Feature", "properties": { "cve_loc": "300670001", "nom_loc": "Filomeno Mata", "consultorios_faltantes": 1.4 }, "geometry": { "type": "Polygon", "coordinates": [ [ [ -97.708903061093267, 20.203830704897751 ], [ -97.703243382517243, 20.199335666380009 ], [ -97.702116582944029, 20.196706116889256 ], [ -97.703879122570342, 20.196319317119123 ], [ -97.701043773494334, 20.193302857407968 ], [ -97.703003642797427, 20.194296717081688 ], [ -97.706881291201611, 20.192318507856221 ], [ -97.709750431228542, 20.19305945729495 ], [ -97.709871940859202, 20.195575437092689 ], [ -97.70737555178988, 20.198842516383355 ], [ -97.710067831266812, 20.201693485690086 ], [ -97.708903061093267, 20.203830704897751 ] ] ] } },
{ "type": "Feature", "properties": { "cve_loc": "300680001", "nom_loc": "Fortín de las Flores", "consultorios_faltantes": 0.5 }, "geometry": { "type": "Polygon", "coordinates": [ [ [ -97.002766152826567, 18.912772296547637 ], [ -97.001434163467337, 18.910335158355657 ], [ -97.002705382729772, 18.906606969449694 ], [ -97.001325243391236, 18.906795279477503 ], [ -97.000134963797208, 18.903227838932846 ], [ -97.009425351493419, 18.899813698576342 ], [ -97.009561460805742, 18.902321757744357 ], [ -97.013117160033985, 18.906916387072645 ], [ -97.009406891500888, 18.913728765368816 ], [ -97.010545380431608, 18.915767094263256 ], [ -97.008414521042752, 18.916446155634659 ], [ -97.005739532097408, 18.911644868643211 ], [ -97.002766152826567, 18.912772296547637 ] ] ] } },
{ "type": "Feature", "properties": { "cve_loc": "300680011", "nom_loc": "Monte Blanco", "consultorios_faltantes": 0.2 }, "geometry": { "type": "Polygon", "coordinates": [ [ [ -97.011855380849454, 18.963477772099818 ], [ -97.016439749686526, 18.957667604000196 ], [ -97.018010439095335, 18.958798063477573 ], [ -97.019233988418648, 18.957330034255904 ], [ -97.018882918600141, 18.959436823678661 ], [ -97.022629488025018, 18.962157142467369 ], [ -97.020563348068066, 18.9676499226969 ], [ -97.011855380849454, 18.963477772099818 ] ] ] } },
{ "type": "Feature", "properties": { "cve_loc": "300680023", "nom_loc": "San Marcial", "consultorios_faltantes": 0.1 }, "geometry": { "type": "Polygon", "coordinates": [ [ [ -96.966582302206689, 18.916803403426307 ], [ -96.963044073039626, 18.913193064385098 ], [ -96.96417071294708, 18.911422955063802 ], [ -96.965064992727292, 18.913005814027631 ], [ -96.965863632232512, 18.910950874769433 ], [ -96.969676191325618, 18.91464580361686 ], [ -96.966582302206689, 18.916803403426307 ] ] ] } },
{ "type": "Feature", "properties": { "cve_loc": "300680032", "nom_loc": "Córdoba (Santa Leticia)", "consultorios_faltantes": 0.3 }, "geometry": { "type": "Polygon", "coordinates": [ [ [ -96.980756737136801, 18.915052904520806 ], [ -96.974643588701241, 18.913183265240974 ], [ -96.977078469527797, 18.909674006346876 ], [ -96.972358499323676, 18.904584967146715 ], [ -96.968068821853052, 18.903453126892625 ], [ -96.969670590352933, 18.9001670778663 ], [ -96.983560536802159, 18.902808366566944 ], [ -96.983216736766209, 18.907180476398327 ], [ -96.987725636109857, 18.913420692925175 ], [ -96.985306888003748, 18.916130083289382 ], [ -96.983541876469971, 18.914998435013732 ], [ -96.982416468383803, 18.916913503327358 ], [ -96.980756737136801, 18.915052904520806 ] ] ] } },
{ "type": "Feature", "properties": { "cve_loc": "300710001", "nom_loc": "Huatusco de Chicuellar", "consultorios_faltantes": 1.5 }, "geometry": { "type": "Polygon", "coordinates": [ [ [ -96.966652101043422, 19.155003746810703 ], [ -96.965582102154627, 19.153868007203631 ], [ -96.966586221476675, 19.14756889849453 ], [ -96.983577388064916, 19.146386610289742 ], [ -96.983508292633104, 19.147469193701767 ], [ -96.981377351307842, 19.147203601521618 ], [ -96.979630738532634, 19.152189178093106 ], [ -96.973807880003307, 19.151493498278271 ], [ -96.972725699442648, 19.154964078351529 ], [ -96.966652101043422, 19.155003746810703 ] ] ] } },
{ "type": "Feature", "properties": { "cve_loc": "300810002", "nom_loc": "Unión y Progreso", "consultorios_faltantes": 0.5 }, "geometry": { "type": "Polygon", "coordinates": [ [ [ -97.110756845789439, 18.871347455583738 ], [ -97.118147993123998, 18.867532845404735 ], [ -97.118599352200121, 18.870342915088148 ], [ -97.117417212502275, 18.87087753511355 ], [ -97.121145211899702, 18.876538334015621 ], [ -97.115096533364493, 18.877386173448311 ], [ -97.110756845789439, 18.871347455583738 ] ] ] } },
{ "type": "Feature", "properties": { "cve_loc": "300820001", "nom_loc": "Ixhuatlán del Sureste", "consultorios_faltantes": 0.1 }, "geometry": { "type": "Polygon", "coordinates": [ [ [ -94.385759975175901, 18.025327317704136 ], [ -94.381519535156968, 18.02311217942777 ], [ -94.38813029473846, 18.021061780131834 ], [ -94.396319482892764, 18.02594193020732 ], [ -94.399629330985221, 18.025525918926569 ], [ -94.4016715695697, 18.026529618535871 ], [ -94.400539511661563, 18.031470376757721 ], [ -94.393977032077984, 18.03132539750694 ], [ -94.391199662345443, 18.025814397535601 ], [ -94.385759975175901, 18.025327317704136 ] ] ] } },
{ "type": "Feature", "properties": { "cve_loc": "300850001", "nom_loc": "Ixtaczoquitlán", "consultorios_faltantes": 0.2 }, "geometry": { "type": "Polygon", "coordinates": [ [ [ -97.063842717465107, 18.8564831180135 ], [ -97.064663477594081, 18.85281759847458 ], [ -97.069573005250589, 18.853025289172223 ], [ -97.067972886022432, 18.85937928752826 ], [ -97.06510165724751, 18.859985247122239 ], [ -97.063842717465107, 18.8564831180135 ] ] ] } },
{ "type": "Feature", "properties": { "cve_loc": "300850006", "nom_loc": "Capoluca", "consultorios_faltantes": 0.0 }, "geometry": { "type": "Polygon", "coordinates": [ [ [ -97.029018101447235, 18.811184269167086 ], [ -97.023557898156241, 18.803830297510263 ], [ -97.028273220585632, 18.801773652112743 ], [ -97.031196827594513, 18.803591627315765 ], [ -97.029555315975159, 18.804729119851427 ], [ -97.029018101447235, 18.811184269167086 ] ] ] } },
{ "type": "Feature", "properties": { "cve_loc": "300850035", "nom_loc": "Tuxpanguillo", "consultorios_faltantes": 0.3 }, "geometry": { "type": "Polygon", "coordinates": [ [ [ -97.007191291695136, 18.793816102492769 ], [ -97.004468381311924, 18.789945864338783 ], [ -97.006819071123843, 18.789400764837605 ], [ -97.00850590012945, 18.785943275496216 ], [ -97.010393180340571, 18.785273865946507 ], [ -97.00617735146605, 18.786114124823403 ], [ -97.006258952099373, 18.783808954774386 ], [ -97.011466840974762, 18.781560496847284 ], [ -97.008146550419397, 18.774403614692837 ], [ -97.011102274686763, 18.773899904890047 ], [ -97.010964819949223, 18.777641327399845 ], [ -97.019773777479998, 18.781973586557307 ], [ -97.013531609895381, 18.78665806556079 ], [ -97.008639901104374, 18.793814392944618 ], [ -97.007191291695136, 18.793816102492769 ] ] ] } },
{ "type": "Feature", "properties": { "cve_loc": "300860001", "nom_loc": "Jalacingo", "consultorios_faltantes": 0.9 }, "geometry": { "type": "Polygon", "coordinates": [ [ [ -97.306624563801677, 19.806922775579196 ], [ -97.307102383873215, 19.805501855842259 ], [ -97.303339534084074, 19.804506716029234 ], [ -97.303711193780842, 19.802972546634351 ], [ -97.305603513105666, 19.803389725847495 ], [ -97.309835733229704, 19.790927558656502 ], [ -97.313345942213317, 19.791837728606655 ], [ -97.313276241835993, 19.797367057062022 ], [ -97.315098181659152, 19.799719696982876 ], [ -97.31347728178649, 19.802217636112076 ], [ -97.315615731457839, 19.805106465517746 ], [ -97.31325196207257, 19.805632625581985 ], [ -97.312908472245411, 19.807136395437404 ], [ -97.306624563801677, 19.806922775579196 ] ] ] } },
{ "type": "Feature", "properties": { "cve_loc": "300870018", "nom_loc": "El Castillo", "consultorios_faltantes": 0.3 }, "geometry": { "type": "Polygon", "coordinates": [ [ [ -96.875959022145267, 19.553066123676597 ], [ -96.870518643360157, 19.549711313607538 ], [ -96.870005993507988, 19.551545234381983 ], [ -96.865706814437402, 19.549464013823211 ], [ -96.865463195297593, 19.550759514628819 ], [ -96.861027656524769, 19.551842323574338 ], [ -96.865030955447267, 19.54547832580154 ], [ -96.872531724360542, 19.544879615300552 ], [ -96.878940721640689, 19.548978664649098 ], [ -96.879209866691994, 19.550363188413201 ], [ -96.876767035066322, 19.55102203684622 ], [ -96.875959022145267, 19.553066123676597 ] ] ] } },
{ "type": "Feature", "properties": { "cve_loc": "300870086", "nom_loc": "Colonia Santa Bárbara", "consultorios_faltantes": 0.2 }, "geometry": { "type": "Polygon", "coordinates": [ [ [ -96.878922242674577, 19.505756265392549 ], [ -96.871426564356398, 19.502601845265637 ], [ -96.872320523055578, 19.500504766768366 ], [ -96.875335013208101, 19.50101455664268 ], [ -96.8755099235469, 19.496727956476747 ], [ -96.877149753497378, 19.499591185714433 ], [ -96.878870191713972, 19.498208397034631 ], [ -96.880077939900673, 19.499461449597213 ], [ -96.879207682221121, 19.501029637593927 ], [ -96.882902298651601, 19.502073186491149 ], [ -96.878922242674577, 19.505756265392549 ] ] ] } },
{ "type": "Feature", "properties": { "cve_loc": "300880001", "nom_loc": "Jalcomulco", "consultorios_faltantes": 0.1 }, "geometry": { "type": "Polygon", "coordinates": [ [ [ -96.763592500938657, 19.338854623594386 ], [ -96.757004514984331, 19.334635702349647 ], [ -96.758076253660349, 19.330185466152141 ], [ -96.761028882658337, 19.329767605607 ], [ -96.766194421454585, 19.331695974631618 ], [ -96.768502681131039, 19.32787013704419 ], [ -96.773305579430158, 19.331079504734991 ], [ -96.774098118201749, 19.333337515340727 ], [ -96.765746700777541, 19.333397825885882 ], [ -96.763592500938657, 19.338854623594386 ] ] ] } },
{ "type": "Feature", "properties": { "cve_loc": "300890001", "nom_loc": "Jáltipan de Morelos", "consultorios_faltantes": 0.1 }, "geometry": { "type": "Polygon", "coordinates": [ [ [ -94.726000486533749, 17.963747153823942 ], [ -94.71393176980348, 17.959952494345696 ], [ -94.715813338715947, 17.959429393665559 ], [ -94.714715919798238, 17.957745354738229 ], [ -94.727283916255644, 17.958209584596009 ], [ -94.725551146618642, 17.960881704167473 ], [ -94.726000486533749, 17.963747153823942 ] ] ] } },
{ "type": "Feature", "properties": { "cve_loc": "300920001", "nom_loc": "Xico", "consultorios_faltantes": 0.5 }, "geometry": { "type": "Polygon", "coordinates": [ [ [ -97.011693458502037, 19.431750552971831 ], [ -97.007116580461641, 19.430782953373697 ], [ -97.002792061667918, 19.425492003667607 ], [ -97.001527321464792, 19.425592313579568 ], [ -97.003924689917355, 19.416404776663882 ], [ -97.006607590006794, 19.417230916579779 ], [ -97.00864152037019, 19.416224086821014 ], [ -97.010451390029559, 19.417565045253291 ], [ -97.00765245978026, 19.425163694190175 ], [ -97.011693458502037, 19.431750552971831 ] ] ] } },
{ "type": "Feature", "properties": { "cve_loc": "300920012", "nom_loc": "San Marcos de León (San Marcos)", "consultorios_faltantes": 0.6 }, "geometry": { "type": "Polygon", "coordinates": [ [ [ -96.960081082073458, 19.419828574375792 ], [ -96.961336282122318, 19.418053925261155 ], [ -96.96296230180063, 19.41886368451593 ], [ -96.963367221765267, 19.415790785973758 ], [ -96.966599500370478, 19.417902635444211 ], [ -96.967767730585663, 19.415368145493222 ], [ -96.969013470544709, 19.416299645866978 ], [ -96.964962231111784, 19.425052143256011 ], [ -96.960718932420917, 19.424717033859395 ], [ -96.961216391803404, 19.420514314716712 ], [ -96.960081082073458, 19.419828574375792 ] ] ] } },
{ "type": "Feature", "properties": { "cve_loc": "300930001", "nom_loc": "Jilotepec", "consultorios_faltantes": 0.4 }, "geometry": { "type": "Polygon", "coordinates": [ [ [ -96.94865896383061, 19.613426219136471 ], [ -96.941880936264837, 19.615066619018332 ], [ -96.943031776311614, 19.61198710085467 ], [ -96.947749254795923, 19.611609990905325 ], [ -96.947689544308631, 19.606397471339506 ], [ -96.951660804018402, 19.603973671888514 ], [ -96.953165273399506, 19.607925421550224 ], [ -96.951443792550947, 19.609166841188035 ], [ -96.958555102085171, 19.61241482003005 ], [ -96.959802401960275, 19.614259100039611 ], [ -96.956552162247206, 19.61312592967948 ], [ -96.952364232235894, 19.615728669459315 ], [ -96.94865896383061, 19.613426219136471 ] ] ] } },
{ "type": "Feature", "properties": { "cve_loc": "300990001", "nom_loc": "Maltrata", "consultorios_faltantes": 0.4 }, "geometry": { "type": "Polygon", "coordinates": [ [ [ -97.272743204402744, 18.818957426871936 ], [ -97.271063325125425, 18.810881869323342 ], [ -97.281380771337155, 18.808215809566008 ], [ -97.281643822173038, 18.811210299165058 ], [ -97.275808603810262, 18.814439028126639 ], [ -97.276526193710325, 18.819839286872401 ], [ -97.272743204402744, 18.818957426871936 ] ] ] } },
{ "type": "Feature", "properties": { "cve_loc": "301010018", "nom_loc": "Palmira", "consultorios_faltantes": 0.1 }, "geometry": { "type": "Polygon", "coordinates": [ [ [ -97.10768436607691, 18.88465907088386 ], [ -97.106227957103215, 18.881681852059053 ], [ -97.108253136193326, 18.877421612739628 ], [ -97.11078352573999, 18.880504532215301 ], [ -97.110339675534988, 18.884133961450569 ], [ -97.10768436607691, 18.88465907088386 ] ] ] } },
{ "type": "Feature", "properties": { "cve_loc": "301020001", "nom_loc": "Martínez de la Torre", "consultorios_faltantes": 0.0 }, "geometry": { "type": "Polygon", "coordinates": [ [ [ -97.062344773940964, 20.064867693893078 ], [ -97.064721333646133, 20.06075542485981 ], [ -97.067896682111254, 20.059906235590717 ], [ -97.069392282081949, 20.062430764527498 ], [ -97.065994932879548, 20.064707594283202 ], [ -97.067227512517945, 20.069373483109842 ], [ -97.063436133194287, 20.071327202217319 ], [ -97.060113284765848, 20.065914193407711 ], [ -97.062344773940964, 20.064867693893078 ] ] ] } },
{ "type": "Feature", "properties": { "cve_loc": "301040008", "nom_loc": "Huazuntlán", "consultorios_faltantes": 0.1 }, "geometry": { "type": "Polygon", "coordinates": [ [ [ -94.791072928360663, 18.153433166746627 ], [ -94.792551178571983, 18.151275796928239 ], [ -94.794838358739028, 18.151321886813292 ], [ -94.79725980651645, 18.155206346703338 ], [ -94.801276175839121, 18.155207415614132 ], [ -94.802282871022214, 18.156853551785019 ], [ -94.801212821080512, 18.159854982779457 ], [ -94.797801837199529, 18.160673675568436 ], [ -94.797878856415679, 18.162802223741608 ], [ -94.79273902941911, 18.161881274097635 ], [ -94.792086148649716, 18.160349444582021 ], [ -94.787848518712892, 18.160633955020099 ], [ -94.787812030439753, 18.15872918522679 ], [ -94.78483672120494, 18.158183916350207 ], [ -94.788625470058065, 18.151115677119549 ], [ -94.791072928360663, 18.153433166746627 ] ] ] } },
{ "type": "Feature", "properties": { "cve_loc": "301050271", "nom_loc": "Fraccionamiento Arboledas San Ramón", "consultorios_faltantes": 0.5 }, "geometry": { "type": "Polygon", "coordinates": [ [ [ -96.152734367613149, 19.092298770565179 ], [ -96.161137935479942, 19.095733159169594 ], [ -96.160431676140803, 19.09839916896626 ], [ -96.150810608880548, 19.095937939710101 ], [ -96.152734367613149, 19.092298770565179 ] ] ] } },
{ "type": "Feature", "properties": { "cve_loc": "301050273", "nom_loc": "Fraccionamiento Puente Moreno", "consultorios_faltantes": 0.6 }, "geometry": { "type": "Polygon", "coordinates": [ [ [ -96.1560711968026, 19.108886336690819 ], [ -96.154254027976535, 19.107265486860594 ], [ -96.15518167768073, 19.100467058351242 ], [ -96.159311636696543, 19.102945057619262 ], [ -96.157882117083489, 19.108086877413161 ], [ -96.1560711968026, 19.108886336690819 ] ] ] } },
{ "type": "Feature", "properties": { "cve_loc": "301050291", "nom_loc": "Fraccionamiento Arboledas de San Miguel", "consultorios_faltantes": 0.5 }, "geometry": { "type": "Polygon", "coordinates": [ [ [ -96.177180204431579, 19.084066818580819 ], [ -96.178220348223391, 19.082628421661688 ], [ -96.184936597477133, 19.08832659007123 ], [ -96.181728676143862, 19.08991839244457 ], [ -96.177206473556666, 19.087464780374152 ], [ -96.178290085671307, 19.084945228543596 ], [ -96.177180204431579, 19.084066818580819 ] ] ] } },
{ "type": "Feature", "properties": { "cve_loc": "301060001", "nom_loc": "Miahuatlán", "consultorios_faltantes": 0.2 }, "geometry": { "type": "Polygon", "coordinates": [ [ [ -96.868156724081331, 19.71104339573867 ], [ -96.867889414726321, 19.708380776877533 ], [ -96.863820215413767, 19.703382257834253 ], [ -96.862745496248195, 19.693479650406477 ], [ -96.864479965320342, 19.69169403017143 ], [ -96.869277493833309, 19.70463451703867 ], [ -96.875583442161187, 19.706914577059646 ], [ -96.876570052177968, 19.711667115393027 ], [ -96.874598723270537, 19.713644374975775 ], [ -96.870262693933853, 19.713038645310899 ], [ -96.868156724081331, 19.71104339573867 ] ] ] } },
{ "type": "Feature", "properties": { "cve_loc": "301080001", "nom_loc": "Minatitlán", "consultorios_faltantes": 0.4 }, "geometry": { "type": "Polygon", "coordinates": [ [ [ -94.530503927535506, 18.010337651226024 ], [ -94.528301508330657, 18.008352002094085 ], [ -94.529144617321919, 18.000716743743766 ], [ -94.531494987347699, 17.998168684476301 ], [ -94.53418273622691, 17.998777954611189 ], [ -94.539028104787462, 17.993805155489916 ], [ -94.543081793699514, 17.994249355737605 ], [ -94.542407014096341, 17.998199894321321 ], [ -94.539981354435284, 17.998712464090751 ], [ -94.54123944456947, 17.999503653926979 ], [ -94.538696565120162, 18.003479782932079 ], [ -94.540069735247286, 18.004116892886859 ], [ -94.538419595668628, 18.007779432085574 ], [ -94.535977016153026, 18.010750771747112 ], [ -94.530503927535506, 18.010337651226024 ] ] ] } },
{ "type": "Feature", "properties": { "cve_loc": "301090001", "nom_loc": "Misantla", "consultorios_faltantes": 0.6 }, "geometry": { "type": "Polygon", "coordinates": [ [ [ -96.852199907767329, 19.933460563938368 ], [ -96.854578476576364, 19.925303365816227 ], [ -96.855885386378418, 19.923956025651236 ], [ -96.858784795777552, 19.925014146106033 ], [ -96.858094555125689, 19.928553194603779 ], [ -96.860985725102921, 19.930302314210731 ], [ -96.860529255775617, 19.931370144236126 ], [ -96.857877995691084, 19.92977414442808 ], [ -96.856787765971134, 19.935631893157641 ], [ -96.852199907767329, 19.933460563938368 ] ] ] } },
{ "type": "Feature", "properties": { "cve_loc": "301120001", "nom_loc": "Naolinco de Victoria", "consultorios_faltantes": 0.2 }, "geometry": { "type": "Polygon", "coordinates": [ [ [ -96.871027757485493, 19.664950704530554 ], [ -96.871549723373363, 19.657699808839986 ], [ -96.877774722768265, 19.650838180349627 ], [ -96.877843331470245, 19.653769058979258 ], [ -96.879465221269072, 19.654038119380633 ], [ -96.877937842500245, 19.655626609152936 ], [ -96.879319391278898, 19.656325979018913 ], [ -96.87921678154045, 19.659456978487025 ], [ -96.875112022125251, 19.660426958392566 ], [ -96.87307664246454, 19.662224118742557 ], [ -96.873272182915656, 19.664590186577399 ], [ -96.871027757485493, 19.664950704530554 ] ] ] } },
{ "type": "Feature", "properties": { "cve_loc": "301150001", "nom_loc": "Nogales", "consultorios_faltantes": 0.5 }, "geometry": { "type": "Polygon", "coordinates": [ [ [ -97.172132049910502, 18.817968127781924 ], [ -97.167486250365585, 18.811287379645144 ], [ -97.166156660734202, 18.812317549421799 ], [ -97.167762571143996, 18.806525489983059 ], [ -97.170115821024851, 18.809710790308326 ], [ -97.17449637856285, 18.809124320107792 ], [ -97.173841259976939, 18.810685888947511 ], [ -97.176832397609985, 18.813870098224637 ], [ -97.175374029754963, 18.814604838963263 ], [ -97.177158483115491, 18.815874678994501 ], [ -97.172132049910502, 18.817968127781924 ] ] ] } },
{ "type": "Feature", "properties": { "cve_loc": "301160001", "nom_loc": "Oluta", "consultorios_faltantes": 0.1 }, "geometry": { "type": "Polygon", "coordinates": [ [ [ -94.898323661886977, 17.928173173073255 ], [ -94.898936230434487, 17.924842933440875 ], [ -94.896893381563416, 17.924624282442618 ], [ -94.897407000165316, 17.923388777574925 ], [ -94.903339100493213, 17.924934743168382 ], [ -94.904815377241462, 17.928501186543055 ], [ -94.902115549609732, 17.930257742371971 ], [ -94.901317930284762, 17.936107439941935 ], [ -94.897347582229045, 17.935567170149728 ], [ -94.898982490871617, 17.929467881372478 ], [ -94.897748241373222, 17.929125422669873 ], [ -94.899319960836038, 17.928382682359956 ], [ -94.898323661886977, 17.928173173073255 ] ] ] } },
{ "type": "Feature", "properties": { "cve_loc": "301200001", "nom_loc": "Oteapan", "consultorios_faltantes": 0.0 }, "geometry": { "type": "Polygon", "coordinates": [ [ [ -94.663335982338793, 18.006357063685325 ], [ -94.66205292174179, 17.996633374939417 ], [ -94.672313308530505, 17.993057083264247 ], [ -94.67031033190537, 18.006583445484178 ], [ -94.663335982338793, 18.006357063685325 ] ] ] } },
{ "type": "Feature", "properties": { "cve_loc": "301220001", "nom_loc": "Pajapan", "consultorios_faltantes": 0.1 }, "geometry": { "type": "Polygon", "coordinates": [ [ [ -94.684780349004612, 18.271048036298119 ], [ -94.686705865472547, 18.268892709113889 ], [ -94.686224465408216, 18.266340509716365 ], [ -94.690564205413978, 18.266265789625553 ], [ -94.691719084671249, 18.263218219253226 ], [ -94.692290184120367, 18.265254309760628 ], [ -94.696588093949956, 18.265423848660287 ], [ -94.696013183587638, 18.269308028715564 ], [ -94.687248329269593, 18.269464604289993 ], [ -94.684780349004612, 18.271048036298119 ] ] ] } },
{ "type": "Feature", "properties": { "cve_loc": "301230001", "nom_loc": "Pánuco", "consultorios_faltantes": 0.0 }, "geometry": { "type": "Polygon", "coordinates": [ [ [ -98.17383809762066, 22.052601209182882 ], [ -98.167179700516911, 22.04669199012703 ], [ -98.171385753023714, 22.047250522033355 ], [ -98.17300978875565, 22.046137808682261 ], [ -98.174838094643874, 22.048438408957296 ], [ -98.179264352041258, 22.045120647339512 ], [ -98.184613475624005, 22.045246521715889 ], [ -98.183454107121946, 22.047665840683553 ], [ -98.179834807173123, 22.048830191337426 ], [ -98.178567957582658, 22.055412379090892 ], [ -98.175515908786579, 22.056245608151791 ], [ -98.17383809762066, 22.052601209182882 ] ] ] } },
{ "type": "Feature", "properties": { "cve_loc": "301240001", "nom_loc": "Papantla de Olarte", "consultorios_faltantes": 0.3 }, "geometry": { "type": "Polygon", "coordinates": [ [ [ -97.323300496183904, 20.454946004799741 ], [ -97.324627705380522, 20.452719655297106 ], [ -97.323026815649371, 20.451954625990076 ], [ -97.32304617583884, 20.449186936241443 ], [ -97.32538635577319, 20.445513686915703 ], [ -97.326309005043797, 20.449465845906015 ], [ -97.329017984713175, 20.449986705676306 ], [ -97.334698533345232, 20.456634194182939 ], [ -97.332352923672531, 20.45463251553689 ], [ -97.328815233896393, 20.454947574741862 ], [ -97.326931385380846, 20.45690127515449 ], [ -97.325993095170432, 20.455157874466618 ], [ -97.323300496183904, 20.454946004799741 ] ] ] } },
{ "type": "Feature", "properties": { "cve_loc": "301270001", "nom_loc": "La Perla", "consultorios_faltantes": 0.3 }, "geometry": { "type": "Polygon", "coordinates": [ [ [ -97.132246319648388, 18.932182889876287 ], [ -97.131885750142217, 18.923404561738028 ], [ -97.135168658755987, 18.922786302854202 ], [ -97.136869608192441, 18.931434460215005 ], [ -97.132246319648388, 18.932182889876287 ] ] ] } },
{ "type": "Feature", "properties": { "cve_loc": "301280001", "nom_loc": "Perote", "consultorios_faltantes": 0.3 }, "geometry": { "type": "Polygon", "coordinates": [ [ [ -97.241771060920001, 19.557135013566011 ], [ -97.23740110215121, 19.547386655944759 ], [ -97.239732201878937, 19.545222486052385 ], [ -97.244681629567822, 19.553834664887223 ], [ -97.241771060920001, 19.557135013566011 ] ] ] } },
{ "type": "Feature", "properties": { "cve_loc": "301320001", "nom_loc": "Las Vigas de Ramírez", "consultorios_faltantes": 0.6 }, "geometry": { "type": "Polygon", "coordinates": [ [ [ -97.094056927863363, 19.642888922684612 ], [ -97.096615096365269, 19.638984524856543 ], [ -97.102363794756599, 19.637186733887873 ], [ -97.100947246022884, 19.634497415610891 ], [ -97.101939895626728, 19.632963614863915 ], [ -97.111116473335201, 19.634728954352465 ], [ -97.11985183308434, 19.631820045027464 ], [ -97.117315351942551, 19.635422065224279 ], [ -97.118917380919953, 19.63618906575811 ], [ -97.113358854773494, 19.637007498801445 ], [ -97.113239692881479, 19.644666473378582 ], [ -97.103855595783486, 19.643961132279912 ], [ -97.101066786088467, 19.645650782462631 ], [ -97.096915386079147, 19.642493763892013 ], [ -97.094056927863363, 19.642888922684612 ] ] ] } },
{ "type": "Feature", "properties": { "cve_loc": "301330001", "nom_loc": "Cd. Cuauhtémoc", "consultorios_faltantes": 0.1 }, "geometry": { "type": "Polygon", "coordinates": [ [ [ -97.835355150632012, 22.194780033652723 ], [ -97.83016856206099, 22.194004553611315 ], [ -97.829795232797409, 22.18788760494532 ], [ -97.832507272037503, 22.186434725259293 ], [ -97.836963060276247, 22.187345315361195 ], [ -97.840397579866618, 22.19522566309297 ], [ -97.83755553075197, 22.197188433481877 ], [ -97.835355150632012, 22.194780033652723 ] ] ] } },
{ "type": "Feature", "properties": { "cve_loc": "301330017", "nom_loc": "Benito Juárez", "consultorios_faltantes": 0.1 }, "geometry": { "type": "Polygon", "coordinates": [ [ [ -97.836181830366357, 22.202500781509549 ], [ -97.84380294919994, 22.19878666295423 ], [ -97.84549482891407, 22.200553852391256 ], [ -97.845780488159846, 22.207035880540051 ], [ -97.844152717904166, 22.207230941241502 ], [ -97.843382919274305, 22.204863061327167 ], [ -97.836181830366357, 22.202500781509549 ] ] ] } },
{ "type": "Feature", "properties": { "cve_loc": "301350001", "nom_loc": "Rafael Delgado", "consultorios_faltantes": 0.4 }, "geometry": { "type": "Polygon", "coordinates": [ [ [ -97.06683304639823, 18.812508728585687 ], [ -97.069769475707815, 18.810297918654953 ], [ -97.069665485656884, 18.805504779859685 ], [ -97.072172245031723, 18.804669699751596 ], [ -97.073425255514351, 18.808240188910343 ], [ -97.075349375060611, 18.80811972934173 ], [ -97.073928514906257, 18.81009702892289 ], [ -97.07617724406434, 18.809783039040436 ], [ -97.074369515225314, 18.813074068158034 ], [ -97.070536305650563, 18.813423457872243 ], [ -97.069226135756168, 18.815161298099007 ], [ -97.06683304639823, 18.812508728585687 ] ] ] } },
{ "type": "Feature", "properties": { "cve_loc": "301350002", "nom_loc": "Jalapilla", "consultorios_faltantes": 1.0 }, "geometry": { "type": "Polygon", "coordinates": [ [ [ -97.085582071944316, 18.826259005494951 ], [ -97.078344573710083, 18.81815469743654 ], [ -97.083268672234993, 18.816243007821434 ], [ -97.085862561459336, 18.817412097716996 ], [ -97.090481499740434, 18.815307778073201 ], [ -97.095395959097985, 18.818631556516262 ], [ -97.093563110080851, 18.818703177958671 ], [ -97.091989399823092, 18.822870007081789 ], [ -97.092703100155077, 18.824638626387451 ], [ -97.090959820325097, 18.823345516701885 ], [ -97.085582071944316, 18.826259005494951 ] ] ] } },
{ "type": "Feature", "properties": { "cve_loc": "301360001", "nom_loc": "Rafael Lucio", "consultorios_faltantes": 0.7 }, "geometry": { "type": "Polygon", "coordinates": [ [ [ -96.983708888967755, 19.594303370758084 ], [ -96.987359614776537, 19.586322735830823 ], [ -96.989536993783233, 19.58991248436821 ], [ -96.990716102972058, 19.588266334787644 ], [ -96.994966951191742, 19.59056899675404 ], [ -96.989464876517815, 19.602498031665661 ], [ -96.988520598823712, 19.60011419247806 ], [ -96.984326334288994, 19.598740733836674 ], [ -96.983708888967755, 19.594303370758084 ] ] ] } },
{ "type": "Feature", "properties": { "cve_loc": "301380001", "nom_loc": "Río Blanco", "consultorios_faltantes": 0.9 }, "geometry": { "type": "Polygon", "coordinates": [ [ [ -97.110439585650724, 18.832177623925077 ], [ -97.113335904394319, 18.828754655159365 ], [ -97.117227384496942, 18.828951954179569 ], [ -97.120617993434124, 18.83139085358939 ], [ -97.116837324307141, 18.837126142710769 ], [ -97.113225904714426, 18.837146232401007 ], [ -97.113294725138616, 18.83506714321879 ], [ -97.110439585650724, 18.832177623925077 ] ] ] } },
{ "type": "Feature", "properties": { "cve_loc": "301410001", "nom_loc": "San Andrés Tuxtla", "consultorios_faltantes": 0.1 }, "geometry": { "type": "Polygon", "coordinates": [ [ [ -95.215488239288788, 18.456902411973864 ], [ -95.213978519912899, 18.456100692870457 ], [ -95.21723551875057, 18.45391792284094 ], [ -95.221134778408697, 18.456568612270079 ], [ -95.221034777896051, 18.46026061152768 ], [ -95.21494993003985, 18.459209801514181 ], [ -95.215488239288788, 18.456902411973864 ] ] ] } },
{ "type": "Feature", "properties": { "cve_loc": "301430001", "nom_loc": "Santiago Tuxtla", "consultorios_faltantes": 0.2 }, "geometry": { "type": "Polygon", "coordinates": [ [ [ -95.294791769449049, 18.475684257700806 ], [ -95.29563090885577, 18.472112399400228 ], [ -95.293685728160156, 18.471226968500453 ], [ -95.295064077623366, 18.468296370620372 ], [ -95.292709200070789, 18.470311749373167 ], [ -95.290588590231977, 18.467640039281999 ], [ -95.297797998125716, 18.464339000807993 ], [ -95.297858737184114, 18.465920829741147 ], [ -95.299285107970135, 18.46551200095837 ], [ -95.300490798049637, 18.467278710306136 ], [ -95.298007767646212, 18.470321799606811 ], [ -95.298445026944819, 18.473444109081395 ], [ -95.296259297393362, 18.477519856882079 ], [ -95.294791769449049, 18.475684257700806 ] ] ] } },
{ "type": "Feature", "properties": { "cve_loc": "301440001", "nom_loc": "Sayula de Alemán", "consultorios_faltantes": 0.6 }, "geometry": { "type": "Polygon", "coordinates": [ [ [ -94.959063366331051, 17.880256583168329 ], [ -94.960084474809179, 17.880789313865439 ], [ -94.965928915615123, 17.876125007993725 ], [ -94.968878484712917, 17.88317252631046 ], [ -94.966196443885863, 17.882228552721109 ], [ -94.960428675676127, 17.883255462591372 ], [ -94.957774055789912, 17.886429481579722 ], [ -94.956934676338847, 17.884676983209083 ], [ -94.959063366331051, 17.880256583168329 ] ] ] } },
{ "type": "Feature", "properties": { "cve_loc": "301470005", "nom_loc": "Atzompa", "consultorios_faltantes": 0.5 }, "geometry": { "type": "Polygon", "coordinates": [ [ [ -97.180591836916193, 18.742553125969881 ], [ -97.176760708846032, 18.742659764887215 ], [ -97.17487577986671, 18.739859246051456 ], [ -97.17407096974253, 18.735405936653059 ], [ -97.175356109137383, 18.726592319039547 ], [ -97.179837488167536, 18.72088244993866 ], [ -97.185381416618412, 18.722396119571293 ], [ -97.189621346179734, 18.717116340915066 ], [ -97.189456685645538, 18.714765351707154 ], [ -97.200525393094182, 18.714200411876178 ], [ -97.202713192399159, 18.720241920540946 ], [ -97.181147426982989, 18.743733914554319 ], [ -97.180591836916193, 18.742553125969881 ] ] ] } },
{ "type": "Feature", "properties": { "cve_loc": "301490019", "nom_loc": "Morelos", "consultorios_faltantes": 0.1 }, "geometry": { "type": "Polygon", "coordinates": [ [ [ -94.948185219080401, 18.18474838832724 ], [ -94.947542708851728, 18.174416421032152 ], [ -94.949117969013244, 18.173330741480008 ], [ -94.952047948261907, 18.174132071305714 ], [ -94.952814247970366, 18.184803338819972 ], [ -94.948185219080401, 18.18474838832724 ] ] ] } },
{ "type": "Feature", "properties": { "cve_loc": "301590001", "nom_loc": "Tehuipango", "consultorios_faltantes": 0.0 }, "geometry": { "type": "Polygon", "coordinates": [ [ [ -97.061145998466429, 18.520855617222626 ], [ -97.051491231077378, 18.521484817707961 ], [ -97.050496920942422, 18.519813647637701 ], [ -97.052948970601832, 18.516783428161393 ], [ -97.051283310902448, 18.513290529135485 ], [ -97.057500999589038, 18.513299049432586 ], [ -97.061310718271542, 18.517834348070298 ], [ -97.061145998466429, 18.520855617222626 ] ] ] } },
{ "type": "Feature", "properties": { "cve_loc": "301640001", "nom_loc": "Teocelo", "consultorios_faltantes": 0.7 }, "geometry": { "type": "Polygon", "coordinates": [ [ [ -96.974470398709713, 19.391834251760983 ], [ -96.973221739574257, 19.38521050274154 ], [ -96.979507867795419, 19.382206873810471 ], [ -96.983176246474045, 19.382938593116659 ], [ -96.982392386895498, 19.391061071113363 ], [ -96.979857227076693, 19.389988471537446 ], [ -96.979484897431988, 19.392320851097935 ], [ -96.976509187894976, 19.391036021483522 ], [ -96.974470398709713, 19.391834251760983 ] ] ] } },
{ "type": "Feature", "properties": { "cve_loc": "301680001", "nom_loc": "Tequila", "consultorios_faltantes": 0.0 }, "geometry": { "type": "Polygon", "coordinates": [ [ [ -97.069953263001111, 18.738598960985232 ], [ -97.065015577160864, 18.734184086744403 ], [ -97.062845747979907, 18.729527977861977 ], [ -97.06177260870129, 18.720970036249437 ], [ -97.066249246982352, 18.719754050360489 ], [ -97.071290565278204, 18.724802708989472 ], [ -97.070031875605125, 18.725599609151036 ], [ -97.070546136277287, 18.727569398581771 ], [ -97.069098966472609, 18.727113858807527 ], [ -97.068768246292194, 18.730133277906472 ], [ -97.075408914719304, 18.736136196210953 ], [ -97.074734804355032, 18.737710745811619 ], [ -97.069953263001111, 18.738598960985232 ] ] ] } },
{ "type": "Feature", "properties": { "cve_loc": "301720001", "nom_loc": "Texistepec", "consultorios_faltantes": 0.0 }, "geometry": { "type": "Polygon", "coordinates": [ [ [ -94.821052461326687, 17.889733311437791 ], [ -94.818341171859174, 17.899836008981485 ], [ -94.815842882908385, 17.899296249945404 ], [ -94.816423152261521, 17.889597741500445 ], [ -94.821052461326687, 17.889733311437791 ] ] ] } },
{ "type": "Feature", "properties": { "cve_loc": "301740001", "nom_loc": "Tierra Blanca", "consultorios_faltantes": 0.2 }, "geometry": { "type": "Polygon", "coordinates": [ [ [ -96.354083557583351, 18.437268778746226 ], [ -96.356540656955943, 18.435711128579293 ], [ -96.360328355105807, 18.437636447013119 ], [ -96.362430754536675, 18.43581371881077 ], [ -96.362014575294012, 18.433492897949183 ], [ -96.36993794306278, 18.438235516489335 ], [ -96.367061284338831, 18.441176376741986 ], [ -96.36644183349992, 18.43997204802773 ], [ -96.36266863515992, 18.439910186476606 ], [ -96.36069071610612, 18.441818926074937 ], [ -96.354083557583351, 18.437268778746226 ] ] ] } },
{ "type": "Feature", "properties": { "cve_loc": "301750075", "nom_loc": "Totolapa", "consultorios_faltantes": 0.1 }, "geometry": { "type": "Polygon", "coordinates": [ [ [ -97.48217845583595, 20.563244942281464 ], [ -97.473243394256443, 20.565593261339984 ], [ -97.475042567385074, 20.558118711745504 ], [ -97.484525744621834, 20.557502892005207 ], [ -97.486230136716756, 20.563041698595097 ], [ -97.483672284058215, 20.560683238439516 ], [ -97.48217845583595, 20.563244942281464 ] ] ] } },
{ "type": "Feature", "properties": { "cve_loc": "301820015", "nom_loc": "Guadalupe Victoria", "consultorios_faltantes": 0.5 }, "geometry": { "type": "Polygon", "coordinates": [ [ [ -96.956523361912048, 19.55762843235377 ], [ -96.957319792237399, 19.550916553445919 ], [ -96.958882832185211, 19.551075754106829 ], [ -96.961125871423278, 19.555356412397732 ], [ -96.958712072712387, 19.555451752698499 ], [ -96.956523361912048, 19.55762843235377 ] ] ] } },
{ "type": "Feature", "properties": { "cve_loc": "301830001", "nom_loc": "Tlapacoyan", "consultorios_faltantes": 0.2 }, "geometry": { "type": "Polygon", "coordinates": [ [ [ -97.214516166131787, 19.966479308010605 ], [ -97.215351185421838, 19.966031218902135 ], [ -97.212051215367282, 19.962569418403262 ], [ -97.215497764630001, 19.960725628596826 ], [ -97.214179166056255, 19.95826489013205 ], [ -97.218371765200075, 19.955362460027125 ], [ -97.219716192635119, 19.957213299893841 ], [ -97.217539354418875, 19.961836389312673 ], [ -97.220407294351887, 19.96280719849219 ], [ -97.219015355248914, 19.964623558475086 ], [ -97.214516166131787, 19.966479308010605 ] ] ] } },
{ "type": "Feature", "properties": { "cve_loc": "301830023", "nom_loc": "La Palmilla", "consultorios_faltantes": 0.0 }, "geometry": { "type": "Polygon", "coordinates": [ [ [ -97.146446262584348, 20.024043374650066 ], [ -97.14817858173295, 20.022745523986107 ], [ -97.142284803533343, 20.014434465886367 ], [ -97.149666401604222, 20.014127622183569 ], [ -97.153848779724385, 20.020934295175085 ], [ -97.147527896401201, 20.025195260100908 ], [ -97.146446262584348, 20.024043374650066 ] ] ] } },
{ "type": "Feature", "properties": { "cve_loc": "301850001", "nom_loc": "Tlilapan", "consultorios_faltantes": 0.4 }, "geometry": { "type": "Polygon", "coordinates": [ [ [ -97.091355960298543, 18.812686028763139 ], [ -97.090674249691276, 18.804915760870593 ], [ -97.099512968741394, 18.801606810999836 ], [ -97.101460586994222, 18.797437265051098 ], [ -97.108297965829848, 18.800871550862936 ], [ -97.103180907170668, 18.806693919567333 ], [ -97.095561438215029, 18.812228319714251 ], [ -97.091355960298543, 18.812686028763139 ] ] ] } },
{ "type": "Feature", "properties": { "cve_loc": "301890001", "nom_loc": "Túxpam de Rodríguez Cano", "consultorios_faltantes": 0.3 }, "geometry": { "type": "Polygon", "coordinates": [ [ [ -97.412305149982032, 20.958080729901454 ], [ -97.415923558852072, 20.964134888351328 ], [ -97.407563710747013, 20.966069998125832 ], [ -97.408419310981216, 20.957345189917621 ], [ -97.412305149982032, 20.958080729901454 ] ] ] } },
{ "type": "Feature", "properties": { "cve_loc": "301890005", "nom_loc": "Alto Lucero", "consultorios_faltantes": 0.7 }, "geometry": { "type": "Polygon", "coordinates": [ [ [ -97.431760471335551, 20.959753030010653 ], [ -97.424807776262895, 20.956537200404419 ], [ -97.426550985893954, 20.954289131226659 ], [ -97.42842315580846, 20.955306630820733 ], [ -97.435322004435633, 20.954051280698948 ], [ -97.435567003454949, 20.95501188039162 ], [ -97.436043632501068, 20.953624050873429 ], [ -97.43977441336456, 20.954357771969406 ], [ -97.442519552048296, 20.959967659776979 ], [ -97.432422233376087, 20.961940359228869 ], [ -97.431760471335551, 20.959753030010653 ] ] ] } },
{ "type": "Feature", "properties": { "cve_loc": "301930060", "nom_loc": "Las Amapolas", "consultorios_faltantes": 0.0 }, "geometry": { "type": "Polygon", "coordinates": [ [ [ -96.19587322628999, 19.153631380800796 ], [ -96.197233100595298, 19.150292266984032 ], [ -96.195517387463553, 19.147727237418305 ], [ -96.196862985907913, 19.145850527416975 ], [ -96.200643026072854, 19.150088807095585 ], [ -96.201627025478913, 19.152683926389702 ], [ -96.200011356140621, 19.152962476180893 ], [ -96.202213755177539, 19.155094245824007 ], [ -96.19587322628999, 19.153631380800796 ] ] ] } },
{ "type": "Feature", "properties": { "cve_loc": "301930087", "nom_loc": "Valente Díaz", "consultorios_faltantes": 0.1 }, "geometry": { "type": "Polygon", "coordinates": [ [ [ -96.218311950738425, 19.173613061283085 ], [ -96.220278070520791, 19.168151072701718 ], [ -96.222466270063364, 19.169042872397682 ], [ -96.222875330128559, 19.172682571256725 ], [ -96.22624385802439, 19.173974230707174 ], [ -96.225411748599768, 19.175991140048765 ], [ -96.222534728944765, 19.175504721640465 ], [ -96.221435860058634, 19.178074719971825 ], [ -96.218827460755179, 19.177595469755779 ], [ -96.21951815121011, 19.173804301025623 ], [ -96.218311950738425, 19.173613061283085 ] ] ] } },
{ "type": "Feature", "properties": { "cve_loc": "301930157", "nom_loc": "Río Medio [Granja]", "consultorios_faltantes": 0.2 }, "geometry": { "type": "Polygon", "coordinates": [ [ [ -96.213306105233073, 19.209566321127653 ], [ -96.212907869372955, 19.212072819014171 ], [ -96.210029424106537, 19.211823186824567 ], [ -96.209425492354299, 19.214786621464071 ], [ -96.206931043850616, 19.214233762527449 ], [ -96.206340294209738, 19.204708283472392 ], [ -96.211099552248228, 19.205335113028323 ], [ -96.210264356600632, 19.210351996279559 ], [ -96.213306105233073, 19.209566321127653 ] ] ] } },
{ "type": "Feature", "properties": { "cve_loc": "301930217", "nom_loc": "Fraccionamiento Geovillas los Pinos", "consultorios_faltantes": 0.5 }, "geometry": { "type": "Polygon", "coordinates": [ [ [ -96.224502958787014, 19.210769083173734 ], [ -96.229233267488084, 19.210178943030698 ], [ -96.229288206768672, 19.216813262000656 ], [ -96.224861299600846, 19.216793620872632 ], [ -96.222645960986895, 19.2082902581921 ], [ -96.224381895100365, 19.208089221353944 ], [ -96.224502958787014, 19.210769083173734 ] ] ] } },
{ "type": "Feature", "properties": { "cve_loc": "301930222", "nom_loc": "Fraccionamiento Costa Dorada", "consultorios_faltantes": 0.5 }, "geometry": { "type": "Polygon", "coordinates": [ [ [ -96.215012386946995, 19.213061052726129 ], [ -96.215564871627237, 19.203466234147573 ], [ -96.218409165112334, 19.203784510952627 ], [ -96.217904810549044, 19.21220483255648 ], [ -96.215012386946995, 19.213061052726129 ] ] ] } },
{ "type": "Feature", "properties": { "cve_loc": "301930223", "nom_loc": "Fraccionamiento el Campanario", "consultorios_faltantes": 0.6 }, "geometry": { "type": "Polygon", "coordinates": [ [ [ -96.218409165112334, 19.203784510952627 ], [ -96.222042109668479, 19.203907115154603 ], [ -96.222179319755881, 19.208716433835825 ], [ -96.217764551519366, 19.212118222970229 ], [ -96.218409165112334, 19.203784510952627 ] ] ] } },
{ "type": "Feature", "properties": { "cve_loc": "301930228", "nom_loc": "Colinas de Santa Fe", "consultorios_faltantes": 0.3 }, "geometry": { "type": "Polygon", "coordinates": [ [ [ -96.247147343217449, 19.231305767270975 ], [ -96.240655235214945, 19.224947538501386 ], [ -96.237342315847457, 19.224126159303612 ], [ -96.237703116430083, 19.223544019067781 ], [ -96.242608294554586, 19.222312049492576 ], [ -96.247147343217449, 19.231305767270975 ] ] ] } },
{ "type": "Feature", "properties": { "cve_loc": "301930230", "nom_loc": "Lomas de Río Medio Cuatro", "consultorios_faltantes": 1.8 }, "geometry": { "type": "Polygon", "coordinates": [ [ [ -96.208939642535967, 19.194822377165483 ], [ -96.207584509798906, 19.193928083236731 ], [ -96.21298167130827, 19.185287178111832 ], [ -96.214219766283421, 19.185392363277284 ], [ -96.215315427686321, 19.186630810474178 ], [ -96.208005722794226, 19.198589114922012 ], [ -96.208939642535967, 19.194822377165483 ] ] ] } },
{ "type": "Feature", "properties": { "cve_loc": "301930231", "nom_loc": "Los Torrentes", "consultorios_faltantes": 2.7 }, "geometry": { "type": "Polygon", "coordinates": [ [ [ -96.215282731950523, 19.20534439356042 ], [ -96.206340294209738, 19.204708283472392 ], [ -96.206223754395495, 19.201522435333157 ], [ -96.208150280848159, 19.198591585803744 ], [ -96.215982500285691, 19.200023265973275 ], [ -96.215282731950523, 19.20534439356042 ] ] ] } },
{ "type": "Feature", "properties": { "cve_loc": "301930232", "nom_loc": "Oasis", "consultorios_faltantes": 0.8 }, "geometry": { "type": "Polygon", "coordinates": [ [ [ -96.215564871627237, 19.203466234147573 ], [ -96.216076181131712, 19.199349715282306 ], [ -96.222950500304293, 19.20015828489446 ], [ -96.221887989268311, 19.203895960792238 ], [ -96.215564871627237, 19.203466234147573 ] ] ] } },
{ "type": "Feature", "properties": { "cve_loc": "301990001", "nom_loc": "Zaragoza", "consultorios_faltantes": 1.7 }, "geometry": { "type": "Polygon", "coordinates": [ [ [ -94.648586826428684, 17.96331275337015 ], [ -94.6455205071791, 17.96148279416192 ], [ -94.642154248342408, 17.962685183177083 ], [ -94.641070828942119, 17.958074695190344 ], [ -94.635844619894442, 17.953642865664591 ], [ -94.641476727640821, 17.952040725655522 ], [ -94.640774758376594, 17.947189157018492 ], [ -94.642955157773784, 17.948869237734737 ], [ -94.643411797990993, 17.947025617379193 ], [ -94.651694935929569, 17.952475475984663 ], [ -94.64904061554104, 17.953990135143979 ], [ -94.652314824235503, 17.957419584930193 ], [ -94.648520226821432, 17.957807844843742 ], [ -94.648586826428684, 17.96331275337015 ] ] ] } },
{ "type": "Feature", "properties": { "cve_loc": "302030001", "nom_loc": "Zozocolco de Hidalgo", "consultorios_faltantes": 0.3 }, "geometry": { "type": "Polygon", "coordinates": [ [ [ -97.569826266562458, 20.146737387263325 ], [ -97.570688016317419, 20.14269612883713 ], [ -97.572499325019677, 20.141617219082828 ], [ -97.572005925851073, 20.137655499677575 ], [ -97.578894634260081, 20.134002050536395 ], [ -97.581670093129617, 20.135226410323934 ], [ -97.582903403335592, 20.133897160597375 ], [ -97.581110973323007, 20.141699929059811 ], [ -97.577084844161035, 20.145301728054356 ], [ -97.569826266562458, 20.146737387263325 ] ] ] } },
{ "type": "Feature", "properties": { "cve_loc": "302090001", "nom_loc": "Tatahuicapan", "consultorios_faltantes": 0.0 }, "geometry": { "type": "Polygon", "coordinates": [ [ [ -94.763518846771433, 18.252680941920261 ], [ -94.760545187432896, 18.250226712945697 ], [ -94.762765585598245, 18.245445124467661 ], [ -94.762096845793664, 18.24184802468114 ], [ -94.763476396876342, 18.240752745071632 ], [ -94.766861645705362, 18.241590965085372 ], [ -94.76719001593051, 18.243922723692727 ], [ -94.763518846771433, 18.252680941920261 ] ] ] } },
{ "type": "Feature", "properties": { "cve_loc": "310020001", "nom_loc": "Acanceh", "consultorios_faltantes": 0.7 }, "geometry": { "type": "Polygon", "coordinates": [ [ [ -89.463865850345556, 20.822387365655178 ], [ -89.46028007971583, 20.822448387356754 ], [ -89.457832546919192, 20.820312185945852 ], [ -89.457088303350886, 20.821931942927996 ], [ -89.451738972609732, 20.821330818013301 ], [ -89.456880210975982, 20.799603176106512 ], [ -89.458490983060599, 20.800000097185624 ], [ -89.457344572661071, 20.804093860957114 ], [ -89.460823795519161, 20.804795457273642 ], [ -89.459944815185182, 20.808165567147064 ], [ -89.461876178834103, 20.808128250079896 ], [ -89.462916415953828, 20.811864203654995 ], [ -89.472838593128913, 20.810693929382541 ], [ -89.471340886645493, 20.820264988934298 ], [ -89.463938513787298, 20.818668297374408 ], [ -89.468691950916153, 20.827920056713047 ], [ -89.466887156361324, 20.828110131158358 ], [ -89.463865850345556, 20.822387365655178 ] ] ] } },
{ "type": "Feature", "properties": { "cve_loc": "310130001", "nom_loc": "Conkal", "consultorios_faltantes": 0.2 }, "geometry": { "type": "Polygon", "coordinates": [ [ [ -89.51962710505282, 21.07348632999615 ], [ -89.519788193676334, 21.058767136864176 ], [ -89.522470284776404, 21.059387616692032 ], [ -89.52447161721031, 21.056739403660938 ], [ -89.52897567961746, 21.057392153871152 ], [ -89.530401891234334, 21.058815272069587 ], [ -89.525770407138126, 21.063645992979325 ], [ -89.532321057994736, 21.065162556182909 ], [ -89.531850309764806, 21.070918548213609 ], [ -89.52912087856096, 21.07051189472395 ], [ -89.529263072793654, 21.076707460405895 ], [ -89.527242273348747, 21.075957059679027 ], [ -89.527632745856792, 21.072950912399143 ], [ -89.526031473065331, 21.072769961191426 ], [ -89.525850054115153, 21.074251520134808 ], [ -89.51962710505282, 21.07348632999615 ] ] ] } },
{ "type": "Feature", "properties": { "cve_loc": "310190001", "nom_loc": "Chemax", "consultorios_faltantes": 0.5 }, "geometry": { "type": "Polygon", "coordinates": [ [ [ -87.938104280686616, 20.66606530374883 ], [ -87.938089463651295, 20.659977250107552 ], [ -87.936565664625988, 20.660277050301865 ], [ -87.937509695113704, 20.651799612518118 ], [ -87.939693634817061, 20.653607081022233 ], [ -87.942569329092663, 20.65226789169315 ], [ -87.942346121899149, 20.655150210121484 ], [ -87.944388580920176, 20.655380501347771 ], [ -87.944053611777989, 20.65657838027197 ], [ -87.942052181031073, 20.656244439471951 ], [ -87.942478651653872, 20.659040269447964 ], [ -87.945600370883668, 20.658427449360207 ], [ -87.945526068727688, 20.660633780862483 ], [ -87.942565634017313, 20.663230179511757 ], [ -87.939532174080398, 20.663325418185817 ], [ -87.938104280686616, 20.66606530374883 ] ] ] } },
{ "type": "Feature", "properties": { "cve_loc": "310210001", "nom_loc": "Chichimilá", "consultorios_faltantes": 0.3 }, "geometry": { "type": "Polygon", "coordinates": [ [ [ -88.214410171968836, 20.639060581260747 ], [ -88.218811015495035, 20.622483780942844 ], [ -88.215546620257612, 20.622477673295688 ], [ -88.214864071334972, 20.620022475952471 ], [ -88.22626166985016, 20.618768064764886 ], [ -88.224463968680894, 20.623916252428533 ], [ -88.2284470341381, 20.622220481695408 ], [ -88.229637722403552, 20.625384621111817 ], [ -88.226042042535454, 20.629368223584656 ], [ -88.229320487672965, 20.62897360284768 ], [ -88.228871092947529, 20.631254561600741 ], [ -88.225417466980943, 20.63036288452745 ], [ -88.224864515058044, 20.632379905940336 ], [ -88.223628304378607, 20.632129874457995 ], [ -88.225026231183932, 20.634222536107735 ], [ -88.224088669303342, 20.636202282942769 ], [ -88.221475413993588, 20.634771859389492 ], [ -88.220698221418459, 20.636449149393219 ], [ -88.214410171968836, 20.639060581260747 ] ] ] } },
{ "type": "Feature", "properties": { "cve_loc": "310380001", "nom_loc": "Hunucmá", "consultorios_faltantes": 0.4 }, "geometry": { "type": "Polygon", "coordinates": [ [ [ -89.875035469048896, 21.023337806777469 ], [ -89.87766915744902, 21.014892169218946 ], [ -89.887798044770463, 21.017554478984284 ], [ -89.88911581399212, 21.021571117341662 ], [ -89.886194695647589, 21.02311267674143 ], [ -89.883005586753384, 21.020901337563021 ], [ -89.88261577710243, 21.022251027646039 ], [ -89.880376206487639, 21.021723907061695 ], [ -89.879587698160293, 21.02437824721115 ], [ -89.875035469048896, 21.023337806777469 ] ] ] } },
{ "type": "Feature", "properties": { "cve_loc": "310400001", "nom_loc": "Izamal", "consultorios_faltantes": 0.3 }, "geometry": { "type": "Polygon", "coordinates": [ [ [ -89.029134381562955, 20.927089248240364 ], [ -89.028356480178545, 20.929989092371184 ], [ -89.029627301080424, 20.930049552142659 ], [ -89.029791129957701, 20.935116270835504 ], [ -89.025576151183159, 20.934226790907285 ], [ -89.024179961937989, 20.941442948995402 ], [ -89.018881763372875, 20.941309319724937 ], [ -89.022034513419982, 20.925253133253907 ], [ -89.023611933256134, 20.925587642278906 ], [ -89.023243612107763, 20.927755982724833 ], [ -89.026990040838015, 20.928568863031028 ], [ -89.029134381562955, 20.927089248240364 ] ] ] } },
{ "type": "Feature", "properties": { "cve_loc": "310480001", "nom_loc": "Maxcanú", "consultorios_faltantes": 0.1 }, "geometry": { "type": "Polygon", "coordinates": [ [ [ -89.993917349701192, 20.595782981785845 ], [ -89.994977435841705, 20.593700741063987 ], [ -89.986965013191224, 20.593882645571469 ], [ -89.984188274203063, 20.591215446276003 ], [ -89.985074454082863, 20.589240716430517 ], [ -89.98311079427809, 20.587571137083227 ], [ -89.993792922069872, 20.58462488758687 ], [ -90.001943779274697, 20.58518827778785 ], [ -90.0019348987678, 20.595447026603619 ], [ -89.9985363802964, 20.593857476078909 ], [ -89.998792031383829, 20.597645742847451 ], [ -89.993917349701192, 20.595782981785845 ] ] ] } },
{ "type": "Feature", "properties": { "cve_loc": "310500084", "nom_loc": "Cholul", "consultorios_faltantes": 0.2 }, "geometry": { "type": "Polygon", "coordinates": [ [ [ -89.556026875563674, 21.045689647451585 ], [ -89.556917047922326, 21.038427105058926 ], [ -89.558514043830172, 21.038565910120951 ], [ -89.558858364583628, 21.036489701237052 ], [ -89.564332613611825, 21.033711711025784 ], [ -89.567236902058227, 21.034961501824576 ], [ -89.565778483483783, 21.037753696299674 ], [ -89.568689211168561, 21.040277539444126 ], [ -89.568539406972562, 21.042068164910518 ], [ -89.567105677057128, 21.041803946966358 ], [ -89.567467982696684, 21.045314107947831 ], [ -89.556026875563674, 21.045689647451585 ] ] ] } },
{ "type": "Feature", "properties": { "cve_loc": "310500111", "nom_loc": "San José Tzal", "consultorios_faltantes": 0.5 }, "geometry": { "type": "Polygon", "coordinates": [ [ [ -89.658890819642863, 20.833107823034108 ], [ -89.659522380319089, 20.829404213746109 ], [ -89.657903880457326, 20.826882444814988 ], [ -89.656670710183576, 20.826716784892149 ], [ -89.656061669652686, 20.830510452670101 ], [ -89.650535471981996, 20.830931753436666 ], [ -89.650604552171899, 20.821297979721429 ], [ -89.64597081778534, 20.820175408219811 ], [ -89.646207506150986, 20.818776786241227 ], [ -89.649029844749577, 20.819484108957756 ], [ -89.649513524933283, 20.817686357287133 ], [ -89.651996161736477, 20.818362586718486 ], [ -89.652529780817545, 20.81510581156844 ], [ -89.656727929626726, 20.818728415982381 ], [ -89.66313258901458, 20.816321586831751 ], [ -89.666310018762019, 20.817585326324888 ], [ -89.667383727737374, 20.819909295555263 ], [ -89.665910357317031, 20.824670024927826 ], [ -89.6681657566197, 20.825946415309016 ], [ -89.665456508157376, 20.826797844676612 ], [ -89.665399267901108, 20.8284027642908 ], [ -89.661076776603181, 20.826273588369261 ], [ -89.661123739219192, 20.833524441829589 ], [ -89.658890819642863, 20.833107823034108 ] ] ] } },
{ "type": "Feature", "properties": { "cve_loc": "310520001", "nom_loc": "Motul de Carrillo Puerto", "consultorios_faltantes": 0.1 }, "geometry": { "type": "Polygon", "coordinates": [ [ [ -89.290796737763557, 21.100960281938331 ], [ -89.284130309489171, 21.100591481503209 ], [ -89.284637919258373, 21.091777033107729 ], [ -89.287840678145429, 21.091925284080126 ], [ -89.287735107393786, 21.093426523585961 ], [ -89.292457035817378, 21.093067853639702 ], [ -89.292381577084726, 21.095103313732352 ], [ -89.294333946910029, 21.095206402757292 ], [ -89.294420476863678, 21.099685511570218 ], [ -89.290796737763557, 21.100960281938331 ] ] ] } },
{ "type": "Feature", "properties": { "cve_loc": "310560001", "nom_loc": "Oxkutzcab", "consultorios_faltantes": 0.1 }, "geometry": { "type": "Polygon", "coordinates": [ [ [ -89.421089256424295, 20.317311037909366 ], [ -89.423966459885293, 20.309185354251699 ], [ -89.422190289375152, 20.308622183668405 ], [ -89.423683230027507, 20.304592805864583 ], [ -89.436918245048659, 20.309184444967233 ], [ -89.435944930268704, 20.310689069849946 ], [ -89.440205013860691, 20.313555568673507 ], [ -89.438614175907645, 20.314605552870834 ], [ -89.435114226019735, 20.311748523617716 ], [ -89.434578115185957, 20.313140191352652 ], [ -89.427993048641412, 20.311078263556695 ], [ -89.429915306561, 20.317069323429745 ], [ -89.425318340944045, 20.318542028803609 ], [ -89.421089256424295, 20.317311037909366 ] ] ] } },
{ "type": "Feature", "properties": { "cve_loc": "310590001", "nom_loc": "Progreso", "consultorios_faltantes": 0.3 }, "geometry": { "type": "Polygon", "coordinates": [ [ [ -89.673078391060216, 21.276919077363353 ], [ -89.677470092639851, 21.27708090296672 ], [ -89.678131628852611, 21.283102100407383 ], [ -89.673932520717997, 21.283925959194804 ], [ -89.673078391060216, 21.276919077363353 ] ] ] } },
{ "type": "Feature", "properties": { "cve_loc": "310590026", "nom_loc": "Campestre Flamboyanes", "consultorios_faltantes": 0.0 }, "geometry": { "type": "Polygon", "coordinates": [ [ [ -89.659946444768423, 21.212752037441259 ], [ -89.659312445085959, 21.206808627972062 ], [ -89.664166773503936, 21.206807118641269 ], [ -89.661975220334213, 21.212745077142994 ], [ -89.659946444768423, 21.212752037441259 ] ] ] } },
{ "type": "Feature", "properties": { "cve_loc": "310670001", "nom_loc": "Seyé", "consultorios_faltantes": 0.4 }, "geometry": { "type": "Polygon", "coordinates": [ [ [ -89.377620605547719, 20.837108318815204 ], [ -89.364407690111378, 20.835316989892753 ], [ -89.355301803069523, 20.830791191341213 ], [ -89.355479471300228, 20.829850144794218 ], [ -89.358902061184438, 20.831639250165917 ], [ -89.359173894670278, 20.829804749238111 ], [ -89.363645880729578, 20.829971848048505 ], [ -89.363843201400826, 20.827659217327334 ], [ -89.367323590068395, 20.82550205084598 ], [ -89.37281952810558, 20.82675316108401 ], [ -89.373344748859864, 20.825405494721174 ], [ -89.374153407679159, 20.827378251220988 ], [ -89.376657615898978, 20.827731021559337 ], [ -89.376840206604541, 20.826447883003226 ], [ -89.380988070632213, 20.826396641734892 ], [ -89.382584154989388, 20.834984889016301 ], [ -89.377620605547719, 20.837108318815204 ] ] ] } },
{ "type": "Feature", "properties": { "cve_loc": "310760001", "nom_loc": "Tecoh", "consultorios_faltantes": 0.4 }, "geometry": { "type": "Polygon", "coordinates": [ [ [ -89.483387697720744, 20.76049458648037 ], [ -89.478264144771757, 20.752578977527733 ], [ -89.472135174653744, 20.752730052410566 ], [ -89.471235352031613, 20.755894038627858 ], [ -89.469548533511542, 20.755490519978185 ], [ -89.470882254157644, 20.747694534950423 ], [ -89.463822980784968, 20.747375065139593 ], [ -89.461893048213227, 20.746034533788006 ], [ -89.462382515314147, 20.738968190210109 ], [ -89.469010782606802, 20.74237723285249 ], [ -89.473497491248921, 20.742748434138253 ], [ -89.473420871186079, 20.744172893829521 ], [ -89.489136070780759, 20.746376608463589 ], [ -89.489015481377223, 20.749301704037528 ], [ -89.482927011394111, 20.747892010251324 ], [ -89.480875154210878, 20.756220877573874 ], [ -89.484220478568034, 20.760437467523115 ], [ -89.484881904095886, 20.759171689099478 ], [ -89.48537641045759, 20.760125011036308 ], [ -89.484665250493919, 20.761285590753126 ], [ -89.483387697720744, 20.76049458648037 ] ] ] } },
{ "type": "Feature", "properties": { "cve_loc": "310800001", "nom_loc": "Tekit", "consultorios_faltantes": 0.2 }, "geometry": { "type": "Polygon", "coordinates": [ [ [ -89.346479145803102, 20.541837494866765 ], [ -89.33176193319494, 20.535866164346054 ], [ -89.337394390089045, 20.526373836270167 ], [ -89.338514301388898, 20.527107256507648 ], [ -89.337799741412752, 20.529445055774449 ], [ -89.341108309373737, 20.529830140714495 ], [ -89.343052588831782, 20.533502950874826 ], [ -89.342620248129393, 20.53896272548559 ], [ -89.346873341617282, 20.540868685494388 ], [ -89.346479145803102, 20.541837494866765 ] ] ] } },
{ "type": "Feature", "properties": { "cve_loc": "310890001", "nom_loc": "Ticul", "consultorios_faltantes": 0.3 }, "geometry": { "type": "Polygon", "coordinates": [ [ [ -89.54923542302042, 20.408514428387857 ], [ -89.547064275340347, 20.389317938627929 ], [ -89.551682932409719, 20.390642137913833 ], [ -89.551343945502424, 20.39325788657791 ], [ -89.55380660078049, 20.393619343899012 ], [ -89.553297899395744, 20.392702608747264 ], [ -89.556685515675738, 20.391395584941591 ], [ -89.55727145219096, 20.389458128805089 ], [ -89.559607596862293, 20.392202186763246 ], [ -89.560283197989875, 20.396854871698885 ], [ -89.557553482986904, 20.39856217926128 ], [ -89.555260512198487, 20.397817468196667 ], [ -89.54923542302042, 20.408514428387857 ] ] ] } },
{ "type": "Feature", "properties": { "cve_loc": "310930001", "nom_loc": "Tixkokob", "consultorios_faltantes": 0.0 }, "geometry": { "type": "Polygon", "coordinates": [ [ [ -89.39108597160245, 21.015590243631848 ], [ -89.393397630688654, 21.002577106912966 ], [ -89.404881517280515, 21.003664166891514 ], [ -89.40538237690383, 21.010093135435387 ], [ -89.40664107690931, 21.010228505271009 ], [ -89.39108597160245, 21.015590243631848 ] ] ] } },
{ "type": "Feature", "properties": { "cve_loc": "310960001", "nom_loc": "Tizimín", "consultorios_faltantes": 0.4 }, "geometry": { "type": "Polygon", "coordinates": [ [ [ -88.147709391282504, 21.151815055693898 ], [ -88.148570570928769, 21.142971598357633 ], [ -88.150395740404861, 21.141910288600865 ], [ -88.152824679737051, 21.143591697776426 ], [ -88.152564319508755, 21.14484348707435 ], [ -88.158679717749052, 21.147263056817682 ], [ -88.156753388786228, 21.152729655634381 ], [ -88.153971088927975, 21.152458515427895 ], [ -88.154356949438437, 21.153910465122333 ], [ -88.147709391282504, 21.151815055693898 ] ] ] } },
{ "type": "Feature", "properties": { "cve_loc": "311010001", "nom_loc": "Umán", "consultorios_faltantes": 1.2 }, "geometry": { "type": "Polygon", "coordinates": [ [ [ -89.762966640809537, 20.89363687932503 ], [ -89.750394454345852, 20.885978810824497 ], [ -89.75496461300051, 20.882806111216567 ], [ -89.753683913488373, 20.876980151898636 ], [ -89.760179485447722, 20.874303653178941 ], [ -89.763004900308701, 20.875393532250346 ], [ -89.75912318108864, 20.881331692043727 ], [ -89.76022270149636, 20.88274441115146 ], [ -89.762270821129519, 20.882559771704095 ], [ -89.761867034497371, 20.886642535650182 ], [ -89.759497362434686, 20.88817005925322 ], [ -89.762966640809537, 20.89363687932503 ] ] ] } },
{ "type": "Feature", "properties": { "cve_loc": "311020001", "nom_loc": "Valladolid", "consultorios_faltantes": 0.2 }, "geometry": { "type": "Polygon", "coordinates": [ [ [ -88.197820873129629, 20.68442984547405 ], [ -88.198111072626645, 20.688484094726224 ], [ -88.191913653994348, 20.687986345154574 ], [ -88.191020644038602, 20.689303635416529 ], [ -88.187177109239059, 20.68621654979788 ], [ -88.186472276325645, 20.682684835427445 ], [ -88.187199336242386, 20.680590036682833 ], [ -88.192805314534425, 20.684019525871545 ], [ -88.197820873129629, 20.68442984547405 ] ] ] } },
{ "type": "Feature", "properties": { "cve_loc": "320050001", "nom_loc": "Víctor Rosales", "consultorios_faltantes": 0.2 }, "geometry": { "type": "Polygon", "coordinates": [ [ [ -102.708909800228597, 22.948995650351254 ], [ -102.705560520164696, 22.951962989694056 ], [ -102.696858212555611, 22.942842552232591 ], [ -102.699612292977903, 22.942109561112595 ], [ -102.703543342524668, 22.944349350899593 ], [ -102.706321510090902, 22.941901302822682 ], [ -102.710132259538881, 22.94577033053659 ], [ -102.708299691479198, 22.94745101158745 ], [ -102.708909800228597, 22.948995650351254 ] ] ] } },
{ "type": "Feature", "properties": { "cve_loc": "320240001", "nom_loc": "Loreto", "consultorios_faltantes": 0.0 }, "geometry": { "type": "Polygon", "coordinates": [ [ [ -101.987999828255937, 22.274042441852206 ], [ -101.991403237482913, 22.266342413241894 ], [ -101.993485296088281, 22.26722660333736 ], [ -101.994522326651122, 22.270882632931997 ], [ -101.992554497134932, 22.276059541087079 ], [ -101.987999828255937, 22.274042441852206 ] ] ] } },
{ "type": "Feature", "properties": { "cve_loc": "320570001", "nom_loc": "Trancoso", "consultorios_faltantes": 0.0 }, "geometry": { "type": "Polygon", "coordinates": [ [ [ -102.358223159612393, 22.733107576488877 ], [ -102.359681763119895, 22.732335067637273 ], [ -102.365186978224614, 22.734466881078408 ], [ -102.370488913529101, 22.734086324426737 ], [ -102.368172404873121, 22.734934609279446 ], [ -102.365523454900796, 22.739494988071453 ], [ -102.361248480456396, 22.740545835895784 ], [ -102.358223159612393, 22.733107576488877 ] ] ] } },
{ "type": "Feature", "properties": { "cve_loc": "040010007", "nom_loc": "Dzitbalché", "consultorios_faltantes": 1.3 }, "geometry": { "type": "Polygon", "coordinates": [ [ [ -90.044087000794789, 20.329393096834881 ], [ -90.046738048829354, 20.315674454838771 ], [ -90.061921626370705, 20.320562976963195 ], [ -90.062272729920579, 20.329479845707176 ], [ -90.049866730905919, 20.327197763778006 ], [ -90.044087000794789, 20.329393096834881 ] ] ] } },
{ "type": "Feature", "properties": { "cve_loc": "150110005", "nom_loc": "Zapotlán", "consultorios_faltantes": 0.6 }, "geometry": { "type": "Polygon", "coordinates": [ [ [ -98.905897887350463, 19.547769669957464 ], [ -98.902384228560635, 19.551350990343288 ], [ -98.900363218794212, 19.551076699431533 ], [ -98.900254518648012, 19.541179441932336 ], [ -98.895261620197843, 19.540299921734224 ], [ -98.892762921060665, 19.53693022217087 ], [ -98.902582647426541, 19.537193063549505 ], [ -98.901889827044471, 19.539390701310555 ], [ -98.898895761877569, 19.53860454164472 ], [ -98.905897887350463, 19.547769669957464 ] ] ] } },
{ "type": "Feature", "properties": { "cve_loc": "180060001", "nom_loc": "Ixtlán del Río", "consultorios_faltantes": 0.0 }, "geometry": { "type": "Polygon", "coordinates": [ [ [ -104.365051272298203, 21.043054017487467 ], [ -104.365352160832401, 21.03874190769184 ], [ -104.364342191102992, 21.038604888078392 ], [ -104.366720451925175, 21.031391338214966 ], [ -104.369816550167286, 21.031359939355184 ], [ -104.370791851168022, 21.037620658425045 ], [ -104.369695760524294, 21.040029937980769 ], [ -104.365051272298203, 21.043054017487467 ] ] ] } },
{ "type": "Feature", "properties": { "cve_loc": "203640001", "nom_loc": "Santa Catarina Juquila", "consultorios_faltantes": 0.3 }, "geometry": { "type": "Polygon", "coordinates": [ [ [ -97.291303340939251, 16.243369446002539 ], [ -97.28682948584698, 16.240560246390075 ], [ -97.28670807232966, 16.238519174280867 ], [ -97.282370911921248, 16.240626825925798 ], [ -97.280762102749151, 16.239952276112984 ], [ -97.280748933293125, 16.238988775799353 ], [ -97.283099563407646, 16.240100255305869 ], [ -97.285934482171001, 16.237410276556343 ], [ -97.287790421540663, 16.237813196284669 ], [ -97.28804042165099, 16.238425686105991 ], [ -97.288734561188221, 16.238535645772199 ], [ -97.290200871262257, 16.238153376122867 ], [ -97.289987811421696, 16.236263906368475 ], [ -97.293651070299489, 16.23613059663916 ], [ -97.295882900167015, 16.237932575908236 ], [ -97.295686309988824, 16.239328205903249 ], [ -97.293763099849158, 16.237903256045506 ], [ -97.29667613959019, 16.242073655456114 ], [ -97.291303340939251, 16.243369446002539 ] ] ] } },
{ "type": "Feature", "properties": { "cve_loc": "250090001", "nom_loc": "Escuinapa de Hidalgo", "consultorios_faltantes": 0.1 }, "geometry": { "type": "Polygon", "coordinates": [ [ [ -105.783897018013548, 22.838347739831597 ], [ -105.781431027886669, 22.825035902867548 ], [ -105.78324948815947, 22.823904852342103 ], [ -105.784091687726914, 22.827008622299186 ], [ -105.785514166720475, 22.827073342737677 ], [ -105.787984685861048, 22.830818472585253 ], [ -105.785327257036187, 22.832116701246527 ], [ -105.785804516146044, 22.833752850427434 ], [ -105.790924181570546, 22.83300375369409 ], [ -105.791372586013395, 22.834863190126143 ], [ -105.786339477162102, 22.835219931536546 ], [ -105.787608247366506, 22.836358730072412 ], [ -105.786698247716473, 22.838070939793759 ], [ -105.783897018013548, 22.838347739831597 ] ] ] } },
{ "type": "Feature", "properties": { "cve_loc": "270070001", "nom_loc": "Emiliano Zapata", "consultorios_faltantes": 0.1 }, "geometry": { "type": "Polygon", "coordinates": [ [ [ -91.765238959237976, 17.745293987436199 ], [ -91.766905688619005, 17.744088928349814 ], [ -91.763400759631367, 17.729461762434568 ], [ -91.772858037251552, 17.728005302291397 ], [ -91.769056557557548, 17.735878129890924 ], [ -91.770323520739765, 17.743477138201289 ], [ -91.765238959237976, 17.745293987436199 ] ] ] } }
]
}
